SLES-54604;!Qu? pasa Neng! El videojuego
SLPS-25527;.hack//Fragment
SLUS-21258;.hack//G.U. Vol.1 - Rebirth
SLUS-29199;.hack//G.U. Vol.1 - Rebirth
SLPS-25651;.hack//G.U. Vol.1 - Saitan
SLPS-25756;.hack//G.U. Vol.1 - Saitan [Bandai the Best]
SLPS-73259;.hack//G.U. Vol.1 - Saitan [PlayStation 2 the Best]
SLPS-25755;.hack//G.U. Vol.1 - Saitan [Welcome Price!!]
SLPS-25655;.hack//G.U. Vol.2 - Kimi Omou Koe
SLPS-73266;.hack//G.U. Vol.2 - Kimi Omou Koe [PlayStation 2 the Best]
SLUS-21488;.hack//G.U. Vol.2 - Reminisce
SLPS-25656;.hack//G.U. Vol.3 - Aruku Youna Hayasa de
SLPS-73267;.hack//G.U. Vol.3 - Aruku Youna Hayasa de [PlayStation 2 the Best]
SLUS-21489;.hack//G.U. Vol.3 - Redemption
SLKA-25080;.hack//Part 1 - Infection
SCES-52237;.hack//Part 1 - Infection
SLES-52237;.hack//Part 1 - Infection
SLUS-20267;.hack//Part 1 - Infection
SLUS-29042;.hack//Part 1 - Infection [Demo]
SLUS-28023;.hack//Part 1 - Infection [Trade Demo]
SLKA-25138;.hack//Part 2 - Mutation
SCES-52467;.hack//Part 2 - Mutation
SLES-52467;.hack//Part 2 - Mutation
SLUS-20562;.hack//Part 2 - Mutation
SLUS-29055;.hack//Part 2 - Mutation [Demo]
SLUS-28032;.hack//Part 2 - Mutation [Trade Demo]
SLKA-25145;.hack//Part 3 - Outbreak
SCES-52469;.hack//Part 3 - Outbreak
SLES-52469;.hack//Part 3 - Outbreak
SLUS-20563;.hack//Part 3 - Outbreak
SLUS-29065;.hack//Part 3 - Outbreak [Demo]
SCES-52468;.hack//Part 4 - Quarantine
SLES-52468;.hack//Part 4 - Quarantine
SLUS-20564;.hack//Part 4 - Quarantine
SLKA-25174;.hack//Part 4 - Quarantine
SLUS-29084;.hack//Part 4 - Quarantine [Demo]
SCPS-55029;.hack//Vol.1
SLPS-25121;.hack//Vol.1
SLPS-73230;.hack//Vol.1 & Vol.2 [PlayStation 2 The Best] [Vol.1 Disc]
SLPS-73231;.hack//Vol.1 & Vol.2 [PlayStation 2 The Best] [Vol.2 Disc]
SCPS-55042;.hack//Vol.2
SLPS-25143;.hack//Vol.2 - Mutation
SCAJ-20004;.hack//Vol.3
SLPS-25158;.hack//Vol.3 - Erosion Pollution
SLPS-73232;.hack//Vol.3 & Vol.4 [PlayStation 2 The Best] [Vol.3 Disc]
SLPS-73233;.hack//Vol.3 & Vol.4 [PlayStation 2 The Best] [Vol.4 Disc]
SCAJ-20024;.hack//Vol.4
SLPS-25202;.hack//Vol.4 - Zettai Houi
SLPM-55148;007 - Nagusame no Houshuu
SLPS-25203;007 - NightFire
SLES-51258;007 - NightFire [Platinum]
SLPM-65763;007 Goldeneye - Rogue Agent
SLES-52856;10 Most Wanted
SCES-53150;10 Pin - Champions' Alley
SLES-53150;10 Pin - Champions' Alley
SLPM-60262;10th Anniversary Memorial Save Data [Disc 2] [PS2 Taiou]
SLPM-60265;10th Anniversary PS1 and PS2 All-Soft Catalogue Special SaveData Collection
SLPM-65843;120-en no Haru - 120yen Stories
SLPM-66901;12Riven - The Psi-Climinal of Integral
CF00-15024;12Riven - The Psi-Climinal of Integral [Soundtrack Edition]
SCES-50214;18 Wheeler
SLES-50214;18 Wheeler
SLPM-62211;18 Wheeler
SCES-51214;18 Wheeler - American Pro Trucker
SLES-51214;18 Wheeler - American Pro Trucker
SLUS-20210;18 Wheeler - American Pro Trucker
SCES-52276;187 - Ride or Die
SLES-52276;187 - Ride or Die
SLUS-21116;187 - Ride or Die
SCES-51741;1945 I & II - The Arcade Games
SLES-51741;1945 I & II - The Arcade Games
SLPM-62320;2003-nen Kaimaku - Ganbare Kyuukai-ou - Iwayuru Pro Yakyuu desu ne
SLPM-62320;2003-nen Kaimaku - Ganbare Kyuukai-ou - Iwayuru Pro Yakyuu desu ne
SCED-52194;2004 Classics Hitlist
SLES-53357;21 Card Games
SCES-53358;24 - The Game
SLES-53358;24 - The Game
SLPM-62132;24 - The Game
SLUS-21268;24 - The Game
SCED-53622;24 - The Game [Demo]
SCES-53199;25 to Life
SLES-53199;25 to Life
SLUS-21016;25 to Life
SLUS-29129;25 to Life [Public Beta Vol.1.0]
PCPX-96328;3 Title Special Disc - Saru! Get You! 2 + PoPoLoCrois - Hajimari no Bouken + Boku no Natsuyasumi 2
SLPS-25357;3-Nen B-Gumi Kinpachi Sensei - Densetsu no Kyoudan ni Tate!
SLPM-66089;3-Nen B-Gumi Kinpachi Sensei - Densetsu no Kyoudan ni Tate! [Best]
SLPS-20214;3D Fighting School 2
SLPS-20318;3D Kakutou Tsukuru 2 [Enterbrain Collection]
SLPS-20482;3D Mahjong + Suzume Paitori
SLPM-65608;3LDK - Shiawase ni Narouyo
SLPM-65607;3LDK - Shiawase ni Narouyo [Limited Edition]
SCES-50194;4x4 Evolution
SLES-50194;4x4 Evolution
SLUS-20091;4x4 Evolution
SCES-51199;4x4 Evolution II
SLES-51199;4x4 Evolution II
SCES-53734;50cent - Bulletproof
SCES-53906;50cent - Bulletproof
SCES-53994;50cent - Bulletproof
SLES-53734;50cent - Bulletproof
SLES-53906;50cent - Bulletproof
SLES-53994;50cent - Bulletproof
SLUS-21315;50cent - Bulletproof
SCES-50109;7 Blades
SLES-50109;7 Blades
SLPM-65008;7 Blades
SLPM-65057;7 Blades
SCES-53280;7 Sins
SCES-53297;7 Sins
SLES-53280;7 Sins
SLES-53297;7 Sins
SLES-53364;7 Sins
SLES-55069;7 Wonders of the Ancient World
SLUS-21693;7 Wonders of the Ancient World
SLPS-25672;7Cafe - Katashiki Mei Bonba Pawafuru 2
SCUS-97373;989 Sports 2004 Demo Disc
SLPS-25082;A-Ressha de Ikou 2001 Perfect Set
SLPS-25017;A-Train 2001
SCES-51716;A-Train 6
SLES-51716;A-Train 6
SLPS-20006;A-Train 6
SLPS-25829;A.C.E. Another Century's Episode 2 [Special Vocal Version]
SLPS-25743;Aa Megami Sama
SLPS-25894;Aa Megami-sama [Best Collection]
SLPS-25742;Aammegami-Sama [Limited Edition]
SLPM-61018;Abarenbou Princess
SCES-51080;AC Milan Club Football
SLES-51080;AC Milan Club Football
SCES-52656;AC Milan Club Football 2005
SLES-52656;AC Milan Club Football 2005
SLES-55457;AC/DC LIVE - Rock Band Track Pack
SCES-50410;Ace Combat - Distant Thunder
SLES-50410;Ace Combat - Distant Thunder
SCED-53081;Ace Combat - Squadron Leader
SCED-53115;Ace Combat - Squadron Leader
SCES-52424;Ace Combat - Squadron Leader
SLES-52424;Ace Combat - Squadron Leader
SCES-54041;Ace Combat - The Belkan War
SLES-54041;Ace Combat - The Belkan War
SLPS-25052;Ace Combat 4 - Shattered Skies
SLUS-20152;Ace Combat 4 - Shattered Skies
SLPS-73205;Ace Combat 4 - Shattered Skies [PlayStation 2 The Best]
SLPS-73410;Ace Combat 4 [PlayStation 2 The Best]
SCAJ-20104;Ace Combat 5 - The Unsung War
SLPS-25418;Ace Combat 5 - The Unsung War
SLUS-20851;Ace Combat 5 - The Unsung War
SCKA-20082;Ace Combat 5 - The Unsung War [BigHits Series]
SCAJ-20136;Ace Combat 5 - The Unsung War [PlayStation 2 The Best]
SLPS-73218;Ace Combat 5 - The Unsung War [PlayStation 2 The Best]
SCKA-20042;Ace Combat 5: The Unsung War 
SCAJ-20173;Ace Combat Zero - The Belkan War
SCKA-20070;Ace Combat Zero - The Belkan War
SLPS-25629;Ace Combat Zero - The Belkan War
SLUS-21346;Ace Combat Zero - The Belkan War
SLPS-73250;Ace Combat Zero - The Belkan War [PlayStation 2 The Best]
SCES-51503;Ace Lightning
SLES-51503;Ace Lightning
SCES-52532;Aces of War
SLES-52532;Aces of War
SLPM-66458;Acheter Fuuraiki
SCES-52956;Action Girlz Racing
SLES-52956;Action Girlz Racing
SLES-54617;Action Man A.T.O.M. - Alpha Teens on Machines
SLES-50009;Action Replay MAX
SCES-51313;Activision Anthology
SLES-51313;Activision Anthology
SLUS-20588;Activision Anthology
SCES-52521;Adibou & Les Voleurs d'Energie
SLES-52521;Adibou & Les Voleurs d'Energie
SLPS-25906;ADK Tamashii
SLPS-25279;Adventure Boy Club Magazine
SLPM-65061;Adventure of Tokyo Disney Sea
SLUS-20170;Adventures of Cookie & Cream, The
SLUS-21592;Adventures of Darwin, The
SLUS-20887;Adventures of Jimmy Neutron, The - Attack of the Twonkies
SCES-53956;Aeon Flux
SCES-54169;Aeon Flux
SLES-53956;Aeon Flux
SLES-54169;Aeon Flux
SLUS-21205;Aeon Flux
SLPM-65161;Aero Dancing 4
SLPM-65150;Aero Dancing 4 - New Generation
SLPM-65387;Aero Dancing 4 - New Generation [Sega The Best 2800]
SLUS-20614;Aero Elite - Combat Academy
SLPM-62301;Aerobics Revolution
SCES-51168;AFL Live 2004 - Aussie Rules Football
SCES-51903;AFL Live 2004 - Aussie Rules Football
SLES-51168;AFL Live 2004 - Aussie Rules Football
SLES-51903;AFL Live 2004 - Aussie Rules Football
SLES-52368;AFL Live Premiership Edition
SCES-53449;AFL Premiership 2005
SLES-53449;AFL Premiership 2005
SCES-54068;AFL Premiership 2006
SCES-54639;AFL Premiership 2007
SLPM-65579;After School Love Beat
SLPM-65482;After...
SLPM-65481;After... [Limited Edition]
SLUS-20446;Agassi - Tennis Generation
SCES-52125;Agassi Tennis Generation
SLES-52125;Agassi Tennis Generation
SCES-50282;Age of Empires II - Age of Kings
SLES-50282;Age of Empires II - Age of Kings
SLPM-62076;Age of Empires II - The Age of Kings
SLES-52974;Agent Collection [Disc 1]
SLES-52005;Agent Collection [Disc 2]
SCES-53910;Agent Hugo
SLES-53504;Agent Hugo
SLES-53910;Agent Hugo
SLES-55364;Agent Hugo - Hula Holiday
SLES-54917;Agent Hugo - Lemoon Twist
SLES-54212;Agent Hugo - Roborumble
SLUS-20327;Aggressive Inline
SLUS-29021;Aggressive Inline [Demo]
SCES-50480;Aggressive Inline Skating
SLES-50480;Aggressive Inline Skating
SLPS-20000;AH-64D Apache [Beta]
SLPM-62329;AI Igo 2003
SLPM-62330;AI Mahjong 2003
SLPM-62323;AI Shogi 2003
SLPS-25225;Ai Yori Aoshi
SLPS-25224;Ai Yori Aoshi [Limited Edition]
SLPS-25274;Aikagi
SLPM-65922;Aikagi [Best Version]
SLPS-25447;Aim for the Top! Gunbuster
SLPS-25127;Air
SLPM-66982;Air [Best Version]
SLPM-65844;Air [Best]
SLUS-20703;Air Force - Delta Strike
SLPM-65260;Air Land Force
SCES-53772;Air Raid 3
SLES-53772;Air Raid 3
SLPS-20216;Air Ranger - Rescue Helicopter
SLKA-25052;Air Ranger 2 - Rescue Helicopter
SLPS-25098;Air Ranger 2 - Rescue Helicopter
SLPM-65409;Air Ranger 2 - Rescue Helicopter - Plus
SLPM-65325;Air Ranger 2 - Rescue Helicopter [Best]
SLPS-20083;Air Ranger Rescue Helicopter
SCES-50953;Air Rescue Ranger
SLES-50953;Air Rescue Ranger
SCES-50246;AirBlade
SLES-50246;AirBlade
SLUS-20346;AirBlade
SLUS-29017;Airblade [Demo]
SCES-52939;Airborne Troops - Countdown to D-Day
SLES-52939;Airborne Troops - Countdown to D-Day
SLUS-21125;Airboure Troops - Countdown to D-Day
SLPM-65486;Airforce Delta - Blue Wing Knights
SLPM-65722;Airforce Delta - Blue Wing Knights [Konami the Best]
SLKA-25133;AirForce Delta Strike
SLPM-65044;Aizouban Angelique Trois [Koei The Best]
SCES-51079;Ajax Club Football
SLES-51079;Ajax Club Football
SCES-52661;Ajax Club Football 2005
SLES-52661;Ajax Club Football 2005
SLPM-62269;Akagi - Yami ni Oritattatensai
SLPM-65732;Akaiito
SLPM-55006;Akane Iro ni Somaru Saka - Parallel
SCES-50919;Akira Psycho Ball
SLES-50919;Akira Psycho Ball
SLPS-20150;Akira Psycho Ball
SLPM-65151;Akudaikan
SLPM-65339;Akudaikan [Global The Best]
SLPM-65330;Akudaikan 2
SLPM-65620;Akudaikan 2 [Global The Best]
SLPM-66653;Akudaikan 3
SLPM-55145;Akudaikan 3 [Global the Best]
SLPM-66175;Akumajo Dracula - Yami no Juin
SLPM-66668;Akumajo Dracula - Yami no Juin [Konami the Best]
SLES-54958;Alan Hansen's Sports Challenge
SCES-52063;Alarm for Cobra 11 Autobahn
SLES-52063;Alarm for Cobra 11 Autobahn
SCES-53360;Alarm for Cobra 11 Vol.2 - Hot Pursuit
SLES-53360;Alarm for Cobra 11 Vol.2 - Hot Pursuit
SLES-52920;Alarm fuer Cobra 11 Vol II
SCES-50429;Alex Ferguson Player Manager 2002
SLES-50429;Alex Ferguson Player Manager 2002
SLUS-21321;Alfa Romeo Racing Italiano
SCES-51821;Alias
SCES-51822;Alias
SLES-51821;Alias
SLES-51822;Alias
SLUS-20673;Alias
SLPM-62341;Alice's Adventures in Wonderland
SLUS-21090;Alien Homind
SCES-53139;Alien Humanoid
SLES-53139;Alien Humanoid
SLES-55532;Aliens in the Attic
SCES-51792;Aliens vs Predator - Extinction
SLES-51792;Aliens vs Predator - Extinction
SLUS-20147;Aliens vs Predator - Extinction
SLPS-20139;All Star Pro-Wrestling II
SCES-50218;All-Star Baseball 2002
SLES-50218;All-Star Baseball 2002
SLPM-62069;All-Star Baseball 2002
SLUS-20008;All-Star Baseball 2002
SCES-50447;All-Star Baseball 2003
SLES-50447;All-Star Baseball 2003
SLPM-65137;All-Star Baseball 2003
SLUS-20311;All-Star Baseball 2003
SLUS-28007;All-Star Baseball 2003 [Trade Demo]
SLUS-20569;All-Star Baseball 2004
SLUS-20838;All-Star Baseball 2005
SLES-54459;All-Star Fighters
SLPS-20022;All-Star Pro Wrestling
SLPM-65300;All-Star Pro Wrestling 3
SCES-51602;All-Stars Baseball 2004
SLES-51602;All-Stars Baseball 2004
SLES-55207;Alone in the Dark
SLPM-65085;Alone in the Dark
SLUS-21690;Alone in the Dark
SCES-50185;Alone in the Dark 4
SLES-50185;Alone in the Dark 4
SCES-50887;Alpine Racer 3
SCPS-51006;Alpine Racer 3
SLES-50887;Alpine Racer 3
SLPS-20181;Alpine Racer 3
SCES-54370;Alpine Ski Racing
SLES-54370;Alpine Ski Racing
SCES-54560;Alpine Ski Racing 2007
SLES-54560;Alpine Ski Racing 2007
SCES-51670;Alter Echo
SCES-51671;Alter Echo
SLES-51670;Alter Echo
SLES-51671;Alter Echo
SLUS-20465;Alter Echo
SLUS-29056;Alter Echo [Demo]
SCES-53024;Altered Beast
SLES-53024;Altered Beast
SLES-55052;Alvin and the Chipmunks
SLUS-21706;Alvin and The Chipmunks
SLPS-25918;Amagami
SLPS-25989;Amagami [EBKore+ Limited Edition]
SLPS-25987;Amagami [EBKore+]
SLPS-25489;Ambition of Giren - Zeon Independence War + Direction Book of Capture [Gundam the Best]
SLPS-25702;Amekoushi no Kan
SLPS-25847;Amekoushi no Kan [The Best Price]
SLPS-25106;America Oudan Ultra-Quiz
SLPS-25229;America Oudan Ultra-Quiz [DigiCube Best Selection]
SCES-52366;America's 10 Most Wanted
SCES-52367;America's 10 Most Wanted
SLES-52366;America's 10 Most Wanted
SLES-52367;America's 10 Most Wanted
SLUS-21188;America's Army - Rise of a Soldier
SLPS-20011;American Arcade
SCES-53108;American Chopper
SLES-53108;American Chopper
SLUS-21069;American Chopper
SLUS-21288;American Chopper 2
SLES-53779;American Chopper 2 - Full Throttle
SLUS-20816;American Idol
SLUS-21347;AMF Xtreme Bowling
SLES-54365;AMF Xtreme Bowling 2006
SCES-51706;Amplitude
SCUS-97258;Amplitude
SLES-51706;Amplitude
SCUS-97262;Amplitude [Demo]
SCUS-97292;Amplitude [Demo]
SCUS-97869;Amplitude P.O.D. [Demo]
SLES-54626;An American Tail
SCES-54016;and 1 Streetball
SLES-54016;And 1 Streetball
SLES-54016;and 1 Streetball
SLUS-21237;And 1 Streetball
SLPM-66709;Angel Profile
SLPM-55085;Angel Profile [Best Hit Selection]
SLPM-65828;Angel Wish
SLPM-65827;ANGEL WISH - KIMI NO EGAO NI CHU! [SPECIAL EDITION]
SLPM-65513;Angel's Feather
SLPM-65943;Angel's Feather
SLPM-65512;Angel's Feather [Limited Edition]
SLPM-65239;Angelic Concert
SLPM-65238;Angelic Concert [Limited Edition]
SLPM-65715;Angelique Etoile
SLPM-66524;Angelique Etoile [Koei Best]
SLPM-66938;Angelique Etoile [Koei Selection]
KOEI-00020;Angelique Etoile [Premium Box]
SLPM-65714;Angelique Etoile [Premium Box]
SLPM-62022;Angelique Trois
SLPM-65037;Angelique Trois - Aizouban
SLPM-65159;Angelique Trois - Aizouban
SLPM-66006;Angelique Trois - Aizouhen [Koei Selection]
SLPM-65541;Angelique Trois - Aizouhen [Koei The Best]
SLPM-62021;Angelique Trois [Premium Box]
SCES-52371;Animal Soccer World
SLES-52371;Animal Soccer World
SCES-52729;Animaniacs - The Great Edgar Hunt
SLES-52729;Animaniacs - The Great Edgar Hunt
SLPM-65604;Animation Battle - Recca no Honou
SLPM-65027;Anime Eikaiwa - 15 Shounen Hyouryuuki - Hitomi no Naka no Shounen
SLPM-65029;Anime Eikaiwa - Tondemo Nezumi Daikatsuyaku
SLPM-65028;Anime Eikaiwa - Tottoi
SLPM-65143;Anime Super Remix, The - Ashita no Joe 2
SLPM-65142;Anime Super Remix, The - Kyojin no Hoshi
SLPS-25394;Another Century's Episode
SLPS-73227;Another Century's Episode [PlayStation 2 The Best]
SLPS-25623;Another Century's Episode 2
SLPS-25784;Another Century's Episode 3 - The Final
SCES-54152;Ant Bully
SCES-54178;Ant Bully
SLES-54152;Ant Bully, The
SLES-54178;Ant Bully, The
SLUS-21415;Ant Bully, The
SCES-50964;Antz Extreme Racing
SLES-50964;Antz Extreme Racing
SLUS-20392;Antz Extreme Racing
SLPM-84075;Anubis - Zone of the Enders Special Edition [Konami Dendou Selection]
SCES-53571;Anubis II
SLES-53571;Anubis II
SLPM-65500;Anubis ZOE - Special Edition
SLPM-65991;Anubis ZOE - Special Edition [Konami Dendou Collection]
SLPM-65236;Anubis Zone of Enders
SLPM-65361;Anubis Zone of Enders [Special Edition LE]
SLPM-65736;Ao no Mamade
SLPM-65735;Ao no Mamade [Treasure Box]
SLPS-25700;Aoi no Tristia [The Best Price]
SLPS-25749;Aoi Sora no Neosphere - Nanoka Franka no Hatsumei Koubouki 2
SLPS-25748;Aoi Sora no Neosphere - Nanoka Franka no Hatsumei Koubouki 2 [Limited Edition]
SLPS-25514;Aoi Umi no Trista
SLPS-25513;Aoi Umi no Trista [Limited Edition]
SLPM-66959;Aoishiro
SLPM-66958;Aoishiro [Limited Edition]
SLPM-55165;Aoishiro [SuperLite 2000 Adventure]
SCAJ-20178;Ape Escape - Million Monkeys
SCPS-19325;Ape Escape - Million Monkeys [PlayStation 2 The Best]
SCCS-40016;Ape Escape - Pumped & Primed
SLUS-21096;Ape Escape - Pumped & Primed
SCCS-40001;Ape Escape 2
SCED-51366;Ape Escape 2
SCES-50885;Ape Escape 2
SCES-51102;Ape Escape 2
SCES-51103;Ape Escape 2
SCES-51104;Ape Escape 2
SCES-51105;Ape Escape 2
SCPS-55035;Ape Escape 2
SLES-50885;Ape Escape 2
SLES-51102;Ape Escape 2
SLES-51103;Ape Escape 2
SLES-51104;Ape Escape 2
SLES-51105;Ape Escape 2
SLUS-20685;Ape Escape 2
SCPS-19206;Ape Escape 2 [PlayStation 2 The Best]
SCAJ-20138;Ape Escape 3
SCES-53642;Ape Escape 3
SCKA-20062;Ape Escape 3
SCUS-97501;Ape Escape 3
SLES-53642;Ape Escape 3
SCUS-97548;Ape Escape 3 [Demo]
SCPS-19327;Ape Escape 3 [PlayStation 2 the Best - Reprint]
SCAJ-20195;Ape Escape 3 [PlayStation 2 the Best]
SLPM-65710;Apocripha Zero
SLPM-66551;Appleseed EX
SLPM-62340;Apprentice Magician
SLUS-20162;Aqua Aqua
SCES-50053;Aqua Aqua - Wetrix 2
SLES-50053;Aqua Aqua - Wetrix 2
SLPM-65670;Aqua Kids
SLUS-21633;Aqua Teen Hunger Force - Zombie Ninja Pro-Am
SLES-54788;Aqua Teen Hunger Force Zombie Ninja Pro-Am
SLPS-20027;Aquaqua
SLUS-21445;Ar Tonelico
SLES-54586;Ar tonelico - Melody of Elemia
SLPS-25604;Ar Tonelico - Sekai no Owari de Utai Tsudukeru Shoujo
SLUS-21788;Ar Tonelico 2 - Melody of Metafalica
SLES-55444;Ar tonelico II - Melody of Metafalica
SLPS-73263;Ar tonelico II - Sekai ni Hibiku Shoujo Tachi no Metafalica [PlayStation 2 the Best]
SLPS-25819;Ar Tonelico IISekai ni Hibiku Shoujo Tachi no Souzoushi
SLPS-73249;Ar-Tonelico - Sekai no Owari de Shi Tsudzukeru Shoujo [PlayStation 2 The Best]
SLPM-66847;Arabians Lost - The Engagement on Desert
SLUS-21165;Arc the Lad - End of Darkness
SCAJ-20108;Arc the Lad - Generation
SCPS-15058;Arc the Lad - Generation
SCPS-15041;Arc the Lad - Seirei no Koukon
SCCS-40007;Arc the Lad - Seirei no Tasogare
PAPX-90230;Arc the Lad - Seirei no Tasogare - Premiere Disc
PCPX-96330;Arc the Lad - Seirei no Tasogare - Premiere Disc
SCUS-97231;Arc the Lad - Twighlight of the Spirits
SCAJ-20019;Arc the Lad - Twilight of the Spirits
SCAJ-20038;Arc the Lad - Twilight of the Spirits
SCES-51910;Arc the Lad - Twilight of the Spirits
SLES-51910;Arc the Lad - Twilight of the Spirits
SCUS-97282;Arc the Lad - Twilight of the Spirits [Demo]
SCPS-15040;Arc the Lad - Twilight of the Spirits [Limited Edition]
SCES-52778;Arcade
SCES-52949;Arcade Action - 30 Games
SLES-52949;Arcade Action - 30 Games
SCES-52902;Arcade Classics Vol.1
SLES-52902;Arcade Classics Vol.1
SLES-53446;Arcade USA
SLES-52778;Arcade, The
SLPM-66850;Arcana Heart
SLUS-21720;Arcana Heart
SLPM-55106;Arcana Heart [AQ the Best]
SLPM-55169;Arcobaleno!
SLPM-55168;Arcobaleno! [Limited Edition]
SCES-50274;Arctic Thunder
SLES-50274;Arctic Thunder
SLUS-20217;Arctic Thunder
SLUS-21755;Are You Smarter Than a 5th Grader - Make the Grade
SCES-52570;Area 51
SCES-53075;Area 51
SLES-52570;Area 51
SLES-53075;Area 51
SLPM-66468;Area 51
SLUS-20595;Area 51
SLUS-21337;Arena Football - EA Sports
SLUS-21568;Arena Football - Road to Glory
SLPS-25178;Argus no Senshi
SLPM-66967;Aria - The Natural [Alchemist Best Collection]
ALCH-00008;Aria - The Natural ~Tooi Yume no Mirage~ [Limited Edition]
SLPM-55014;Aria - The Origination ~Aoi Hoshi no El Cielo~
SLPM-55204;Aria - The Origination ~Aoi Hoshi no El Cielo~ [Alchemist Best Collection]
ALCH-00014;Aria - The Origination ~Aoi Hoshi no El Cielo~ [Limited Edition]
SLPM-66536;Aria the Natural
SCKA-20012;Ark the Lad - jeongryeongui Hwanghon
SLPM-55282;Armen Noir
ARP2-01201;Armen Noir [Limited Edition]
SCAJ-20121;Armored Core - Formula Front
SLKA-25270;Armored Core - Formula Front
SLPS-25461;Armored Core - Formula Front
SCAJ-20143;Armored Core - Last Raven
SCES-53820;Armored Core - Last Raven
SLES-53820;Armored Core - Last Raven
SLPS-25462;Armored Core - Last Raven
SLUS-21338;Armored Core - Last Raven
SLPM-68520;Armored Core - Last Raven [Champion Tokubetsu-ban]
SLPM-61118;Armored Core - Last Raven [Famitsu Special Trial Version]
SLPS-73247;Armored Core - Last Raven [PlayStation 2 The Best]
SLPM-61119;Armored Core - Last Raven [Trial Version]
SLES-82036;Armored Core - Nexus [Evolution Disc]
SLPS-25338;Armored Core - Nexus [Evolution Disc]
SCAJ-20076;Armored Core - Nexus [Evolution Disc]
SLUS-20986;Armored Core - Nexus [Evolution Disc]
SLKA-25201;Armored Core - Nexus [Evolution Disc]
SLPS-73202;Armored Core - Nexus [Evolution Disc] [PlayStation 2 The Best]
SLPS-25339;Armored Core - Nexus [Revolution Disc]
SLES-82037;Armored Core - Nexus [Revolution Disc]
SLUS-21079;Armored Core - Nexus [Revolution Disc]
SLKA-25202;Armored Core - Nexus [Revolution Disc]
SCAJ-20077;Armored Core - Nexus [Revolution Disc]
SLPS-73203;Armored Core - Nexus [Revolution Disc] [PlayStation 2 The Best]
SCES-53819;Armored Core - Nine Breaker
SLES-53819;Armored Core - Nine Breaker
SLPS-25408;Armored Core - Nine Breaker
SLUS-21200;Armored Core - Nine Breaker
SCKA-20047;Armored Core - Nine Breaker
SCAJ-20105;Armored Core - Nine Breaker
SCES-52203;Armored Core - Silent Line
SLES-52203;Armored Core - Silent Line
SLUS-20644;Armored Core - Silent Line
SLKA-25041;Armored Core - Silent Line
SLPS-25730;Armored Core [Machine Side Box]
SCES-50079;Armored Core 2
SLES-50079;Armored Core 2
SLPS-25007;Armored Core 2
SLUS-20014;Armored Core 2
SCCS-40011;Armored Core 2 - Another Age
SCES-50905;Armored Core 2 - Another Age
SCPS-55024;Armored Core 2 - Another Age
SLES-50905;Armored Core 2 - Another Age
SLPS-25040;Armored Core 2 - Another Age
SLUS-20249;Armored Core 2 - Another Age
SLPS-73411;Armored Core 2 - Another Age [PlayStation 2 The Best]
SLPS-73403;Armored Core 2 [PlayStation 2 The Best]
SCES-51399;Armored Core 3
SCPS-55014;Armored Core 3
SLES-51399;Armored Core 3
SLPS-25112;Armored Core 3
SLUS-20435;Armored Core 3
SCAJ-20011;Armored Core 3 - Silent Line
SLPS-25169;Armored Core 3 - Silent Line
SLPS-73420;Armored Core 3 - Silent Line [PlayStation 2 The Best]
SLPS-73417;Armored Core 3 [PlayStation 2 The Best]
SLPM-65229;Arms Men - Air Attack 2
SLES-50233;Army Men - Air Attack - Blade's Revenge
SLUS-20004;Army Men - Air Attack 2
SCES-50191;Army Men - Green Rogue
SLES-50191;Army Men - Green Rogue
SLUS-20087;Army Men - Green Rogue
SCES-53996;Army Men - Major Malfunction
SLES-53996;Army Men - Major Malfunction
SCES-50434;Army Men - Real Time Strategy
SCES-50706;Army Men - Real Time Strategy
SLES-50434;Army Men - Real Time Strategy
SLES-50706;Army Men - Real Time Strategy
SLUS-20206;Army Men - RTS
SLUS-20132;Army Men - Sarge's Heroes 2
SCES-52587;Army Men - Sarge's War
SLES-52587;Army Men - Sarge's War
SCES-50192;Army Men - Sarges Heroes 2
SLES-50192;Army Men - Sarges Heroes 2
SLUS-21831;Army Men - Soldiers of Misfortune
SCES-52657;Arsenal FC - Club Football 2005
SLES-52657;Arsenal FC - Club Football 2005
SLES-54790;Art of Fighting Anthology
SLUS-21487;Art of Fighting Anthology
SLPS-25790;Art of Fighting Collection [NeoGeo Online Collection the Best]
SLUS-21305;Arthur and the Invisibles
SCES-54420;Arthus & The Minimoys
SLES-54420;Arthus & The Minimoys
SLPM-65441;Ashita no Joe - Masshiro ni Moetsukuru
SLPM-65625;Ashita no Joe Masshiro ni Moetsukuru [Konami The Best]
SLPM-66457;Asobi ni Iku Yo!
SLPM-66456;Asobi ni Iku Yo! [Limited Edition]
SLES-53233;Assault Suits Valken
SLKA-15023;Assault Suits Valken
SLPM-62501;Assault Suits Valken Zero
SLUS-20866;Asterix & Obelix XXL - Kick Buttix
SCES-53060;Asterix & Obelix XXL 2 - Mission Las Vegum
SLES-53060;Asterix & Obelix XXL 2 - Mission Las Vegum
SCES-51838;Asterix & Obelix XXL2
SCES-53725;Asterix & Obelix XXL2
SCES-53849;Asterix & Obelix XXL2
SLES-51838;Asterix & Obelix XXL2
SLES-53725;Asterix & Obelix XXL2
SLES-53849;Asterix & Obelix XXL2
SLUS-29111;Asterix & Obilex XXL - Kick Buttix [Demo]
SLES-55035;Asterix at the Olympic Games
SCES-51085;Aston Villa - Club Football
SLES-51085;Aston Villa - Club Football
SCES-52668;Aston Villa FC - Club Football 2005
SLES-52668;Aston Villa FC - Club Football 2005
SLUS-20867;Astro Boy
SLES-55593;Astro Boy - The Video Game
SLUS-21895;Astro Boy - The Video Game
SCAJ-25037;Astro Boy Atom
SLAJ-25037;Astro Boy Atom
SLPM-65551;Astro Boy Atom
SCES-52486;Astroboy
SLES-52486;Astroboy
SLPS-25582;Asutoro Kyudan Kessen
SCES-53061;Atari Anthology
SLES-53061;Atari Anthology
SLUS-21076;Atari Anthology
SCES-53764;Atelier Iris - Eternal Mana
SLES-53764;Atelier Iris - Eternal Mana
SLUS-21113;Atelier Iris - Eternal Mana
SLPM-66537;Atelier Iris - Eternal Mana 2 [Gust Best Price]
SLPM-66436;Atelier Iris - Grand Fantasm
SLPM-66849;Atelier Iris - Grand Phantasm [Gust Best Price]
SLPM-65985;Atelier Iris 2 - Eternal Mana
SCES-54385;Atelier Iris 2 - The Azoth of Destiny
SLES-54385;Atelier Iris 2 - The Azoth of Destiny
SLUS-21327;Atelier Iris 2 - The Azoth of Destiny
SLES-54822;Atelier Iris 3 - Grand Phantasm
SLUS-21564;Atelier Iris 3 - Grand Phantasm
SLPS-25045;Atelier Lilie
SLPM-66140;Atelier Marie + Elie - Atelier of Salburg 1&2
GUST-00006;Atelier Marie + Elie [Limited Edition]
SLPM-65594;Atelier no Iris - Eternal Mana
SLPM-66081;Atelier no Iris - Eternal Mana [Gust Best Price]
SCES-52411;Athens '04
SLES-52411;Athens '04
SCAJ-20089;Athens 2004
SCED-52491;Athens 2004
SCUS-97379;Athens 2004
SCES-52410;Athens 2004 - Olympic Summer Games
SLES-52410;Athens 2004 - Olympic Summer Games
SCUS-97403;Athens 2004 [Demo]
SCES-50661;Atlantis III
SCES-50757;Atlantis III
SLES-50661;Atlantis III
SLES-50757;Atlantis III
SLES-50561;Atlantis III - The New World
SCES-50293;ATV Off-Road
SLES-50293;ATV Off-Road
SLES-50850;ATV Off-Road 2
SCUS-97104;ATV Off-Road Fury
SCUS-97122;ATV Off-Road Fury [Demo]
SCES-51814;ATV Off-Road Fury 2
SCUS-97211;ATV Off-Road Fury 2
SCUS-97369;ATV Off-Road Fury 2
SLES-51814;ATV Off-Road Fury 2
SCUS-97238;ATV Off-Road Fury 2 [Demo]
SCUS-97510;ATV Off-Road Fury 2 [Greatest Hits]
SCES-53754;ATV Off-Road Fury 3
SCUS-97405;ATV Off-Road Fury 3
SLES-53754;ATV Off-Road Fury 3
SLUS-97405;ATV Off-Road Fury 3
SCUS-97514;ATV Off-Road Fury 3 [Greatest Hits]
SCUS-97479;ATV Off-Road Fury 4
SCUS-97579;ATV Off-Road Fury 4 [Demo]
SLUS-20570;ATV Quad Power Racing 2
SLES-54224;Australian Idol Sing
SCES-51191;Auto Modellista
SLES-51191;Auto Modellista
SLPM-65124;Auto Modellista
SLPM-65183;Auto Modellista
SLUS-20642;Auto Modellista
SLPM-65286;Auto Modellista - US Tuned
SLUS-20498;Auto Modellista [Beta]
SLUS-28031;Auto Modellista [Beta]
SLES-52459;Autobahn Raser - Das Spiel zum Film
SLES-51009;Autobahn Raser IV
SLUS-21395;Avatar - The Last Airbender
SLES-55263;Avatar - The Last Airbender - Into the Inferno
SLUS-21804;Avatar - The Last Airbender - Into the Inferno
SLUS-21588;Avatar - The Last Airbender - The Burning Earth
SLES-54188;Avatar - The Legend of Aang
SLES-54840;Avatar - The Legend of Aang -- The Burning Earth
SLPM-66491;Ayaka Shibito
SLPM-66862;Ayaka Shibito [Best Selection]
SLPM-65086;Ayumi Hamasaki Dome Tour 2001 - A Visual Mix [Disc 1]
SLPM-65087;Ayumi Hamasaki Dome Tour 2001 - A Visual Mix [Disc 2]
SLPS-25465;Azumi
SLES-54695;Azur & Asmar
SCES-53960;B-Boy
SLES-53960;B-Boy
SLUS-21761;B-Boy
SLES-54380;Babe
SLUS-20865;Backyard Baseball
SLUS-21403;Backyard Baseball '07
SLUS-21884;Backyard Baseball 2010
SLUS-20704;Backyard Basketball
SLUS-21485;Backyard Basketball '07
SLUS-20876;Backyard Football 2006
SLUS-21670;Backyard Football 2008
SLUS-21751;Backyard Football 2009
SLUS-21809;Backyard Football 2009
SCES-51986;Backyard Wrestling - Don't Try This At Home
SLES-51986;Backyard Wrestling - Don't Try This At Home
SLPS-25341;Backyard Wrestling - Don't Try This at Home
SLUS-20638;Backyard Wrestling - Don't Try This At Home
SCES-52686;Backyard Wrestling - There Goes the Neighborhood
SLES-52686;Backyard Wrestling - There Goes the Neighborhood
SLPS-25493;Backyard Wrestling 2 - There Goes the Neighborhood
SLUS-21043;Backyard Wrestling 2 - There Goes the Neighborhood
SLUS-20982;Bad Boys 2
SCES-51772;Bad Boys II
SCES-52362;Bad Boys II
SCES-52363;Bad Boys II
SLES-51772;Bad Boys II
SLES-52362;Bad Boys II
SLES-52363;Bad Boys II
SLPM-65635;Bakuen Kakeshi Neverland Senki Zero
SCPS-15086;Bakufuu Slash! Kizuna Arashi [Game Only]
SCPS-15079;Bakufuu Slash! Kizuna Arashi [with Camera]
SCAJ-20107;Bakufuu Slash!! Kizna Arashi
SLES-55579;Bakugan Battle Brawlers
SLUS-21902;Bakugan Battle Brawlers
SLPM-65835;Bakumatsu Koihana - Shinsengumi
SLPS-25818;Bakumatsu Renka - Karyuu Kenshiden
SLPS-25817;Bakumatsu Renka - Karyuu Kenshiden [Limited Edition]
SLPS-25792;Bakumatsu Roman - Last Blade 2-in-1 [NeoGeo Online Collection the Best]
SLPM-65522;Bakushou! Jinsei Kaidow
TCPS-10082;Bakushou! Jinsei Kaidow
SLPM-65812;Bakushou! Jinsei Kaimichi [Taito Best]
SCAJ-20083;Bakuso! Mountain Bikers
SCPS-15062;Bakuso! Mountain Bikers
SLPM-62378;Bakusou Convoy Densetsu
SLPM-74419;BAKUSOU DEKOTORA DENSETSU - OTOKO HANAMICHI YUME ROMAN [PLAYSTATION 2 THE BEST]
SCAJ-20010;Bakusou Dekotora Densetsu 3
SLPM-66815;Baldr Bullet - Equilibrium
ALCH-00012;Baldr Bullet - Equilibrium [Limited Edition]
SLPM-65904;Baldr Force EXE
SLPM-66356;Baldr Force EXE [Alchemist Best]
ALCH-00002;Baldr Force EXE [Mega Box]
ALCH-00006;Baldr Force EXE [Simalcrum Pack Alchemist Best]
SCES-50672;Baldur's Gate - Dark Alliance
SLES-50672;Baldur's Gate - Dark Alliance
SLPS-25139;Baldur's Gate - Dark Alliance
SLPS-25140;Baldur's Gate - Dark Alliance
SLUS-20035;Baldur's Gate - Dark Alliance
SLPS-25291;Baldur's Gate - Dark Alliance [PCCW The Best]
SCES-52187;Baldur's Gate - Dark Alliance 2
SCES-52188;Baldur's Gate - Dark Alliance 2
SLES-52187;Baldur's Gate - Dark Alliance 2
SLES-52188;Baldur's Gate - Dark Alliance 2
SLUS-20675;Baldur's Gate - Dark Alliance 2
SLPM-65845;Baldur's Gate - Dark Alliance II
SCES-51978;Baphomets Fluch - Der Schlafende Drache
SLES-51978;Baphomets Fluch - Der Schlafende Drache
SCES-50972;Barbarian
SLES-50972;Barbarian
SLUS-20136;Barbarian
SCES-51845;Barbie - Horse Adventure
SLES-51845;Barbie - Horse Adventure
SLES-55015;Barbie as The Island Princess
SLUS-21684;Barbie as The Island Princess
SLES-55371;Barbie Horse Adventures - Riding Camp
SLUS-21806;Barbie Horse Adventures - Riding Camp
SLUS-20664;Barbie Horse Adventures - Wild Horse Rescue
SCES-54566;Barbie in The 12 Dancing Princesses
SCES-54608;Barbie in The 12 Dancing Princesses
SLES-54566;Barbie in The 12 Dancing Princesses
SLES-54608;Barbie in The 12 Dancing Princesses
SLUS-21579;Barbie in The 12 Dancing Princesses
SCES-53154;Bard's Tale
SLES-53154;Bard's Tale
SLUS-20803;Bard's Tale, The
SCES-54376;Barnyard
SCKA-20096;Barnyard
SLES-54376;Barnyard
SLUS-21277;Barnyard
SLES-55216;Baroque
SLPM-66747;Baroque
SLUS-21714;Baroque
SLPM-55107;Baroque International
SLPM-62155;Baseball 2002, The
SLPM-65379;Baseball 2003 - Akikigou
SLPM-65180;Baseball 2003, The
SLPS-25469;Baseball Live 2005
SLPS-20084;Basic Studio [Disc 1]
SLPS-20085;Basic Studio [Disc 2]
SLPS-20266;Baskelian
SCES-51850;Basketball Xciting
SLES-51850;Basketball Xciting
SLUS-20339;Bass Fishing Duel - Sega Sports
SLPM-66075;Bass Landing 3
SLPS-25213;Bass Landing 3
SLPS-25337;Bass Landing 3 [Sammy Best]
SLPS-25336;Bass Landing 3 [with TsuriCon2+] [Sammy Best]
SCES-51862;Bass Master Fishing
SLES-51862;Bass Master Fishing
SCES-50512;Bass Strike
SLES-50512;Bass Strike
SLPM-62147;Bass Strike
SLUS-20325;Bass Strike
SLUS-20709;Batman - Rise of Sin-Tzu
SLUS-20226;Batman - Vengeance
SCES-51756;Batman 2 - The Rise of Sin Tsu
SLES-51756;Batman 2 - The Rise of Sin Tsu
SCES-53387;Batman Begins
SLES-53387;Batman Begins
SLUS-21198;Batman Begins
SCES-50355;Batman Vengeance
SLES-50355;Batman Vengeance
SCES-50777;Battle Engine Aquila
SLES-50777;Battle Engine Aquila
SLUS-20495;Battle Engine Aquila
SLPM-62048;Battle Gear 2
SCAJ-20055;Battle Gear 3
SLPM-65434;Battle Gear 3
TCPS-10076;Battle Gear 3
TCPS-10077;Battle Gear 3 [Limited Edition]
SLPS-25855;Battle of Sunrise
SLPS-25734;Battle of Yu Yu Hakushou - Shitou! Ankoku Bujutsukai 120%
SLPS-25675;Battle Stadium D.O.N.
SCES-53729;Battlefield 2 - Modern Combat
SCES-53730;Battlefield 2 - Modern Combat
SLES-53729;Battlefield 2 - Modern Combat
SLES-53730;Battlefield 2 - Modern Combat
SLPM-66206;Battlefield 2 - Modern Combat
SLUS-29152;Battlefield 2 - Modern Combat [Demo]
SLPM-66651;Battlefield 2 - Modern Combat [EA Best Hits]
SLPM-55034;Battlefield 2 - Modern Combat [EA:SY! 1980]
SLUS-29117;Battlefield 2 - Modern Combat [Public Beta Vol.1.0]
SLUS-21026;Battlefield 2 - Mordern Combat
SLUS-20421;Battlestar Galactica
SCES-51702;Battlestar Galactica - Apostasy
SLES-51702;Battlestar Galactica - Apostasy
SCES-51714;BCV - Battle Construction Vehicles
SLES-51714;BCV - Battle Construction Vehicles
SCES-50548;BDFL Manager 2002
SLES-50548;BDFL Manager 2002
SCES-51025;BDFL Manager 2003
SLES-51025;BDFL Manager 2003
SCES-51084;BDFL Manager 2004
SCES-51458;BDFL Manager 2004
SLES-51084;BDFL Manager 2004
SLES-51458;BDFL Manager 2004
SCES-51383;Beach King Stunt Racer
SLES-51383;Beach King Stunt Racer
SLPS-20346;Beast Sapp
SLPS-25304;Beast Sapp
SCES-53505;Beat Down - Fists of Vengeance
SLES-53505;Beat Down - Fists of Vengeance
SLPM-66181;Beat Down - Fists of Vengeance
SLPM-66819;Beat Down - Fists of Vengeance [Best Price]
SLPM-66446;Beat Down - Fists of Vengeance [CapKore]
SLUS-21150;Beatdown - Fists of Vengeance
SLUS-21239;Beatmania
SLPM-62052;Beatmania Da! Da! Da!
SLPM-66180;Beatmania IIDX - 10th Style
SLPM-65006;Beatmania IIDX - 3rd Style
SLPM-65026;Beatmania IIDX - 4th Style
SLPM-65049;Beatmania IIDX - 5th Style - New Songs Collection
SLPM-65156;Beatmania IIDX - 6th Style
SLPM-65593;Beatmania IIDX - 7th Style
SLPM-65768;Beatmania IIDX - 8th Style
SLPM-65946;Beatmania IIDX - 9th Style
SLPM-66426;Beatmania IIDX 11 - Red
SLPM-66621;Beatmania IIDX 12 - Happy Sky
SLPM-66828;Beatmania IIDX 13 - DistorteD
SLPM-66995;BeatMania IIDX 14 - Gold
SLPM-55117;BeatMania IIDX 15 - DJ Troopers
SLPM-55221;BeatMania IIDX 16 - Empress + Premium Best
SLPM-62175;Beatmania Utsu Utsu Utsu! [Konami The Best]
SLPS-25474;Beck - The Game
SLES-55016;Bee Movie Game
SLUS-21622;Bee Movie Game
SLES-55440;Ben 10 - Alien Force
SLUS-21815;Ben 10 - Alien Force
SLUS-21921;Ben 10 - Alien Force - Vilgax Attacks
SLES-54951;Ben 10 - Protector of Earth
SLUS-21661;Ben 10 - Protector of Earth
SLES-55592;Ben 10 Alien Force - Vilgax Attacks
SLES-55639;Ben 10 Ultimate Alien - Cosmic Destruction
SCES-51350;Ben Hur
SLES-51350;Ben Hur
SLAJ-25039;Beni no Umi 2
KOEI-00082;Beni no Umi 2 [Koei the Best]
SLPM-66423;Beni no Umi 2 [Koei the Best]
SLKA-25213;Berserk
SLPM-65688;Berserk
SLPM-65686;Berserk [Branded Box]
SLPS-25497;Berwick Saga - Tear Ring Saga Series
SLPS-25496;Berwick Saga - Tear Ring Saga Series [Deluxe Pack]
SCED-50783;Best Games Ever 6
SCED-50786;Best Games Ever 8
SCED-51280;Best Games Ever 9
SCED-51389;Best PS2 Games Ever 10
SLES-54456;Beverly Hills Cop
SCES-51917;Beyond Good and Evil
SLES-51917;Beyond Good and Evil
SLUS-20763;Beyond Good and Evil
SLUS-29082;Beyond Good and Evil [Demo]
SLUS-21711;Biathlon 2008
SCES-54023;Bible Game
SLES-54023;Bible Game, The
SLUS-21175;Bible Game, The
SLPM-62389;Big Bass - Bass Tsuri Kanzen Kouryaku [SuperLite 2000 Series]
SCES-51355;Big Mutha Truckers
SLES-51355;Big Mutha Truckers
SLUS-20605;Big Mutha Truckers
SCES-52980;Big Mutha Truckers 2
SLES-52980;Big Mutha Truckers 2
SLUS-21086;Big Mutha Truckers 2
SLUS-21860;BIGS 2, The
SLUS-21623;BIGS, The
SLES-54319;Biker Mice from Mars
SLUS-21578;Biker Mice from Mars
SCPS-11004;Bikkuri Mouse
SCES-51859;Billiards Xciting
SLES-51859;Billiards Xciting
SCES-53736;Billy the Wizard - Rocket Broomstick Racing
SLES-53736;Billy the Wizard - Rocket Broomstick Racing
SLPS-25659;Binchou-Tan - Shiwase Koyomi
SLPS-25658;Binchou-Tan - Shiwase Koyomi [Limited Edition]
SLPM-86770;BioHazard - 5th Anniversary Package
SLPM-65024;BioHazard - 5th Anniversary Package - Nightmare Returns [Disc 1]
SLPM-65025;BioHazard - 5th Anniversary Package - Nightmare Returns [Disc 2]
SLPM-65022;BioHazard - Code Veronica - Perfect Version
SLPM-65357;BioHazard - Code Veronica - Perfect Version
SLPM-66520;BioHazard - Code Veronica [Premium Box]
SLPM-66213;BioHazard 4
SLPM-74288;BioHazard 4 [PlayStation 2 the Best 2nd Reprint]
SLPM-74262;BioHazard 4 [PlayStation 2 the Best Reprint]
SLPM-74229;BioHazard 4 [PlayStation 2 The Best]
SLPM-55143;BioHazard Code - Veronica Kanzenban [Best Price]
SLPM-65060;Biohazard Gun Survivor 2 - CODE - Veronica
SLPM-65059;Biohazard Gun Survivor 2 - CODE - Veronica [with Guncon]
SLPM-65245;Biohazard Gun Survivor 4 - Heroes Never Die
SLPM-65428;BioHazard Outbreak
SLPM-65692;BioHazard Outbreak - File 2
SLPN-40002;BioHazard Outbreak [Network Adaptor Pack]
SLPM-74201;Biohazard Outbreak [PlayStation 2 The Best]
SLUS-20818;Bionicle
SCES-51956;Bionicle - The Game
SLES-51956;Bionicle - The Game
SCES-54150;Bionicle Heroes
SLES-54150;Bionicle Heroes
SLPM-66645;Bionicle Heroes
SLUS-21428;Bionicle Heroes
SCES-52667;Birmingham City - Club Football 2005
SLES-52667;Birmingham City - Club Football 2005
SLPM-65348;Bistro Cupid 2
SLPM-65347;Bistro Cupid 2 [Limited Edition]
SCES-53886;Black
SCES-54030;Black
SLAJ-25078;Black
SLES-54030;Black
SLPM-66354;Black
SLUS-21376;Black
SLUS-29180;Black [Demo]
SLPM-66731;Black [EA Best Hits]
SLPM-66961;Black [EA-SY! 1980]
SLES-53886;Black [Review]
SLUS-20506;Black & Bruised
SLUS-29045;Black & Bruised [Demo]
SLUS-28027;Black & Bruised [Trade Demo]
SCES-51620;Black and Bruised
SLES-51620;Black and Bruised
SLES-54213;Black Buccaneer
SLPM-66289;Black Cat
CPCS-01019;Black Cat [Limited Pack]
SCES-53317;Black Market Bowling
SLES-53317;Black Market Bowling
SLPS-20187;Black Matrix 2
SLPS-20299;Black Matrix 2
SCES-51013;Blade 2
SCES-51014;Blade 2
SLES-51013;Blade 2
SLES-51014;Blade 2
SLUS-20360;Blade 2
SLPM-66270;Blazing Souls
SLPM-66269;Blazing Souls [Limited Edition]
SCPS-15116;Bleach - Blade Battles
SCPS-19329;Bleach - Blade Battles [PlayStation 2 the Best]
SCPS-15119;Bleach - Blade Battles 2nd
SCAJ-20140;Bleach - Erabareshi Tamashi
SCPS-15087;Bleach - Erabareshi Tamashi
SCAJ-20165;Bleach - Hanatareshi Yabou
SCPS-15101;Bleach - Hanatareshi Yabou
SCPS-19330;Bleach - Hanatareshi Yabou [PlayStation 2 the Best]
SCPS-19331;Bleach - Selected Soul [PlayStation 2 the Best]
SLUS-21128;Blitz - The League
SLPS-20443;Blocks Club with Bumpy Trot
SCPS-15007;Blood - The Last Vampire - Vol.1 Joukan
SCPS-15008;Blood - The Last Vampire - Vol.2 Gekan
SCES-50771;Blood Omen 2 - Legend of Kain
SCES-50772;Blood Omen 2 - Legend of Kain
SCES-50815;Blood Omen 2 - Legend of Kain
SLES-50771;Blood Omen 2 - Legend of Kain
SLES-50772;Blood Omen 2 - Legend of Kain
SLES-50815;Blood Omen 2 - Legend of Kain
SCES-51474;Blood Rayne
SLES-51474;Blood Rayne
SCES-52755;Blood Will Tell
SLES-52755;Blood Will Tell
SLUS-20782;Blood Will Tell
SLKA-25225;Blood Will Tell: Tezuka Osamu's Dororo
SLPM-60248;Blood Will Tell: Tezuka Osamu's Dororo
SLPS-25677;Blood+ One Night Kiss
SCPS-15112;Blood+ Souyoku Battle Rinbukyoku
SLPM-65665;BloodRayne
SLUS-20461;BloodRayne
SCES-53831;BloodRayne 2
SCES-53832;BloodRayne 2
SLES-53831;BloodRayne 2
SLES-53832;BloodRayne 2
SLUS-20862;Bloodrayne 2
SCES-50203;Bloody Roar 3
SLES-50203;Bloody Roar 3
SLPM-62055;Bloody Roar 3
SLUS-20212;Bloody Roar 3
SLPM-62133;Bloody Roar 3 [Konami The Best]
SCES-51877;Bloody Roar 4
SLES-51877;Bloody Roar 4
SLKA-25130;Bloody Roar 4
SLPM-65499;Bloody Roar 4
SLUS-20795;Bloody Roar 4
SCES-52989;Blowout
SLES-52989;Blowout
SLUS-20850;Blowout
SCES-50880;BMX XXX
SCES-51365;BMX XXX
SLES-50880;BMX XXX
SLES-51365;BMX XXX
SLUS-20415;BMX XXX
SLES-52714;Board Games Gallery [10 Games]
SLES-54981;Bob the Builder - Festival of Fun
SLPM-62572;Boboboubo Boubobo - Shuumare! Taikan Boubobo
SLPM-62565;Boboboubo Boubobo - Shuumare! Taikan Boubobo [with Camera]
SLPM-65912;Boboboubo Boubobo [Hudson the Best]
SLPM-65262;Boboboubo Boubobo Hajike Matsuri
SLUS-21381;Bode Miller Alpine Skiing
SCPS-15026;Boku no Natsuyasumi 2
SCPS-19303;Boku no Natsuyasumi 2 [PlayStation 2 The Best]
SCPS-19209;Boku no Summer Vacation [PlayStation 2 The Best]
SCPS-11008;Boku to Mao
PAPX-90212;Boku to Maou
SCPS-19102;Boku to Maou [PlayStation 2 The Best]
SLPS-20304;Boku wa Chiisai [Best Collection]
SLPS-25421;Bokujou Monogarari - Oh! Wonderful Life
SLPS-25431;Bokujou Monogatari - Oh! Wonderful Life
SLPS-20104;Bokujou Monogatari 3
SLPS-73102;Bokujou Monogatari 3 - Heart ni Hi o Tsukete [PlayStation 2 The Best]
SLPS-73109;Bokujou Monogatari 3 - Heart ni Hi o Tsukete [PlayStation 2 The Best]
SCPS-15088;Bokura no Kazoku
SLES-55428;Bolt
SCES-51966;Bombastic
SLES-51966;Bombastic
SLUS-20764;Bombastic
SLPM-62503;Bomberman Battles
SCES-53301;Bomberman Hardball
SLES-53301;Bomberman Hardball
SLPM-65218;Bomberman Jetters
SLPM-65485;BOMBERMAN JETTERS [HUDSON THE BEST]
SCES-51302;Bomberman Kart
SLES-51302;Bomberman Kart
SLPM-62118;Bomberman Kart
SLPM-62311;Bomberman Kart
SLPM-62478;Bomberman Kart DX
SLPM-62599;Bomberman Kart DX
SLPM-62291;Bomberman Land 2
SLPM-74101;Bomberman Land 2 [PlayStation 2 The Best]
SLPM-62643;Bomberman Land 3
SLPM-62763;Bomberman Land 3 [Hudson Best Version]
SCED-53515;Bonus Demo 10
SCED-53514;Bonus Demo 10 [Old]
SCED-53513;Bonus Demo 10 [You]
SCED-54338;Bonus Demo 11
SCED-54101;Bonus Demo 11 [You]
SCED-54102;Bonus Demo 11m
SCED-54399;Bonus Demo 12
SCED-54397;Bonus Demo 12 [You]
SCED-54398;Bonus Demo 12m
SCED-51486;Bonus Demo 4
SCED-51940;Bonus Demo 5
SCED-51941;Bonus Demo 5
SCED-52390;Bonus Demo 6
SCED-52932;Bonus Demo 8 [Old]
SCED-52933;Bonus Demo 8 [You]
SCED-53117;Bonus Demo 9 [Old]
SCED-53116;Bonus Demo 9 [You]
SLES-55007;Boogie
SLUS-21681;Boogie
SCES-51083;Borussia Dortmund Club Football - Saison 2003-2004
SLES-51083;Borussia Dortmund Club Football - Saison 2003-2004
SLPM-65014;Bouken Jidai Katsugeki - Goemon
SLPM-65066;Bouken Jidai Katsugeki Goemon
SLPM-65617;Bouken Jidai Katsugeki Goemon [Konami Collection]
SLPS-25470;Bouken-ou Beat - Dark Next Century
SLPM-66060;Boukoku no Aegis 2035 - Warship Gunner
SLPM-66939;Boukoku no Aegis 2035 - Warship Gunner [Koei Selection]
SLPM-66529;Boukoku no Aegis 2035 - Warship Gunner [KOEI the Best]
SLES-50241;Bouncer
SLUS-20069;Bouncer
SCES-50241;Bouncer, The
SLPS-25023;Bouncer, The
SLUS-20606;Bounty Hunter - Seek & Destroy
SCES-51861;Bowling Xciting
SLES-51861;Bowling Xciting
SCES-51717;Boxing Champions
SLES-51717;Boxing Champions
SLUS-21470;Bratz - Forever Diamonds
SCES-54342;Bratz - Forever Diamondz
SCES-54343;Bratz - Forever Diamondz
SCES-54344;Bratz - Forever Diamondz
SLES-54342;Bratz - Forever Diamondz
SLES-54343;Bratz - Forever Diamondz
SLES-54344;Bratz - Forever Diamondz
SLUS-21791;Bratz - Girlz Really Rock
SLUS-21225;Bratz - Rock Angels
SCES-53574;Bratz - Rock Angelz
SCES-53575;Bratz - Rock Angelz
SCES-53576;Bratz - Rock Angelz
SCES-53577;Bratz - Rock Angelz
SCES-53578;Bratz - Rock Angelz
SCES-53582;Bratz - Rock Angelz
SCES-53583;Bratz - Rock Angelz
SLES-53574;Bratz - Rock Angelz
SLES-53575;Bratz - Rock Angelz
SLES-53576;Bratz - Rock Angelz
SLES-53577;Bratz - Rock Angelz
SLES-53578;Bratz - Rock Angelz
SLES-53582;Bratz - Rock Angelz
SLES-53583;Bratz - Rock Angelz
SCES-54998;Bratz - The Movie
SLES-54998;Bratz - The Movie
SLUS-21643;Bratz - The Movie
SCES-51635;Brave - The Search for Spirit Dancer
SLES-51635;Brave - The Search for Spirit Dancer
SLUS-21127;Brave - The Search for Spirit Dancer
SCPS-15111;Brave Story - Wataru no Bouken
PAPX-90216;Bravo Music
SCPS-11013;Bravo Music
SCPS-51004;Bravo Music
SCPS-11023;Bravo Music - Chou-Meikyokuban
SCPS-11019;Bravo Music - Chou-Meikyokuban [Limited Edition] [Disc 1]
SCPS-11020;Bravo Music - Chou-Meikyokuban [Limited Edition] [Disc 2]
SCPS-11017;Bravo Music - Christmas Edition
PCPX-96511;Bravo Music - Christmas Edition
SCPS-19105;Bravo Music [PlayStation 2 The Best]
SCES-51496;Breath of Fire - Dragon Quarter
SLES-51496;Breath of Fire - Dragon Quarter
SLUS-20499;Breath of Fire - Dragon Quarter
SLPM-74410;Breath of Fire 5 [PlayStation 2 The Best]
SLPM-65196;Breath of Fire V - Dragon Quarter
SLUS-21195;Breeders' Cup - World Thoroughbred Championships
SCES-52717;Brian Lara Cricket 2005
SLES-52717;Brian Lara Cricket 2005
SCES-50946;Britney's Dance Beat
SCES-50947;Britney's Dance Beat
SCES-50948;Britney's Dance Beat
SLES-50946;Britney's Dance Beat
SLES-50947;Britney's Dance Beat
SLES-50948;Britney's Dance Beat
SLPM-65174;Britney's Dance Beat
SLUS-20402;Britney's Dance Beat
SLPS-25356;Broken Sword - Nenereru Ryuu no Densetsu
SCES-51557;Broken Sword - The Sleeping Dragon
SLES-51557;Broken Sword - The Sleeping Dragon
SLKA-25277;Brother in Arms - Road to Hill 30
SLPM-66042;Brother in Arms - Road to Hill 30
SCES-53659;Brothers in Arms - Earned in Blood
SLES-53659;Brothers in Arms - Earned in Blood
SLPM-66410;Brothers In Arms - Earned In Blood
SLUS-21310;Brothers in Arms - Earned in Blood
SLPM-66708;Brothers In Arms - Earned In Blood [Best Version]
SCES-52888;Brothers in Arms - Road to Hill 30
SLES-52888;Brothers in Arms - Road to Hill 30
SLUS-21163;Brothers in Arms - Road to Hill 30
SLPM-66568;Brothers in Arms - Road to Hill 30 [Ubisoft Best]
SLES-54588;Brunswick Pro Bowling
SLUS-21566;Brunswick Pro Bowling
SLES-54476;Buccaneer
SCES-51890;Buffy the Vampire Slayer - Chaos Bleeds
SLES-51890;Buffy the Vampire Slayer - Chaos Bleeds
SLUS-20566;Buffy the Vampire Slayer - Chaos Bleeds
SLPM-62411;Buggy Grand Prix - Kattobi! Dai-Sakusen
SLPM-62157;Building Baku
SCAJ-20056;Bujingai
SLKA-25150;Bujingai
SLPM-65459;Bujingai
TCPS-10079;Bujingai
SCES-52495;Bujingai - Swordmaster
SLES-52495;Bujingai - Swordmaster
SLUS-20895;Bujingai - The Forsaken City
SLPS-25879;Bully
SLUS-21269;Bully
SLPS-25950;Bully [Best of Bethesda]
SCKA-20058;Bumpy Trot
SCES-50445;Burnout
SLES-50445;Burnout
SLUS-20307;Burnout
SLUS-21596;Burnout - Dominator
SLED-50617;Burnout [Demo]
SLUS-28006;Burnout [Trade Demo]
SCES-51044;Burnout 2 - Point of Impact
SCES-52968;Burnout 2 - Point of Impact
SLES-51044;Burnout 2 - Point of Impact
SLES-52968;Burnout 2 - Point of Impact
SLPS-25351;Burnout 2 - Point of Impact
SLUS-20497;Burnout 2 - Point of Impact
SLED-51211;Burnout 2 - Point of Impact [Demo]
SCES-52584;Burnout 3 - Takedown
SCES-52585;Burnout 3 - Takedown
SLAJ-25053;Burnout 3 - Takedown
SLES-52584;Burnout 3 - Takedown
SLES-52585;Burnout 3 - Takedown
SLPM-65719;Burnout 3 - Takedown
SLUS-21050;Burnout 3 - Takedown
SLPM-65958;Burnout 3 - Takedown [EA Best Hits]
SLPM-66962;Burnout 3 - Takedown [EA-SY! 1980]
SLKA-25206;Burnout 3 - Takedown
SLPM-60246;Burnout 3 - Takedown [Trial]
SLUS-29113;Burnout 3 [Demo]
SLAJ-25094;Burnout Dominator
SLES-54627;Burnout Dominator
SLPM-66739;Burnout Dominator
SLPM-55036;Burnout Dominator [EA:SY! 1980]
SCES-53506;Burnout Revenge
SCES-53507;Burnout Revenge
SLES-53506;Burnout Revenge
SLES-53507;Burnout Revenge
SLPM-66108;Burnout Revenge
SLUS-21242;Burnout Revenge
SLKA-25304;Burnout Revenge
SLAJ-25066;Burnout Revenge - Battle Racing Ignited
SLUS-29153;Burnout Revenge [Demo]
SLED-53512;Burnout Revenge [Demo]
SLPM-66652;Burnout Revenge [EA Best Hits]
SLPM-55004;Burnout Revenge [EA:SY! 1980]
SLPM-62098;Busin - Wizardry Alternative
SLPM-74007;Busin - Wizardry Alternative [PlayStation 2 The Best]
SLKA-25221;Busin 0 - Wizardry Alternative Neo
SLPM-65876;Busin 0 - Wizardry Alternative Neo [Atlus Best Collection]
SLPM-65378;Busin 0 - Wizardry Alternative Zero
SLPM-61060;Busin 0: Wizardry Alternative Neo [Demo] [Taikenban]
SLPS-25764;Busou Renkin
SLPS-25877;Busou Renkin - Yokosu Papillon Park e [Best Collection]
SCES-51713;Bust-A-Bloc
SLES-51713;Bust-A-Bloc
SCES-51731;Bust-A-Block
SLES-51731;Bust-A-Block
SCES-51060;Butt Ugly Martians
SLES-51060;Butt Ugly Martians
SLUS-20527;Butt Ugly Martians - Zoom or Doom!
SLPM-62578;Buzz Rod Fishing Fantasy
SCES-53385;Buzz! Brain of the UK
SCES-54499;Buzz! Das Mega-Quiz
SLES-54499;Buzz! Das Mega-Quiz
SCES-55420;Buzz! De Slimste van Nederland
SCUS-97602;Buzz! Jr. Jungle Party [Game Only]
SCUS-97597;Buzz! Jr. RoboJam [Bundle]
SCUS-97634;Buzz! Jr. RoboJam [Game Only]
SCES-55210;Buzz! Junior - Ace Racers
SCED-55432;Buzz! Junior - Ace Racers [Demo]
SCES-54749;Buzz! Junior - Dino Den
SCES-54219;Buzz! Junior - Jungle Party
SCES-54220;Buzz! Junior - Jungle Party
SCES-54524;Buzz! Junior - Jungle Party
SLES-54219;Buzz! Junior - Jungle Party
SLES-54220;Buzz! Junior - Jungle Party
SLES-54524;Buzz! Junior - Jungle Party
SCED-54808;Buzz! Junior - RoboJam + Buzz! Junior - Jungle Party
SCUS-97596;Buzz! Junior Jungle Party
SCES-55094;Buzz! Pop Quiz
SCES-53879;Buzz! The Big Quiz
SCES-53880;Buzz! The Big Quiz
SCES-53881;Buzz! The Big Quiz
SCES-53882;Buzz! The Big Quiz
SCES-53883;Buzz! The Big Quiz
SCES-53884;Buzz! The Big Quiz
SCES-53925;Buzz! The Big Quiz
SCES-53926;Buzz! The Big Quiz
SCES-53927;Buzz! The Big Quiz
SCES-53929;Buzz! The Big Quiz
SCES-54071;Buzz! The Big Quiz
SCES-54073;Buzz! The Big Quiz
SLES-53879;Buzz! The Big Quiz
SLES-53880;Buzz! The Big Quiz
SLES-53881;Buzz! The Big Quiz
SLES-53882;Buzz! The Big Quiz
SLES-53883;Buzz! The Big Quiz
SLES-53884;Buzz! The Big Quiz
SLES-53925;Buzz! The Big Quiz
SLES-53926;Buzz! The Big Quiz
SLES-53927;Buzz! The Big Quiz
SLES-53929;Buzz! The Big Quiz
SLES-54071;Buzz! The Big Quiz
SLES-54073;Buzz! The Big Quiz
SCES-54844;Buzz! The Hollywood Quiz
SCUS-97594;Buzz! The Hollywood Quiz [Bundle]
SCUS-97633;Buzz! The Hollywood Quiz [Game Only]
SCES-54496;Buzz! The Mega Quiz
SCUS-97592;Buzz! The Mega Quiz
SCUS-97601;Buzz! The Mega Quiz [Game Only]
SCES-53304;Buzz! The Music Quiz
SCES-53305;Buzz! The Music Quiz
SCES-53307;Buzz! The Music Quiz
SCES-53308;Buzz! The Music Quiz
SCES-53663;Buzz! The Music Quiz
SCES-53669;Buzz! The Music Quiz
SLES-53304;Buzz! The Music Quiz
SLES-53305;Buzz! The Music Quiz
SLES-53307;Buzz! The Music Quiz
SLES-53308;Buzz! The Music Quiz
SLES-53663;Buzz! The Music Quiz
SLES-53669;Buzz! The Music Quiz
SCES-54941;Buzz! The Schools Quiz
SCES-54258;Buzz! The Sports Quiz
SCES-54259;Buzz! The Sports Quiz
SCES-54260;Buzz! The Sports Quiz
SCES-54261;Buzz! The Sports Quiz
SCES-54262;Buzz! The Sports Quiz
SCES-54263;Buzz! The Sports Quiz
SCES-54264;Buzz! The Sports Quiz
SCES-54265;Buzz! The Sports Quiz
SCES-54266;Buzz! The Sports Quiz
SCES-54267;Buzz! The Sports Quiz
SCES-54268;Buzz! The Sports Quiz
SCES-54269;Buzz! The Sports Quiz
SLES-54258;Buzz! The Sports Quiz
SLES-54259;Buzz! The Sports Quiz
SLES-54260;Buzz! The Sports Quiz
SLES-54261;Buzz! The Sports Quiz
SLES-54262;Buzz! The Sports Quiz
SLES-54263;Buzz! The Sports Quiz
SLES-54264;Buzz! The Sports Quiz
SLES-54265;Buzz! The Sports Quiz
SLES-54266;Buzz! The Sports Quiz
SLES-54267;Buzz! The Sports Quiz
SLES-54268;Buzz! The Sports Quiz
SLES-54269;Buzz! The Sports Quiz
SCES-53236;Buzzrod Fishing Fantasy
SLES-53236;Buzzrod Fishing Fantasy
SCES-52648;BVB 09 - Club Football 2005 - Borussia Dortmund
SLES-52648;BVB 09 - Club Football 2005 - Borussia Dortmund
SLPM-65879;C1 Grand Prix Racing Battle
SLPM-65897;C1 Grand Prix Racing Battle
SLUS-21056;Cabal, The ~~CANCELLED~~
SLUS-21379;Cabela's African Safari
SLUS-21384;Cabela's Alaskan Adventures
SCES-51590;Cabela's Big Game Hunter
SLES-51590;Cabela's Big Game Hunter
SLUS-20534;Cabela's Big Game Hunter
SLUS-21011;Cabela's Big Game Hunter - 2005 Adventures
SLUS-21625;Cabela's Big Game Hunter III
SLES-55331;Cabela's Dangerous Adventures
SCES-52106;Cabela's Dangerous Hunts
SLES-52106;Cabela's Dangerous Hunts
SLUS-20736;Cabela's Dangerous Hunts
SLUS-21350;Cabela's Dangerous Hunts 2
SLUS-20665;Cabela's Deer Hunt - 2004 Season
SLUS-21021;Cabela's Deer Hunt - 2005 Season
SLUS-21789;Cabela's Legendary Adventures
SLUS-21715;Cabela's Moster Bass
SLUS-21192;Cabela's Outdoor Adventures 2006
SLUS-21624;Cabela's Trophy Bucks
SLPM-65911;Cafe Lindbergh - Summer Season
SLPM-65910;Cafe Lindbergh - Summer Season [Sweet Box]
SLPM-65295;Cafe Little Wish - Mahou no Recipe
SLPM-65294;Cafe Little Wish - Mahou no Recipe [Limited Edition]
SLPM-66159;Call of Duty - Final Hour
SCES-52782;Call of Duty - Finest Hour
SCES-52784;Call of Duty - Finest Hour
SLES-52782;Call of Duty - Finest Hour
SLES-52784;Call of Duty - Finest Hour
SLUS-20725;Call of Duty - Finest Hour
SCES-52783;Call of Duty - Le Jour de Glorie
SLES-52783;Call of Duty - Le Jour de Glorie
SLES-55367;Call of Duty - World at War - Final Fronts
SLUS-21746;Call of Duty - World at War - Final Fronts
SCES-53415;Call of Duty 2 - Big Red One
SCES-53416;Call of Duty 2 - Big Red One
SCES-53417;Call of Duty 2 - Big Red One
SLES-53415;Call of Duty 2 - Big Red One
SLES-53416;Call of Duty 2 - Big Red One
SLES-53417;Call of Duty 2 - Big Red One
SLPM-66328;Call of Duty 2 - Big Red One
SLUS-21228;Call of Duty 2 - Big Red One
SCES-53722;Call of Duty 2 - Big Red One [Collector's Edition]
SLES-53722;Call of Duty 2 - Big Red One [Collector's Edition]
SLUS-21318;Call of Duty 2 - Big Red One [Collector's Edition]
SCES-54166;Call of Duty 3
SCES-54167;Call of Duty 3
SCES-54168;Call of Duty 3
SLES-54166;Call of Duty 3
SLES-54167;Call of Duty 3
SLES-54168;Call of Duty 3
SLUS-21426;Call of Duty 3
SLPS-20418;Cam-Station
SLPS-20406;Cam-Station [with EyeToy & USB Headset]
SLPM-65448;Cambrian QTS - Kaseki Ninattemo
SLPS-25219;Canary
SCES-53561;Canis Canem Edit
SLES-53561;Canis Canem Edit
SLPS-25223;Canvas
SLPM-65923;Canvas [Best Version]
SLPM-66265;Canvas 2 - Niji-iro no Sketch
SLPM-66264;Canvas 2 - Niji-iro no Sketch [Deluxe Pack]
SLPM-55187;Canvas 3 - Tanshoku no Pastel
SCES-53661;Capcom Classics Collection
SLES-53661;Capcom Classics Collection
SLPM-66852;Capcom Classics Collection [Best Price]
SLPM-66317;Capcom Classics Collection Vol.1
SLUS-21316;Capcom Classics Collection Vol.1
SLUS-21473;Capcom Classics Collection Vol.2
SLES-54561;Capcom Classics Collection Volume 2
SLUS-20950;Capcom Fighting Evolution
SCES-52852;Capcom Fighting Jam
SCES-52854;Capcom Fighting Jam
SLES-52852;Capcom Fighting Jam
SLES-52854;Capcom Fighting Jam
SLPM-65794;Capcom Fighting Jam
SLPM-65047;Capcom vs SNK 2
SCES-50541;Capcom vs SNK 2 - Mark of the Millennium
SLES-50541;Capcom vs SNK 2 - Mark of the Millennium
SLUS-20246;Capcom vs SNK 2 - Mark of the Millennium 2001
CPCS-01001;Capcom vs SNK 2 - Millionaire Fighting 2001 [Modem Pack]
SLPM-74246;Capcom vs SNK 2 - Millionaire Fighting 2001 [PlayStation 2 the Best - Reprint]
CPCS-01040;Capcom vs SNK 2 - Millionaire Fighting 2001 [with SFIII 3rd Strike Value Pack]
SLPM-74402;Capcom vs SNK 2 [PlayStation 2 The Best]
SCES-54471;Captain Scarlet
SLES-54471;Captain Scarlet
SLPS-25691;Captain Tsubasa
SLES-53485;Car Racing Challenge
SCES-53922;Car Wash Tycoon
SLES-53922;Car Wash Tycoon
SLPS-20408;Card Captor Sakura - Sakura-Chan to Asobo!
SLPM-62365;Cardinal Arc - Konton no Fuusatsu
SCES-52143;Carmen Sandiego - The Secret of the Stolen Drums
SLES-52143;Carmen Sandiego - The Secret of the Stolen Drums
SLUS-20849;Carmen Sandiego - The Secret of The Stolen Drums
SLES-55536;Cars Race-O-Rama
SLUS-20141;CART Fury - Championship Racing
SCES-50267;CART Fury Championship Racing
SLES-50267;CART Fury Championship Racing
SLPM-66230;CARTAGRA - THE SUFFERING OF SOUL [Limited Edition]
SCES-54306;Cartoon Network Racing
SLES-54306;Cartoon Network Racing
SLUS-21438;Cartoon Network Racing
SCES-52178;Casino Challenge
SLES-52178;Casino Challenge
SCES-50647;Casper - Spirit Dimensions
SLES-50647;Casper - Spirit Dimensions
SCES-54383;Casper and The Ghostly Trio
SCES-54426;Casper and The Ghostly Trio
SLES-54383;Casper and The Ghostly Trio
SLES-54426;Casper and The Ghostly Trio
SLUS-20205;Casper Spirit Dimensions
SLES-55074;Casper's Scare School
SLPM-65899;Castle Fantasia
SLPM-66605;Castle Fantasia - Arihato Senki
SLPM-66989;Castle Fantasia - Arihato Senki [Best Version]
SLPM-65898;Castle Fantasia [Deluxe Pack]
SLUS-20962;Castle of Shikigami 2
SCES-53518;Castle Shikigami II
SLES-53518;Castle Shikigami II
SLUS-21168;Castlevania - Curse of Dakness
SCES-53755;Castlevania - Curse of Darkness
SLES-53755;Castlevania - Curse of Darkness
SLKA-25328;Castlevania - Curse of Darkness
SCES-52118;Castlevania - Lament of Innocence
SLES-52118;Castlevania - Lament of Innocence
SLPM-65444;Castlevania - Lament of Innocence
SLUS-20733;Castlevania - Lament of Innocence
SLKA-25082;Castlevania - Lament of Innocence
SLPM-66325;Castlevania - Lament of Innocence [Konami Palace Selection]
SLPM-65406;Castlevania - Lament of Innocence [Limited Edition]
SLPM-61062;Castlevania - Lament of Innocence  [Store Demo]
SCES-51249;Castleween
SLES-51249;Castleween
SCES-52567;Catwoman
SLES-52567;Catwoman
SLUS-20992;Catwoman
SLES-54949;Catz
SCES-51554;Cell Damage Overdrive
SLES-51554;Cell Damage Overdrive
SCES-51423;Celtic - Club Football
SLES-51423;Celtic - Club Football
SCES-52665;Celtic FC - Club Football 2005
SLES-52665;Celtic FC - Club Football 2005
SCES-50636;Centre Court - Hardhitter
SLES-50636;Centre Court - Hardhitter
PAPX-90232;Chain Dive
SCAJ-20043;Chain Drive
SCPS-15054;Chain Drive
SLKA-25291;Chains of Power
SCES-53039;Champions - Return to Arms
SLES-53039;Champions - Return to Arms
SLUS-20973;Champions - Return to Arms
SLUS-29126;Champions - Return to Arms [Demo]
SLUS-20565;Champions of Norrath
SCES-52325;Champions of Norrath - Realms of EverQuest
SLES-52325;Champions of Norrath - Realms of EverQuest
SLUS-29088;Champions of Norrath - Realms of EverQuest [Demo]
SCES-53945;Championship Manager 2006
SLES-53945;Championship Manager 2006
SCES-54320;Championship Manager 2007
SLES-54320;Championship Manager 2007
SCES-53027;Championship Manager 5
SCES-53223;Championship Manager 5
SCES-53224;Championship Manager 5
SLES-53027;Championship Manager 5
SLES-53223;Championship Manager 5
SLES-53224;Championship Manager 5
SLPM-66816;Chanter# - Kimi no Uta ga Todoitara
SLPM-66176;Chaos Field - New Order
SCES-51553;Chaos Legion
SLES-51553;Chaos Legion
SLKA-25026;Chaos Legion
SLPM-65249;Chaos Legion
SLUS-20695;Chaos Legion
SLPM-66553;Chaos Wars
SLUS-21722;Chaos Wars
SCES-53386;Charlie and the Chocolate Factory
SLES-53386;Charlie and the Chocolate Factory
SLUS-21246;Charlie and the Chocolate Factory
SCES-51750;Charlie's Angels
SLES-51750;Charlie's Angels
SLES-54657;Charlotte's Web
SCPS-11011;Check-i-TV
SCPS-11015;Check-i-TV
SLPM-65219;Cheerful Party
SLPM-65220;Cheerful Party
SLES-54957;Cheggers Party Quiz
SCES-52663;Chelsea FC - Club Football 2005
SLES-52663;Chelsea FC - Club Football 2005
SLPS-20132;Chenuen no San Goku Shi [Chen Wen's Romance of the Three Kingdoms]
SLPS-25444;Cherry Blossom
SLPM-62539;Chess Champion [SuperLite 2000 Series]
SCES-51504;Chessmaster
SLES-51504;Chessmaster
SLUS-20637;Chessmaster [Online]
SCES-51436;Chessmaster 9000
SLES-51436;Chessmaster 9000
SLPS-25580;Chicken Little
SCES-54452;Chicken Little - 'As' en Accion
SLES-54452;Chicken Little - 'As' en Accion
SCES-54449;Chicken Little - Ace in Action
SCES-54453;Chicken Little - Ace in Action
SLES-54449;Chicken Little - Ace in Action
SLES-54453;Chicken Little - Ace in Action
SCES-54450;Chicken Little - Aventures Intergalactiques
SLES-54450;Chicken Little - Aventures Intergalactiques
SLPM-62360;Choaniki - Sei Naru Protein Densetsu [Akudaikan 2 Bundle]
SLPM-65255;Chobits
SLPM-66001;Chocolat - Maid Cafe Curio
ALCH-00003;Chocolat - Maid Cafe Curio [Deluxe Edition]
SLUS-20930;Choro Q
SLPM-62761;Choro Q - HG 2 [Atlus Best Collection]
SLPM-62595;Choro Q - HG 3 [Takara The Best]
SLPM-66250;Choro Q - HG 4 [Takara Best]
SLPS-25015;Choro Q - High Grade
SLPS-25014;Choro Q - High Grade [Limited Edition]
SLPM-62355;Choro Q - High Grade 2
SLPM-62244;Choro Q - High Grade 3
SLPM-65149;Choro Q HG
SLKA-15008;Choro Q HG 2
SLPM-62771;Choro Q HG 3 [Atlus Best Collection]
SLPM-65326;Choro Q HG 4
SLPM-65724;Choro Q Works
SLPM-62104;Choro-Q HG2
SLES-53140;ChoroQ
SLUS-28044;ChoroQ [Trade Demo]
SLPM-62403;Chou Aniki - Seinaru Protein Densetsu
SLPM-65207;Chou Battle Houshin
SLPM-66095;Chou Battle Houshin
SLPM-65210;Chou Battle Houshin - Bundle #1
SLPM-65215;Chou Battle Houshin - Bundle #2
SLPM-65537;Chou Battle Houshin [Koei The Best]
SLPM-65578;Chou Gouka! Quiz Ketteiban
SLPM-62146;Chou Kousoku Mahjong Plus
SLPM-62486;Chou Saisoku! Zokusha King B.U. [Simple Series DX]
SLPS-20149;Chou! Rakushii Internet Tomodachi Nowa [Type-OS]
SLPS-20169;Chou! Rakushii Internet Tomodachi Nowa [Type-PG]
SLPS-20127;Chou! Tanoshii Internet - Tomodachi no Wa [Modem]
SLPM-62037;Choukousoku Igo
SLPM-62038;Choukousoku Mahjong
SLPM-62036;Choukousoku Reversi
SLPM-62039;Choukousoku Shogi
SLUS-21756;Chronicles of Narnia, The - Prince Caspian
SLPS-25626;Chronicles of Narnia, The - The Lion, The Witch and The Wardrobe
SLUS-21082;Chronicles of Narnia, The - The Lion, The Witch and The Wardrobe
SLPS-25416;Chu Kana Janshi Tenho Pai-Nyan
SLPS-25415;Chu-Kana Janshi [Collector's Edition]
SLPS-20230;Chulip
SLUS-20742;Chulip
SLPS-20471;Chulip [Super Best Collection]
SLPS-20283;Chulip [Victor the Best]
SLES-55079;CID The Dummy
SLUS-21754;CID the Dummy
SLPS-25073;Cinema Surfing - Youga Taizen
SLES-53090;Circuit Blasters
SLES-50935;Circus Maximus - Chariot Wars
SCES-50364;City Crisis
SLES-50364;City Crisis
SLPS-20101;City Crisis
SLUS-20274;City Crisis
SLES-53343;City Soccer Challenge
SLPM-66302;Clannad
SLPM-66981;Clannad
SLPM-55178;Clannad [Best Version Premium Box]
SLPM-55181;Clannad [Best Version]
SCES-53614;Classic British Motor Racing
SLES-53614;Classic British Motor Racing
SLPM-55136;Clear - Atarashii Kaze no Fuku Oka de
SLES-54890;Clever Kids - Dino Land
SLES-54891;Clever Kids - Pony World
SLPM-62129;Climax Tennis - WTA Tour Edition
SCES-51619;Clock Tower 3
SLES-51619;Clock Tower 3
SLPM-65221;Clock Tower 3
SLPM-74416;Clock Tower 3
SLUS-20633;Clock Tower 3
SLPM-55281;Clock Zero - Shuuen no Ichibyou
CZP2-01101;Clock Zero - Shuuen no Ichibyou [Limited Edition]
SLPS-25257;Close To
SLPM-66137;Clover Heart's Looking for Happiness [The Best]
SLPM-55255;Clover no Kuni no Alice
SLPS-25391;Clover's Heart - Looking for Happiness
SLPS-25390;Clover's Heart - Looking for Happiness [Limited Edition]
SCES-51089;Club Football - Arsenal
SLES-51089;Club Football - Arsenal
SCES-51086;Club Football - Chelsea
SLES-51086;Club Football - Chelsea
SCES-51081;Club Football - Juventus 2003-2004 Season
SLES-51081;Club Football - Juventus 2003-2004 Season
SCES-51100;Club Football - Liverpool - 2003-2004 Season
SLES-51100;Club Football - Liverpool - 2003-2004 Season
SCES-51090;Club Football - Manchester United
SLES-51090;Club Football - Manchester United
SCES-52647;Club Football - Manchester United 2005
SLES-52647;Club Football - Manchester United 2005
SCES-51088;Club Football - Rangers
SLES-51088;Club Football - Rangers
SCES-52654;Club Football - Real Madri 2005
SLES-52654;Club Football - Real Madri 2005
SCES-51077;Club Football Real Madrid
SLES-51077;Club Football Real Madrid
SCES-54518;Clumsy Shumsy
SLES-54518;Clumsy Shumsy
SLPS-25654;Cluster Edge
SLPS-25794;Cluster Edge [Best Collection]
SLPS-25653;Cluster Edge [Limited Edition]
SLUS-21663;Cocoto - Fishing Master
SCES-52523;Cocoto - Platform Jumper
SLES-52523;Cocoto - Platform Jumper
SCES-54548;Cocoto Fishing Master
SLES-54548;Cocoto Fishing Master
SCES-52858;Cocoto Kart Racer
SLES-52858;Cocoto Kart Racer
SCAJ-20153;Code Age Commanders
SLPM-66109;Code Age Commanders
SLPS-25860;Code Geass - Hangyaku no Lelouch - Lost Colors
SLUS-21743;Code Lyoko - Quest for Infinity
SCES-54615;Code of the Samurai
SLES-54615;Code of the Samurai
SLES-53685;Codename - Kids Next Door - Operation V.I.D.E.O.G.A.M.E.
SLUS-21155;Codename - Kids Next Door - Operation V.I.D.E.O.G.A.M.E.
SCES-53158;Cold Fear
SLES-53158;Cold Fear
SLUS-21047;Cold Fear
SCES-52963;Cold Winter
SCES-53093;Cold Winter
SLES-52963;Cold Winter
SLES-53093;Cold Winter
SLUS-20845;Cold Winter
SLED-53327;Cold Winter [Demo]
SCES-51824;Colin McRae Rally '04
SLES-51824;Colin McRae Rally '04
SCES-52636;Colin McRae Rally 2005
SLES-52636;Colin McRae Rally 2005
SCES-51117;Colin McRae Rally 3
SLES-51117;Colin McRae Rally 3
SLUS-20502;Colin McRae Rally 3
SLUS-21232;College Hoops 2K6
SLUS-21673;College Hoops 2K8
SLUS-21179;Colloseum - Road to Freedom
SLPS-20202;Coloball 2002
SLPM-66805;Colorful Aquarium - My Little Mermaid
SLPM-66804;Colorful Aquarium - My Little Mermaid [Limited Edition]
SLPM-65589;Colorful Box - To Love
SLPM-66414;Colorful Box - To Love
SLPM-65588;Colorful Box - To Love [Limited Edition]
SLPS-20056;Colorio Hagaki Print
SCES-53356;Colosseum - Road to Freedom
SCES-53357;Colosseum - Road to Freedom
SLES-53356;Colosseum - Road to Freedom
SLES-53357;Colosseum - Road to Freedom
SCES-53924;Combat Ace
SLES-53924;Combat Ace
SLUS-28054;Combat Elite - WWII Paratroopers [Trade Demo]
SLPM-65169;Combat Queen
TCPS-10054;Combat Queen
SCKA-10006;Come on Baby
SCES-52768;Commandos - Strike Force
SLES-52768;Commandos - Strike Force
TLES-52768;Commandos - Strike Force
SCES-50829;Commandos 2 - Men of Courage
SCES-50859;Commandos 2 - Men of Courage
SCES-50860;Commandos 2 - Men of Courage
SCES-50927;Commandos 2 - Men of Courage
SLES-50829;Commandos 2 - Men of Courage
SLES-50859;Commandos 2 - Men of Courage
SLES-50860;Commandos 2 - Men of Courage
SLES-50927;Commandos 2 - Men of Courage
SLUS-20086;Commandos 2 - Men of Courage
SLPM-66492;Commandos Strike Force
SLUS-21103;Commandos Strike Force
SCES-52451;Conan - The Dark Axe
SLES-52451;Conan - The Dark Axe
SCES-50902;Conflict - Desert Storm
SLES-50902;Conflict - Desert Storm
SLUS-20549;Conflict - Desert Storm
SLUS-20689;Conflict - Desert Storm 2 - Back to Baghdad
SCES-51523;Conflict - Desert Storm II
SLES-51523;Conflict - Desert Storm II
SCES-52573;Conflict - Global Storm
SLES-52573;Conflict - Global Storm
SLUS-21172;Conflict - Global Terror
SCES-52630;Conflict - Vietnam
SLES-52630;Conflict - Vietnam
SLPM-65460;Conflict Delta - Wangan War 1991
SLPM-66000;Conflict Delta II - Gulf War 1991
SLUS-21045;Conflict Vietnam
SCES-50221;Conflict Zone
SLES-50221;Conflict Zone
SLUS-20240;Conflict Zone
SCES-53098;Conspiracy - Weapons of Mass Destruction
SLES-53098;Conspiracy - Weapons of Mass Destruction
SCES-52872;Constantine
SLES-52872;Constantine
SLPM-65972;Constantine
SLUS-21142;Constantine
SCES-51284;Contra - Shattered Soldier
SLES-51284;Contra - Shattered Soldier
SLUS-20306;Contra - Shattered Soldier
SLPM-62322;Conveti 3, The
SLPM-62601;Conveti 3, The [Hamster The Best]
SLPM-62724;Conveti 4, The
SLPS-25022;Cool Boarders - Code Alien
SCUS-97108;Cool Boarders 2001
SCUS-97147;Cool Boarders 2001 [Demo]
SLPM-65506;Cool Girl
SLPM-65507;Cool Girl
SLPM-65742;Cool Girl [Konami the Best]
SLPM-65743;Cool Girl [Konami the Best]
SLPM-65504;Cool Girl [Limited Edition] [Disc 1]
SLPM-65505;Cool Girl [Limited Edition] [Disc 2]
SCES-51785;Cool Shot
SLES-51785;Cool Shot
SLPS-20256;Cool Shot - Yukawa Keiko
SLES-55470;Coraline
SLUS-21854;Coraline
SLPM-65567;Corda D'Oro, La
SCES-52219;Corvette
SLES-52219;Corvette
SLUS-20858;Corvette 50th Anniversary
SCES-52291;Countryside Bears
SLES-52291;Countryside Bears
SLES-54568;Covert Command
SLUS-20699;Cowboy Bebop
SLPS-25551;Cowboy Bebop - Tsuitou no Yakyoku
SLPS-25550;Cowboy Bebop - Tsuitou no Yakyoku [Limited Edition]
SLPS-25746;CR Fever Captain Harlock
SLPS-25697;CR Fever Powerful Zero
SLPS-20366;CR Kamen Rider Pachi-Slot Expert 5
SLPS-20397;CR Pachinko Dokaben - Pachitte Chonmage Tatsujin 7
SLPS-20388;CR Pachinko Yellow Cab - Pachitte Chonmage Tatsujin 6
SLPS-25869;CR Shinseiki Evangelion - Shito, Futatabi
SLES-54865;Crabby Adventure
SLES-55204;Crash - Mind Over Mutant
SLUS-21728;Crash - Mind over Mutant
SCES-52339;Crash 'n Burn
SLES-52339;Crash 'n Burn
SLUS-21013;Crash 'N' Burn
TLES-52339;Crash 'n' Burn
SLUS-29130;Crash 'N' Burn [Public Beta Vol.1.0]
SLPM-65580;Crash Bandicoot - Bakuso! Nitro Kart
SLPM-66067;Crash Bandicoot - Bakusou! Nitro Kart
SLUS-20649;Crash Bandicoot - Nitro Kart
SLUS-20238;Crash Bandicoot - The Wrath of Cortex
SLUS-29010;Crash Bandicoot - The Wrath of Cortex [Demo]
SCES-50386;Crash Bandicoot - Wrath of Cortex
SLES-50386;Crash Bandicoot - Wrath of Cortex
SLPM-62114;Crash Bandicoot 4 - Sakuretsu! Majin Power
SCAJ-20111;Crash Bandicoot 5
SLPM-65801;Crash Bandicoot 5
SLUS-20909;Crash Bandicoot Twinsanity
SLPM-74003;Crash Bandikoot 4 - Saikuretsu [PlayStation 2 The Best]
SCES-51511;Crash Nitro Kart
SLES-51511;Crash Nitro Kart
SLUS-29068;Crash Nitro Kart [Demo]
SLES-54841;Crash of the Titans
SLES-54843;Crash of the Titans
SLUS-21583;Crash of the Titans
SCES-53439;Crash Tag Team Racing
SLES-53439;Crash Tag Team Racing
SLUS-21191;Crash Tag Team Racing
SLPM-66090;Crash Tag Team Wrestling
SCES-52568;Crash Twinsanity
SLES-52568;Crash Twinsanity
SLUS-29101;Crash Twinsanity & Spyro - A Hero's Tail [Demo]
SCES-50843;Crashed
SLES-50843;Crashed
SLPM-62188;Crazy Bump's - Kattobi Car Battle!
SLPS-20067;Crazy Bumps
SCES-54468;Crazy Chicken X
SLES-54468;Crazy Chicken X
SCES-53869;Crazy Frog Racer
SLES-53869;Crazy Frog Racer
SLUS-21634;Crazy Frog Racer
SCES-54549;Crazy Frog Racer 2
SLES-54549;Crazy Frog Racer 2
SCES-53000;Crazy Golf
SLES-53000;Crazy Golf
SLES-53318;Crazy Golf - World Tour
SCES-50215;Crazy Taxi
SLES-50215;Crazy Taxi
SLPM-62102;Crazy Taxi
SLUS-20202;Crazy Taxi
SCES-52044;Crescent Suzuki Racing - Superbikes and Super Sidecars
SLES-52044;Crescent Suzuki Racing - Superbikes and Super Sidecars
SLES-54396;Cricket 07
SCES-50424;Cricket 2002
SLES-50424;Cricket 2002
SLES-53342;Cricket 2005
SCES-52122;Crime Life - Gang Wars
SLES-52122;Crime Life - Gang Wars
SLPM-55285;Crimson Empire
ROSE-00001;Crimson Empire [Deluxe Edition]
SCES-52556;Crimson Sea 2
SCES-52557;Crimson Sea 2
SCES-52558;Crimson Sea 2
SLES-52556;Crimson Sea 2
SLES-52557;Crimson Sea 2
SLES-52558;Crimson Sea 2
SLPM-65477;Crimson Sea 2
SLUS-20877;Crimson Sea 2
SCES-52534;Crimson Tears
SLES-52534;Crimson Tears
SLPM-65575;Crimson Tears
SLUS-20948;Crimson Tears
SCES-52530;Crisis Zone
SLES-52530;Crisis Zone
SLPM-62212;Critical Bullet - Seventh Target
SCAJ-20150;Critical Velocity
SLPS-25532;Critical Velocity
SLPM-65554;Croket Ban - King no Kiki wo Sukuu
SLPM-65547;Cross Channel - To All People
SLPM-65546;Cross Channel - To All People [Limited Edition]
SLPS-20023;Cross Fire
SLPM-66413;Cross+Channel - To All People [2800 Collection]
SLPM-62448;Crossword [SuperLite 2000 Series]
SCES-51916;Crouching Tiger
SLUS-20523;Crouching Tiger Hidden Dragon
SCAJ-20062;Crouching Tiger, Hidden Dragon
SLES-51916;Crouching Tiger, Hidden Dragon
SLPS-25308;Crouching Tiger, Hidden Dragon
SLES-54146;Crusty Demons
SCES-54465;CSI 3 - Dimensions of Murder
SLES-54465;CSI 3 - Dimensions of Murder
SLUS-21655;CSI 3 - Dimensions of Murder
SCES-53046;CT Special Forces - Fire for Effect
SLES-53046;CT Special Forces - Fire for Effect
SLUS-20547;Cubix Showdown
SCES-53952;Cue Academy
SLES-53952;Cue Academy, The [Snooker-Pool-Billiards]
SLPM-74411;Culdcelt II - Expansion [PlayStation 2 The Best]
SLUS-20774;Culdcept
SLPM-65179;Culdcept 2 - Expansion
SLKA-25077;Culdicept II - Expansion
SCAJ-20176;Curious George
SCES-54364;Curious George
SCES-54474;Curious George
SLES-54364;Curious George
SLES-54474;Curious George
SLUS-21354;Curious George
SLPS-20367;Curry House Coco Ichibanya
SCES-51934;Curse - The Eye of Isis
SLES-51934;Curse - The Eye of Isis
SLES-82018;Cy Girls
SLES-82020;Cy Girls [Disc 1]
SLUS-20697;Cy Girls [Disc 1]
SLUS-20854;Cy Girls [Disc 2]
SLES-82021;Cy Girls [Disc 2]
SLPM-62140;Cyber Jansou
SCES-52684;Cyclone Circus - Power Sail Racing
SLES-52684;Cyclone Circus - Power Sail Racing
SLPS-25437;D A - White
SLPS-25438;D A - White [Limited Edition]
SLPS-25292;D-A - Black
SLPS-25618;D-A - Black [Best Price]
SLPS-25288;D-A - Black [Limited Edition]
SLPS-25619;D-A - White [Best Price]
SLES-54154;D-Unit Drift Racing
SLUS-20643;D,Namco Transmission Demo Disc v1.03 [Soul Calibur II Pack-In]
SLPM-66905;D.C. Da Capo The Origin
SLPM-66924;D.C. II P.S. - Da Capo II Plus Situation
SLPM-66922;D.C. II P.S. - Da Capo II Plus Situation [DX Pack]
SLPM-55171;D.C. II P.S. - Da Capo II Plus Situation [The Best]
SLPM-55156;D.C.I.F. - Da Capo Innocent Finale
SLPM-65400;D.C.P.S.
SLPM-66049;D.C.P.S. - Da Capo Plus Situation [Kadokawa the Best]
SLPM-65399;D.C.P.S. [Limited Edition]
SLPM-55060;D.Gray-man - Sousha no Shikaku
SLUS-21181;D.I.C.E.
SLPM-65368;D.N. Angel - TV Animation Series
SLUS-21416;D1 Grand Prix
SLPM-66144;D1 Grand Prix 2005
SLPM-65863;D1 Grand Prix Series - Professional Drift
SLPM-66226;Da Capo Four Seasons
SLPM-66225;Da Capo Four Seasons [Deluxe Pack]
SCES-54031;Da Vinci Code
SCES-54118;Da Vinci Code
SLES-54031;Da Vinci Code, The
SLES-54118;Da Vinci Code, The
SLPM-65420;Dabitsuku 3 - Let's Become a Derby Owner
SLES-53652;Daemon Summoner
SLUS-21352;Dai Senryaku VII Exceed
SLPM-62458;Daisan Teikoku Koubouki - Aufstieg und Fall des dritten Reiches
SLPM-66050;Daisan Teikoku Koubouki II - Aufstieg und Fall des Dritten Reich
SLPS-25872;Daisenryaku - Dai Toua Kouboushi - Tora Tora Tora Ware Kishuu Ni Seikou Seri
SLPM-62657;Daisenryaku 1941
SLPS-20228;Daisenryaku 1941
SLPS-20324;Daisenryaku 1941 [Sammy best]
SLPS-25953;Daisenryaku VII - Exceed [System Soft Selection]
SLPS-25454;Daisenryaku VII Exceed
SLPS-25464;Daisenryaku VII Exceed
SLPS-20506;Daito Giken Koushiki Pachi-Slot Simulator - 24 - Twenty-Four
SLPS-20472;Daito Giken Koushiki Pachi-Slot Simulator - Hihouden
SLPS-20496;Daito Giken Koushiki Pachi-Slot Simulator - Shake II
SLPS-20504;Daito Giken Koushiki Pachi-Slot Simulator - Shin Yoshimune
SLPS-20442;Daito Giken Koushiki Pachi-Slot Simulator Banchou
SLPS-20376;Daito Giken Koushiki Pachi-Slot Simulator Yoshimune
SLPS-25667;Daito Giken Premium Pachi-Slot Collection - Yoshimune
SCES-52242;Dalmatians 3
SLES-52242;Dalmatians 3
SLES-53633;Dance - UK XL Party
SLUS-21609;Dance Dance Revolution - Disney Channel
SLPM-65775;Dance Dance Revolution - Festival
SLPM-62427;Dance Dance Revolution - Party Collection
SLPM-66242;Dance Dance Revolution - Strike
SLPM-66609;Dance Dance Revolution - SuperNOVA
SLUS-21608;Dance Dance Revolution - SuperNOVA 2
SLPM-65358;Dance Dance Revolution Extreme
SLUS-20916;Dance Dance Revolution Extreme
SLUS-21174;Dance Dance Revolution Extreme 2
SLUS-20437;Dance Dance Revolution MAX
SLUS-29037;Dance Dance Revolution Max [Demo]
SLUS-20711;Dance Dance Revolution MAX 2
SLUS-29074;Dance Dance Revolution Max 2 [Demo]
SLUS-21377;Dance Dance Revolution SuperNOVA
SLPM-66930;Dance Dance Revolution SuperNOVA 2
SLPM-55090;Dance Dance Revolution X
SLUS-21767;Dance Dance Revolution X
SLUS-21917;Dance Dance Revolution X2
SCES-52107;Dance Europe
SLES-52107;Dance Europe
SLUS-21296;Dance Factory
SCES-54332;Dance Fest
SLES-54332;Dance Fest
SLPM-62029;Dance Summit 2001
SCES-51991;Dance UK
SLES-51991;Dance UK
SCES-52490;Dance UK - Extra Trax
SLES-52490;Dance UK - Extra Trax
SCES-51757;Dancing Stage Fever
SLES-51757;Dancing Stage Fever
SCES-51510;Dancing Stage Fever MegaMix
SLES-51510;Dancing Stage Fever MegaMix
SCES-52598;Dancing Stage Fusion
SLES-52598;Dancing Stage Fusion
SCES-53218;Dancing Stage MAX
SLES-53218;Dancing Stage MAX
SLES-55197;Dancing Stage SuperNOVA 2
SLUS-21676;Dancing with the Stars
SCES-51333;Dark Angel
SLES-51333;Dark Angel
SLUS-20379;Dark Angel - James Cameron's
SLUS-20131;Dark Angel - Vampire Apocalypse
PAPX-90506;Dark Chronicle
SCES-51190;Dark Chronicle
SCPS-15033;Dark Chronicle
SCPS-55048;Dark Chronicle
SLES-51190;Dark Chronicle
SCPS-19215;Dark Chronicle [PlayStation 2 The Best]
SCPS-19306;Dark Chronicle [PlayStation 2 The Best]
SCKA-20014;Dark Claud 2
PAPX-90501;Dark Cloud
SCES-50295;Dark Cloud
SCPS-15004;Dark Cloud
SCUS-97111;Dark Cloud
SLES-50295;Dark Cloud
SCUS-97152;Dark Cloud [Demo]
SCPS-19203;Dark Cloud [PlayStation 2 The Best]
PAPX-90205;Dark Cloud [Sample Movie Disc]
SCUS-97213;Dark Cloud 2
SCUS-97229;Dark Cloud 2 [Demo]
SCES-50575;Dark Summit
SLES-50575;Dark Summit
SLUS-20300;Dark Summit
SLUS-29015;Dark Summit [Demo]
SCES-52874;Dark Wind [with Gametrak]
SLES-52874;Dark Wind [with Gametrak]
SCES-53564;Darkwatch
SLES-53564;Darkwatch
SLUS-21042;Darkwatch
SLPM-65653;Darling Special Backlash - Koi no Exhaust Heat
SLES-54475;Darwin
SCES-50217;Dave Mirra Freestyle BMX 2
SLES-50217;Dave Mirra Freestyle BMX 2
SLUS-20159;Dave Mirra Freestyle BMX 2
SCES-50243;David Beckham Soccer
SLES-50243;David Beckham Soccer
SCES-54366;David Douillet Judo
SLES-54366;David Douillet Judo
SLUS-21443;DaVinci Code, The
SLUS-21574;Dawn of Mana
SLPM-65774;DDR Festival Dance Dance Revolution [with DDR Controller 2]
SLPM-62154;DDR Max - Dance Dance Revolution - 6th Mix
SLPM-65277;DDR Max 2 - Dance Dance Revolution - 7th Mix
SLES-53470;De Grote Nederlandse Voetbalquiz
SLES-54814;Dead Eye Jim
PBPX-95201;Dead or Alive 2
SLPS-25002;Dead or Alive 2
SLUS-20071;Dead or Alive 2
SCES-50003;Dead or Alive 2 - Hardcore
SLPS-25026;Dead or Alive 2 - Hardcore
SLPS-73406;Dead or Alive 2 - Hardcore [PlayStation 2 The Best]
SCES-51581;Dead to Rights
SLES-51581;Dead to Rights
SLPS-25268;Dead to Rights
SLUS-20220;Dead to Rights
SCES-53424;Dead to Rights 2
SLES-53424;Dead to Rights 2
SLUS-20843;Dead to Rights II
SCES-52284;Deadly Skies II
SLES-52284;Deadly Skies II
SCES-52955;Deadly Strike
SLES-52955;Deadly Strike
SLPM-65366;Dear Boys - Fast Break!
SLPM-65624;Dear Boys Fast Break! [Konami Palace Collection]
SLPM-65918;Dear My Love - Love Like Powdery Snow
SLPS-25810;Dear My Sun
SLPS-25804;Dear My Sun [Limited Edition]
SLPS-25372;DearS
SLPS-25371;DearS [Limited Edition]
SCAJ-20035;Deat to Rights
SCES-52586;Death by Degrees
SCES-53053;Death by Degrees
SCES-53054;Death by Degrees
SLES-52586;Death by Degrees
SLES-53053;Death by Degrees
SLES-53054;Death by Degrees
SLPM-60257;Death by Degrees
SLUS-20934;Death by Degrees
SCAJ-20116;Death by Degrees - Tekken - Nina Williams
SLPS-25422;Death by Degrees - Tekken - Nina Williams
SLPM-55239;Death Connection
SLPM-62401;Death Crimson OX+
SLUS-20626;Deer Hunter
SLAJ-25055;Def Jam - Fight for N.Y.
SCES-52507;Def Jam - Fight for New York
SLES-52507;Def Jam - Fight for New York
SLUS-21004;Def Jam - Fight for NY
SLUS-29108;Def Jam - Fight For NY [Demo]
SLPM-66463;Def Jam - Fight for NY [EA Best Hits]
SLPM-55078;Def Jam - Fight for NY [EA:SY! 1980]
SLPS-25275;Def Jam - Vendetta
SLUS-20639;Def Jam - Vendetta
SLUS-29047;Def Jam - Vendetta [Demo]
SLPM-65802;Def Jam - Vendetta [EA Best Hits]
SLPM-65907;Def Jam Fight for NY
SCES-51479;Def Jam Vendetta
SLES-51479;Def Jam Vendetta
SLPM-55001;Def Jam Vendetta [EA:SY! 1980]
SCES-50714;Defender
SLES-50714;Defender
SLUS-20191;Defender
SCPS-15043;DekaVoice
SCPS-15042;DekaVoice [USB Mic]
SCES-53299;Delta Force - Black Hawk Down
SLES-53299;Delta Force - Black Hawk Down
SLUS-21124;Delta Force - Black Hawk Down
SCES-54115;Delta Force - Dlack Hawk Down - Team Sabre
SLES-54115;Delta Force - Dlack Hawk Down - Team Sabre
SLUS-21414;Delta Force - Team Sabre
SLPM-65913;Demento
SLPM-66638;Demento [CapKore]
PBPS-95205;Demo Disc
SLES-53403;Demolition Girl
SCES-54305;Demon Chaos
SLES-54305;Demon Chaos
SLPM-60275;Dengeki PS2 - PlayStation 2 Save Data Collection 2006
SLPM-60280;Dengeki PS2 - PlayStation 2 Save Data Collection 2007
SLPM-60284;Dengeki PS2 - PlayStation 2 Save Data Collection 2008
SLPM-61002;Dengeki PS2 PlayStation D40 - Konami Fan Book
SLPM-61012;Dengeki PS2 PlayStation D46
SLPM-60159;Dengeki PS2 PlayStation D47
SLPM-61022;Dengeki PS2 PlayStation D48 - Konami Fan Book
SLPM-61023;Dengeki PS2 PlayStation D49
SLPM-61024;Dengeki PS2 PlayStation D50
SLPM-61028;Dengeki PS2 PlayStation D51
SLPM-61031;Dengeki PS2 PlayStation D52
SLPM-61032;Dengeki PS2 PlayStation D53
SLPM-60189;Dengeki PS2 PlayStation D54
SLPM-61033;Dengeki PS2 PlayStation D55
SLPM-61034;Dengeki PS2 PlayStation D56
SLPM-61038;Dengeki PS2 PlayStation D57
SLPM-60199;Dengeki PS2 PlayStation D58
SLPM-61044;Dengeki PS2 PlayStation D59
SLPM-61048;Dengeki PS2 PlayStation D60
SLPM-61051;Dengeki PS2 PlayStation D61
SLPM-61058;Dengeki PS2 PlayStation D62
SLPM-60215;Dengeki PS2 PlayStation D63
SLPM-61065;Dengeki PS2 PlayStation D64
SLPM-61066;Dengeki PS2 PlayStation D65
SLPM-61070;Dengeki PS2 PlayStation D66
SLPM-60240;Dengeki PS2 PlayStation D67
SLPM-61079;Dengeki PS2 PlayStation D68
SLPM-61081;Dengeki PS2 PlayStation D69
SLPM-61083;Dengeki PS2 PlayStation D70
SLPM-61089;Dengeki PS2 PlayStation D72
SLPM-60256;Dengeki PS2 PlayStation D73
SLPM-61095;Dengeki PS2 PlayStation D74
SLPM-61097;Dengeki PS2 PlayStation D75
SLPM-61107;Dengeki PS2 PlayStation D76
SLPM-60263;Dengeki PS2 PlayStation D78
SLPM-61126;Dengeki PS2 PlayStation D84
SLPM-61141;Dengeki PS2 PlayStation D87
SLPM-61146;Dengeki PS2 PlayStation D90
SLPM-61149;Dengeki PS2 PlayStation D91
SLPM-61153;Dengeki PS2 PlayStation D92
SLPM-61156;Dengeki PS2 PlayStation D93
SLPM-60281;Dengeki PS2 PlayStation D94
SLPM-60283;Dengeki PS2 PlayStation D95
SLPM-61164;Dengeki PS2 PlayStation D96
SLPS-25858;Dengeki SP - Shakugan no Shana
SLPM-61046;Dennou Senki Virtual-On: Marz [Trial]
SLPM-62049;Densha de Go! 3 - Takkyuu!!
SLPM-65590;Densha de Go! Final
TCPS-10085;Densha de Go! Final [Limited Edition]
SLPM-66772;Densha de Go! Final [PlayStation 2 The Best]
SLPM-74214;Densha de Go! Final [PlayStation 2 the Best]
TCPS-10119;Densha de Go! Final [PlayStation 2 the Best]
SLPM-65243;Densha de Go! Professional 2
SLPM-65661;Densha de Go! Professional 2 [Taito Best]
SLPM-66773;Densha de Go! Professional 2 [Taito Best]
TCPS-10091;Densha de Go! Professional 2 [Taito Best]
TCPS-10068;Densha de Go! Ryojo-hen [with Controller]
SLPM-65148;Densha de Go! Ryojouhen
SLPM-65810;Densha de Go! Ryojouhen
TCPS-10052;Densha de Go! Ryojouhen
TCPS-10099;Densha de Go! Ryojouhen [Taito Best]
SLPM-65039;Densha de Go! Shinkansen
SLPM-66771;Densha de Go! Shinkansen [PlayStation 2 The Best]
SLPM-74403;Densha de Go! Shinkansen [PlayStation 2 The Best]
TCPS-10058;Densha de Go! Shinkansen [with Controller]
SLPS-25321;Derby Stallion 2004
SLPM-65808;Derby Tsuku 4 - Derby Uma o Tsukurou!
SLPM-66244;Derby Tsuku 5 - Derby Uma o Tsukurou!
SLPM-55259;Desert Kingdom
SLPS-25392;Desire
SLPM-66138;Desire [Best Version]
SLES-55625;Despicable Me
PSXC-00201;DESR-7000/DESR-5000 Sen'you - PSX Update Disc Ver. 1.10
PSXC-00202;DESR-7000/DESR-5000 Sen'you - PSX Update Disc Ver. 1.20
PSXC-00203;DESR-7000/DESR-5000/DESR-7100/DESR-5100 Sen'you - PSX Update Disc Ver. 1.31
PSXC-00204;DESR-7000/DESR-5000/DESR-7100/DESR-5100 Sen'you - PSX Update Disc Ver. 2.11
SLPM-66284;Dessert Love - Sweet Plus
SLPM-66661;Dessert Love - Sweet Plus [Best Collection]
SCES-54384;Destroy All Humans 2 - Make War not Love
SLES-54384;Destroy All Humans 2 - Make War not Love
SCES-53196;Destroy All Humans!
SCES-53197;Destroy All Humans!
SCES-53641;Destroy All Humans!
SLES-53196;Destroy All Humans!
SLES-53197;Destroy All Humans!
SLES-53641;Destroy All Humans!
SLPM-66430;Destroy All Humans!
SLUS-20945;Destroy All Humans!
SLUS-29150;Destroy All Humans! [Demo]
SLPM-55141;Destroy All Humans! [THQ Collection]
SLUS-21439;Destroy All Humans! 2
SLUS-29196;Destroy All Humans! 2 [Demo]
SLES-50781;Destruction Derby Arena [Beta
SCES-50781;Destruction Derby Arena [Beta, Promo, & Full Retail]
SCED-52098;Destruction Derby Arenas
SLUS-20855;Destruction Derby Arenas
SLPS-25426;Detective Conan - Inheritance of Britain
SLPM-65450;Detective Gakuen Q
SLPM-65944;Detective Saburou Jinguiji 9 - Kind of Blue [Workjam Best Collection - Vol.2]
SLKA-25224;Detective Saburou Jinguji 9 - Kind of Blue
SCES-52041;Detonator
SLES-52041;Detonator
SCES-50804;Deus Ex
SCES-50805;Deus Ex
SCES-50806;Deus Ex
SCES-50807;Deus Ex
SCES-50808;Deus Ex
SLES-50804;Deus Ex
SLES-50805;Deus Ex
SLES-50806;Deus Ex
SLES-50807;Deus Ex
SLES-50808;Deus Ex
SLUS-20111;Deus Ex - The Conspiracy
SCES-54128;Deutsch Rock-Pop
SLES-54128;Deutsch Rock-Pop
SCES-51846;Deutschland sucht den Superstar
SLES-51846;Deutschland sucht den Superstar
SCES-53870;Devil Kings
SLES-53870;Devil Kings
SLUS-21297;Devil Kings
SCES-50358;Devil May Cry
SLES-50358;Devil May Cry
SLPM-65038;Devil May Cry
SLUS-20216;Devil May Cry
SLED-50359;Devil May Cry [Demo]
SLUS-29009;Devil May Cry [Demo]
SLPM-65023;Devil May Cry [Demo] [BioHazard - Code Veronica - Perfect Version - Bonus Disc]
SLPM-66502;Devil May Cry [Mega Hits]
SLPM-74230;Devil May Cry [PlayStation 2 The Best]
SLES-82011;Devil May Cry 2 [Dante Disc]
SLPM-65232;Devil May Cry 2 [Dante Disc]
SCCS-40002;Devil May Cry 2 [Disc 1]
SLUS-20484;Devil May Cry 2 [Disc 1]
SCCS-40003;Devil May Cry 2 [Disc 2]
SLUS-20627;Devil May Cry 2 [Disc 2]
SLES-82012;Devil May Cry 2 [Lucia Disc]
SLPM-65233;Devil May Cry 2 [Lucia Disc]
SLKA-25265;Devil May Cry 3
SLPM-65880;Devil May Cry 3
SLUS-20964;Devil May Cry 3
SCES-53038;Devil May Cry 3 - Dante's Awakening
SLES-53038;Devil May Cry 3 - Dante's Awakening
SCES-54186;Devil May Cry 3 - Dante's Awakening [Special Edition]
SLES-54186;Devil May Cry 3 - Dante's Awakening [Special Edition]
SLUS-21361;Devil May Cry 3 - Dante's Awakening [Special Edition]
SLPM-74268;Devil May Cry 3 - Special Edition [PlayStation 2 the Best Reprint]
SLPM-66160;Devil May Cry 3 [Special Edition]
SLPM-74242;Devil May Cry 3 [Special Edition] [PlayStation 2 the Best]
SLPM-60251;Devil May Cry 3 [Trial Version]
SLPM-66634;Devil Summoner - Kuzunoha Raidou [Atlus Best Collection]
SLPM-66683;Devil Summoner - Kuzunoha Raidou tai Abaddon Ou
SLPM-66679;Devil Summoner - Kuzunoha Raidou tai Abaddon Ou [Plus]
SLPM-65396;Di Gi Charat Fantasy Excellent
SLES-55274;Diabolik - The Original Sin
SLPM-65435;Diamond Dust
SCES-51347;Die Hard - Vendetta
SCES-51348;Die Hard - Vendetta
SLES-51347;Die Hard - Vendetta
SLES-51348;Die Hard - Vendetta
SLPM-62472;Diet Channel
SLPM-65395;Digi-Charat Fantasy
SLPS-25383;Digimon Battle Chronicle
SCES-52631;Digimon Rumble Arena 2
SLES-52631;Digimon Rumble Arena 2
SLUS-21067;Digimon Rumble Arena 2
SLPS-25716;Digimon Savers - Another Mission
SLUS-21598;Digimon World - Data Squad
SCES-53405;Digimon World 4
SLES-53405;Digimon World 4
SLUS-20836;Digimon World 4
SLPS-25453;Digimon World X
SLPM-62259;Digital Album Kura Emon
SCAJ-20095;Digital Devil Saga - Avatar Tuner
SLPM-65597;Digital Devil Saga - Avatar Tuner
SLPM-66372;Digital Devil Saga - Avatar Tuner [Atlus Best Collection]
SCAJ-20120;Digital Devil Saga - Avatar Tuner 2
SLPM-65795;Digital Devil Saga - Avatar Tuner 2
SLPM-66373;Digital Devil Saga - Avatar Tuner 2 [Atlus Best Collection]
SLKA-25300;Digital Devil Saga [Special Package]
SLPS-20138;Digital Holmes
SCES-50930;Dino Stalker
SCES-51095;Dino Stalker
SCES-51096;Dino Stalker
SLES-50930;Dino Stalker
SLES-51095;Dino Stalker
SLES-51096;Dino Stalker
SLUS-20485;Dino Stalker
SLPS-25024;Dinosaur
SCES-52243;Dinosaur Adventure
SLES-52243;Dinosaur Adventure
SCAJ-20169;Dirge of Cerberus - Final Fantasy VII
SCES-54185;Dirge of Cerberus - Final Fantasy VII
SLES-54185;Dirge of Cerberus - Final Fantasy VII
SLPM-66271;Dirge of Cerberus - Final Fantasy VII
SLUS-21419;Dirge of Cerberus - Final Fantasy VII
SLPM-68016;Dirge of Cerberus - Final Fantasy VII [Beta]
SLPM-66629;Dirge of Cerberus - Final Fantasy VII International [Ultimate Hits]
SCES-51621;Dirt Track Devils
SLES-51621;Dirt Track Devils
SLUS-20561;Disaster Report
SCPS-56012;Disaster Report
SLUS-28025;Disaster Report [Trade Demo]
SCES-52458;Disgaea - Hour of Darkness
SLES-52458;Disgaea - Hour of Darkness
SLUS-20666;Disgaea - Hour of Darkness
SLKA-25048;Disgaea - Hour of Darkness
SLPS-73254;Disgaea - Hour of Darkness 2 [PlayStation 2 the Best]
SCES-54454;Disgaea 2 - Cursed Memories
SLES-54454;Disgaea 2 - Cursed Memories
SLUS-21397;Disgaea 2 - Cursed Memories
SCES-51042;Disney Golf
SLES-51042;Disney Golf
SLPM-62168;Disney Golf Classics
SLPM-66902;Disney Princess - Enchanted Journey
SLUS-21660;Disney Princess - Enchanted Journey
SLES-55392;Disney Sing It
SLUS-21920;Disney Sing It - Pop Hits
SLES-55396;Disney Sing It! High School Musical 3 - Senior Year
SLES-55394;Disney TH!NK Fast
SCES-53624;Disney-Pixar's Cars
SCES-54004;Disney-Pixar's Cars
SCES-54006;Disney-Pixar's Cars
SCES-54007;Disney-Pixar's Cars
SCES-54010;Disney-Pixar's Cars
SCES-54011;Disney-Pixar's Cars
SCES-54012;Disney-Pixar's Cars
SCES-54015;Disney-Pixar's Cars
SLES-53624;Disney-Pixar's Cars
SLES-54004;Disney-Pixar's Cars
SLES-54006;Disney-Pixar's Cars
SLES-54007;Disney-Pixar's Cars
SLES-54010;Disney-Pixar's Cars
SLES-54011;Disney-Pixar's Cars
SLES-54012;Disney-Pixar's Cars
SLES-54015;Disney-Pixar's Cars
SLUS-21151;Disney-Pixar's Cars
SLUS-21637;Disney-Pixar's Cars - Mater-National
SCES-51755;Disney-Pixar's Finding Nemo
SCES-51871;Disney-Pixar's Finding Nemo
SLES-51755;Disney-Pixar's Finding Nemo
SLES-51871;Disney-Pixar's Finding Nemo
SLPS-25310;Disney-Pixar's Finding Nemo
SCES-50595;Disney-Pixar's Monsters Inc.
SLES-50595;Disney-Pixar's Monsters Inc.
SLPM-66807;Disney-Pixar's Remy no Oishii Restaurant [Ratatouille]
SCES-52812;Disney-Pixar's The Incredibles
SCES-52815;Disney-Pixar's The Incredibles
SLES-52812;Disney-Pixar's The Incredibles
SLES-52815;Disney-Pixar's The Incredibles
SCES-53658;Disney-Pixar's The Incredibles - Rise of the Underminer
SLES-53658;Disney-Pixar's The Incredibles - Rise of the Underminer
SLUS-21864;Disney-Pixar's Up
SLPM-66462;Disney-Pixer's Cars
SLUS-21844;Disney's Bolt
SCES-53738;Disney's Chicken Little
SCES-53739;Disney's Chicken Little
SCES-53740;Disney's Chicken Little
SCES-53741;Disney's Chicken Little
SCES-53743;Disney's Chicken Little
SCES-53744;Disney's Chicken Little
SLES-53738;Disney's Chicken Little
SLES-53739;Disney's Chicken Little
SLES-53740;Disney's Chicken Little
SLES-53741;Disney's Chicken Little
SLES-53743;Disney's Chicken Little
SLES-53744;Disney's Chicken Little
SLUS-21088;Disney's Chicken Little
SLUS-21420;Disney's Chicken Little - Ace in Action
SLUS-21054;Disney's Classics - Treasure Planet
SCES-50042;Disney's Dinosaur
SCES-50043;Disney's Dinosaur
SLES-50042;Disney's Dinosaur
SLES-50043;Disney's Dinosaur
SCES-51720;Disney's Extreme Skate Adventure
SLES-51720;Disney's Extreme Skate Adventure
SLUS-20607;Disney's Extreme Skate Adventure
SLUS-20628;Disney's Finding Nemo
SLUS-20532;Disney's Golf
SLES-54836;Disney's High School Musical - Sing It!
SCES-50045;Disney's Jungle Book - Groove Party
SLES-50045;Disney's Jungle Book - Groove Party
SLUS-20075;Disney's Jungle Book - Rhythm & Groove
SLUS-21437;Disney's Kim Possible - What's the Switch
SLPM-66830;Disney's Lewis to Mirai Dorobou [Meet the Robinsons]
SLUS-21453;Disney's Meet the Robinsons
SCES-52292;Disney's Mighty Mulan
SLES-52292;Disney's Mighty Mulan
SCES-50600;Disney's Monster Inc. - Scare Island
SLES-50600;Disney's Monster Inc. - Scare Island
SCUS-97123;Disney's Monsters Inc.
SLUS-21052;Disney's Monsters Inc.
SCES-50522;Disney's Peter Pan - Adventures in Neverland
SLES-50522;Disney's Peter Pan - Adventures in Neverland
SCES-51594;Disney's Piglet's Big Game
SLES-51594;Disney's Piglet's Big Game
SLUS-20478;Disney's PK - Out of the Shadows
SLUS-21826;Disney's Sing It!
SLUS-21861;Disney's Sing It! High School Musical 3 - Senior Year
SCES-52293;Disney's Son of the Lion King
SLES-52293;Disney's Son of the Lion King
SCES-50966;Disney's Stitch - Experiment 626
SCUS-97145;Disney's Stitch - Experiment 626
SLES-50966;Disney's Stitch - Experiment 626
SLUS-21053;Disney's Stitch 926
SCES-50350;Disney's Tarzan - Freeride
SLES-50350;Disney's Tarzan - Freeride
SLPS-20160;Disney's Tarzan - Freeride
SLUS-20076;Disney's Tarzan Untamed
SCES-53706;Disney's The Chronicles of Narnia - The Lion
SCES-53707;Disney's The Chronicles of Narnia - The Lion
SCES-53708;Disney's The Chronicles of Narnia - The Lion
SCES-53709;Disney's The Chronicles of Narnia - The Lion
SCES-53710;Disney's The Chronicles of Narnia - The Lion
SCES-53712;Disney's The Chronicles of Narnia - The Lion
SCES-53713;Disney's The Chronicles of Narnia - The Lion
SCES-53715;Disney's The Chronicles of Narnia - The Lion
SLES-53706;Disney's The Chronicles of Narnia - The Lion, The Witch, and The Wardrobe
SLES-53707;Disney's The Chronicles of Narnia - The Lion, The Witch, and The Wardrobe
SLES-53708;Disney's The Chronicles of Narnia - The Lion, The Witch, and The Wardrobe
SLES-53709;Disney's The Chronicles of Narnia - The Lion, The Witch, and The Wardrobe
SLES-53710;Disney's The Chronicles of Narnia - The Lion, The Witch, and The Wardrobe
SLES-53712;Disney's The Chronicles of Narnia - The Lion, The Witch, and The Wardrobe
SLES-53713;Disney's The Chronicles of Narnia - The Lion, The Witch, and The Wardrobe
SLES-53715;Disney's The Chronicles of Narnia - The Lion, The Witch, and The Wardrobe
SCES-52214;Disney's The Haunted Mansion
SCES-52216;Disney's The Haunted Mansion
SLES-52214;Disney's The Haunted Mansion
SLES-52216;Disney's The Haunted Mansion
SLUS-20681;Disney's The Haunted Mansion
SLUS-21814;Disney's Think Fast
SCES-51176;Disney's Treasure Planet
SCUS-97146;Disney's Treasure Planet
SLES-51176;Disney's Treasure Planet
SCES-52889;Disney's Winnie the Pooh Rumbly Tumbly Adventure
SLES-52889;Disney's Winnie the Pooh Rumbly Tumbly Adventure
SLES-54733;Disney/Pixar Ratatouille
SCED-52723;DJ - Decks & FX
SCES-52405;DJ - Decks & FX [House Edition]
SCPS-15082;DJ Box
SCPS-15075;DJ Box [Premium Kit]
SCES-52762;DJ Decks & FX
SLES-52762;DJ Decks & FX
SCES-52763;DJ Decks & FX Vol.1
SLES-52763;DJ Decks & FX Vol.1
SCES-50202;DNA - Dark Native Apostle
SLES-50202;DNA - Dark Native Apostle
SLPM-62056;DNA - Dark Native Apostle
SLPS-25233;Do DonPachi Daioujou
SLPM-65184;Document of Metal Gear Solid 2, The
SCES-53367;Dodgeball
SLES-53367;Dodgeball
SLUS-21551;Dog Island, The
SLPM-66662;Dog Island, The - Hitsotsuno no Hana no Monogatari
SLPM-62203;Dog of Bay
SLPS-20057;Dog of Bay
SCED-52049;Dog's Life
SCES-51248;Dog's Life
SLES-51248;Dog's Life
SLPM-65995;Dog's Life
SLUS-21018;Dog's Life
SLPM-62260;DogStation
SLPM-62261;DogStation
SLES-54947;Dogz
SLPM-65615;Dokapon DX
SLPM-66053;Dokapon DX [Asmik Ace Best Series]
SLPM-66878;Dokapon Kingdom
SLUS-21778;Dokapon Kingdom
SLPM-55115;Dokapon Kingdom [Sting the Best]
SLPM-65750;Dokapon the World
SLPM-66623;Dokapon the World [Asmik Tokudane Series]
SLPM-65865;DOKO E IKUNO ANO HI HAKURU ASHITA E [Limited Edition, First Print]
SCPS-15081;Dokodemo Issyo - Toro to Ippai
SCPS-15067;Dokodemo Issyo - Toro to Nagare Boshi
SCPS-15047;Dokodemo Issyo - Watashi na Ehon
SCES-50048;Donald Duck - Quack Attack
SLES-50048;Donald Duck - Quack Attack
SLPS-20070;Donald Duck - Rescue Daisakusen!!
SLUS-20077;Donald Duck Goin' Quackers
SCES-50773;Donald Duck Phantomias Platyrhynchos Kineticus
SLES-50773;Donald Duck Phantomias Platyrhynchos Kineticus
SLES-54838;Donkey Xote
SCES-53142;Doomsday Racers
SLES-53142;Doomsday Racers
SCES-53697;Dora the Explorer
SLES-53697;Dora the Explorer
SLUS-21717;Dora the Explorer - Dora Saves the Mermaids
SLUS-21796;Dora the Explorer - Dora Saves the Snow Princess
SLUS-21173;Dora the Explorer - To the Purple Planet
SCAJ-25047;Dororo
SLPM-65526;Dororo
SLPM-66207;Dororo [Sega the Best 2800]
SLPM-65703;Double Reaction Plus
SLPS-20002;Doukyu Billiards
SCES-50842;Downforce
SLES-50842;Downforce
SLPS-20248;Downforce
SLUS-20405;Downforce
SCES-52202;Downhill Domination
SCUS-97177;Downhill Domination
SLES-52202;Downhill Domination
SCUS-97329;Downhill Domination [Demo]
SCES-53963;Downhill Slalom
SLES-53963;Downhill Slalom
SCES-51482;Downtown Run
SLES-51482;Downtown Run
SCES-54381;Dr. Dolittle
SCES-54424;Dr. Dolittle
SLES-54381;Dr. Dolittle
SLES-54424;Dr. Dolittle
SCES-50710;Dr. Muto
SLES-50710;Dr. Muto
SLUS-20458;Dr. Muto
SLUS-29040;Dr. Muto [Demo]
SCES-52034;Dr. Seuss' Cat in the Hat
SLES-52034;Dr. Seuss' Cat in the Hat
SLUS-20797;Dr. Seuss' The Cat in the Hat
SCAJ-20132;Drag-On Dragon 2 - Fuuin no Kurenai [Love Red, Ambivalence Black]
SCAJ-20020;Drag-on Dragoon
SLPM-65266;Drag-on Dragoon
SLPM-55080;Drag-on Dragoon [Ultimate Hits]
SLPM-55081;Drag-On Dragoon 2 - Fuuin no Kurenai
SLPM-65999;Drag-on Dragoon 2 - Fuuin no Kurenai
SLES-54945;Dragon Ball Z - Budokai Tenkaichi 3
SLPS-25905;Dragon Ball Z - Infinite World
SLKA-25307;Dragon Ball Z - Sparkiing!
SLKA-25397;Dragon Ball Z - Sparkiing! NEO
SCCS-40009;Dragon Ball Z 2
SLPM-61162;Dragon Ball Z Sparking! Meteor
SCES-53874;Dragon Blaze
SLES-53874;Dragon Blaze
SCAJ-20175;Dragon Quest - Shonen Yangus to Fushigi no Dungeon
SLPM-66781;Dragon Quest - Shonen Yangus to Fushigi no Dungeon [Ultimate Hits]
SLPM-66363;Dragon Quest - Shounen Yangus no Fushigi na Daibouken
SCAJ-20113;Dragon Quest & Final Fantasy in Itadaki Street
SLPM-65797;Dragon Quest & Final Fantasy in Itadaki Street
SLPM-55023;Dragon Quest & Final Fantasy in Itadaki Street Special [Ultimate Hits]
SLPM-62199;Dragon Quest Characters - Toruneko no Daibouken 3
SCAJ-20075;Dragon Quest V - Bride of the Sky
SLPM-65555;Dragon Quest V - Bride of the Sky
SLPM-66480;Dragon Quest V - Bride of the Sky [Ultimate Hits]
SLPM-65888;Dragon Quest VIII
SCES-53974;Dragon Quest VIII - Journey of the Cursed King
SLES-53974;Dragon Quest VIII - Journey of the Cursed King
SLUS-21207;Dragon Quest VIII - Journey of the Cursed King
SLUS-29157;Dragon Quest VIII - Journey of the Cursed King [Demo]
SCAJ-20110;Dragon Quest VIII - Sora to Daichi to Norowareshi Himegimi
SLPM-66481;Dragon Quest VIII [Ultimate Hits]
SLPM-62490;Dragon Quest VIII Premium Disc
SCES-50630;Dragon Rage
SCES-50631;Dragon Rage
SCES-50632;Dragon Rage
SLES-50630;Dragon Rage
SLES-50631;Dragon Rage
SLES-50632;Dragon Rage
SLUS-20195;Dragon Rage
SLPS-25735;Dragon Shadow Spell
SLES-54460;Dragon Sisters
SCES-51696;Dragon's Lair 3D - Special Edition
SLES-51696;Dragon's Lair 3D - Special Edition
SCES-51233;DragonBall Z - Budokai
SLES-51233;DragonBall Z - Budokai
SLPS-25174;DragonBall Z - Budokai
SLUS-20591;DragonBall Z - Budokai
SCES-51839;DragonBall Z - Budokai 2
SLES-51839;DragonBall Z - Budokai 2
SLPS-25330;DragonBall Z - Budokai 2
SLUS-20779;DragonBall Z - Budokai 2
SLPM-68513;DragonBall Z - Budokai 2 V
SCES-52730;DragonBall Z - Budokai 3
SLES-52730;DragonBall Z - Budokai 3
SLUS-20998;DragonBall Z - Budokai 3
SCES-53346;DragonBall Z - Budokai 3 [Collector's Edition]
SLES-53346;DragonBall Z - Budokai 3 [Collector's Edition]
SLUS-21123;DragonBall Z - Budokai 3 [Limited Edition]
SCES-53200;DragonBall Z - Budokai Tenkaichi
SLES-53200;DragonBall Z - Budokai Tenkaichi
SLUS-21227;DragonBall Z - Budokai Tenkaichi
SLUS-21441;DragonBall Z - Budokai Tenkaichi 2
SLUS-21678;DragonBall Z - Budokai Tenkaichi 3
SLUS-21842;DragonBall Z - Infinite World
SLUS-20874;DragonBall Z - Sagas
SLPS-25690;DragonBall Z - Sparking Neo
SLPS-25560;DragonBall Z - Sparking!
SLKA-25407;DragonBall Z - Sparkling! Meteor
SLPS-73207;DragonBall Z [PlayStation 2 The Best]
SLPS-73208;DragonBall Z 2 [PlayStation 2 The Best]
SLKA-25205;DragonBall Z 3
SLPS-25460;DragonBall Z 3
SLPS-73235;DragonBall Z 3 [PlayStation 2 The Best]
SCES-54164;DragonBall Z Budokai - Tenkaichi 2
SLES-54164;DragonBall Z Budokai - Tenkaichi 2
SLPS-25815;DragonBall Z Sparking! Meteor
SCES-50006;Drakan - The Ancients' Gates
SCUS-97128;Drakan - The Ancients' Gates
SLES-50006;Drakan - The Ancients' Gates
SCUS-97169;Drakan - The Ancients' Gates [Demo]
SCES-52322;Drakengard
SLES-52322;Drakengard
SLUS-20732;Drakengard
SCES-53794;Drakengard 2
SLES-53794;Drakengard 2
SLUS-21373;Drakengard 2
SLPM-65130;Dramatic Soccer Game - Becoming a National Team Member
SLPM-62173;Dramatic Soccer Game - Nippon Daihyou Senshu Ninarou!
SLPS-25871;Drastic Killer
SLPS-25870;Drastic Killer [Excellent Box]
SLPS-20016;Dream Audition
SLPS-20060;Dream Audition 2
SLPS-20099;Dream Audition 3
SLPS-20140;Dream Audition Super Hit [Disc 1]
SLPS-20141;Dream Audition Super Hit [Disc 2]
SLPM-65384;Dream Mix TV World Fighters
SLPM-65980;Dream Mix TV World Fighters [Hudson the Best]
SLUS-21870;Dreamwork's Monster's vs Aliens
SLES-54770;DreamWorks Shrek the Third
SCES-53225;Dreamworks' Madagascar
SCES-53226;Dreamworks' Madagascar
SLES-53225;Dreamworks' Madagascar
SLES-53226;Dreamworks' Madagascar
SLPM-65071;Drift Champ
SLPM-55139;Drift Nights - Juiced 2 [THQ Collection]
SLUS-21109;Drive to Survive
SCES-50390;Driven
SLES-50390;Driven
SLUS-20239;Driven
SCES-52733;Driven to Destruction
SLES-52733;Driven to Destruction
SCES-54027;Driver - Parallel Lines
SLES-54027;Driver - Parallel Lines
SLKA-25341;Driver - Parallel Lines
SLPM-66567;Driver - Parallel Lines
SLUS-21271;Driver - Parallel Lines
SLUS-29185;Driver - Parallel Lines [Demo]
SLUS-21399;Driver - Parallel Lines [Limited Edition]
SCES-50876;Driver 3
SCES-52153;Driver 3
SLES-50876;Driver 3
SLES-52153;Driver 3
SLKA-25196;Driver 3
SLPM-65741;Driver 3
SLUS-20587;Driver 3
SLPS-20007;Driving Emotion Type S
SLUS-20113;Driving Emotion Type S
SCES-50073;Driving Emotion Type-S
SLES-50073;Driving Emotion Type-S
SLUS-20577;Drome Racers
SCED-50660;Dropship - United Peace Force
SCES-50459;Dropship - United Peace Force
SLES-50459;Dropship - United Peace Force
SLUS-20463;Dropship - United Peace Force
SLPM-62001;Drum Mania
SLUS-21793;DT Carnage
SCES-53904;DT Racer
SLES-53904;DT Racer
SLUS-21095;DT Racer
SCES-50816;DTM Race Driver
SLES-50816;DTM Race Driver
SCES-52638;DTM Race Driver 2
SLES-52638;DTM Race Driver 2
SCES-53088;DTM Race Driver 3
SLES-53088;DTM Race Driver 3
PCPX-96324;Dual Hearts
SCPS-15022;Dual Hearts
SCPS-55011;Dual Hearts
SLUS-20475;Dual Hearts
SLUS-29033;Dual Hearts [Demo]
SLUS-28013;Dual Hearts [Trade Demo]
SCES-52884;Duel Masters
SLES-52884;Duel Masters
SLPM-65882;Duel Masters
SLUS-20924;Duel Masters
SLPM-66139;Duel Savior Destiny
SLPS-20296;Dugout '03 - The Turning Point
SCES-52747;Dukes of Hazzard
SLUS-20959;Dukes of Hazzard, The - Return of the General Lee
SLES-52747;Dukes of Hazzard, The - The Return of General Lee
SCES-50654;Dune
SLES-50654;Dune, Frank Herbert's
SLAJ-25047;Duo Luo Luo
PBPX-95206;DVD Player Version 2.01
PBPX-95207;DVD Player Version 2.10
PBPX-95209;DVD Player Version 2.10
PBPX-95210;DVD Player Version 2.10
PBPX-95218;DVD Player Version 2.12
PBPX-95221;DVD Player Version 2.12
PBPX-95219;DVD Player Version 2.14
PBPX-95220;DVD Player Version 2.14
PBPX-95222;DVD Player Version 2.14
PBPX-95223;DVD Player Version 2.14
PBPX-95224;DVD Player Version 2.16
PBPX-95228;DVD Player Version 3.00
SCES-53935;Dynamite
SLES-53935;Dynamite
SCES-51266;Dynasty Tactics
SCES-51267;Dynasty Tactics
SLES-51266;Dynasty Tactics
SLES-51267;Dynasty Tactics
SLUS-20468;Dynasty Tactics
SCES-51867;Dynasty Tactics 2
SCES-51868;Dynasty Tactics 2
SCES-51869;Dynasty Tactics 2
SLES-51867;Dynasty Tactics 2
SLES-51868;Dynasty Tactics 2
SLES-51869;Dynasty Tactics 2
SLUS-20761;Dynasty Tactics 2
SLUS-21873;Dynasty Warriors - Gundam 2
SCES-50057;Dynasty Warriors 2
SCES-50059;Dynasty Warriors 2
SLES-50057;Dynasty Warriors 2
SLES-50059;Dynasty Warriors 2
SLUS-20079;Dynasty Warriors 2
SCES-50641;Dynasty Warriors 3
SLES-50641;Dynasty Warriors 3
SLKA-25050;Dynasty Warriors 3
SLUS-20277;Dynasty Warriors 3
SLKA-25187;Dynasty Warriors 3 - Empires
SCES-51441;Dynasty Warriors 3 - Extreme Legends
SLES-51441;Dynasty Warriors 3 - Extreme Legends
SCES-51442;Dynasty Warriors 3 - Xtreme Legends
SCES-51443;Dynasty Warriors 3 - Xtreme Legends
SLES-51442;Dynasty Warriors 3 - Xtreme Legends
SLES-51443;Dynasty Warriors 3 - Xtreme Legends
SLKA-25085;Dynasty Warriors 3 - Xtreme Legends
SLUS-20617;Dynasty Warriors 3 - Xtreme Legends
SCES-51661;Dynasty Warriors 4
SCES-51662;Dynasty Warriors 4
SCES-51663;Dynasty Warriors 4
SCES-51664;Dynasty Warriors 4
SCES-51665;Dynasty Warriors 4
SLES-51661;Dynasty Warriors 4
SLES-51662;Dynasty Warriors 4
SLES-51663;Dynasty Warriors 4
SLES-51664;Dynasty Warriors 4
SLES-51665;Dynasty Warriors 4
SLUS-20653;Dynasty Warriors 4
SCES-52591;Dynasty Warriors 4 - Empires
SCES-52592;Dynasty Warriors 4 - Empires
SCES-52593;Dynasty Warriors 4 - Empires
SLES-52591;Dynasty Warriors 4 - Empires
SLES-52592;Dynasty Warriors 4 - Empires
SLES-52593;Dynasty Warriors 4 - Empires
SLUS-20938;Dynasty Warriors 4 - Empires
SLUS-20812;Dynasty Warriors 4 - Extreme Edition
SCES-52171;Dynasty Warriors 4 - Xtreme Legends
SCES-52172;Dynasty Warriors 4 - Xtreme Legends
SCES-52173;Dynasty Warriors 4 - Xtreme Legends
SCES-52174;Dynasty Warriors 4 - Xtreme Legends
SCES-52175;Dynasty Warriors 4 - Xtreme Legends
SLES-52171;Dynasty Warriors 4 - Xtreme Legends
SLES-52172;Dynasty Warriors 4 - Xtreme Legends
SLES-52173;Dynasty Warriors 4 - Xtreme Legends
SLES-52174;Dynasty Warriors 4 - Xtreme Legends
SLES-52175;Dynasty Warriors 4 - Xtreme Legends
SLKA-25339;Dynasty Warriors 4 + 4 Empires [Disc 1]
SLKA-25340;Dynasty Warriors 4 + 4 Empires [Disc 2]
SLKA-25417;Dynasty Warriors 4 Empires [BigHits Series]
SCES-53339;Dynasty Warriors 5
SLES-53339;Dynasty Warriors 5
SLUS-21153;Dynasty Warriors 5
SCES-54095;Dynasty Warriors 5 - Empires
SCES-54096;Dynasty Warriors 5 - Empires
SCES-54097;Dynasty Warriors 5 - Empires
SLES-54095;Dynasty Warriors 5 - Empires
SLES-54096;Dynasty Warriors 5 - Empires
SLES-54097;Dynasty Warriors 5 - Empires
SLUS-21398;Dynasty Warriors 5 - Empires
SCES-53860;Dynasty Warriors 5 - Xtreme Legends
SCES-53861;Dynasty Warriors 5 - Xtreme Legends
SCES-53862;Dynasty Warriors 5 - Xtreme Legends
SLES-53860;Dynasty Warriors 5 - Xtreme Legends
SLES-53861;Dynasty Warriors 5 - Xtreme Legends
SLES-53862;Dynasty Warriors 5 - Xtreme Legends
SLUS-21299;Dynasty Warriors 5 - Xtreme Legends
SLUS-21774;Dynasty Warriors 6
SLKA-35005 ;Dynasty Warriors 6
SCES-51265;Dynasty Warriors Tactics
SLES-51265;Dynasty Warriors Tactics
SCES-52123;EA Sports Cricket 2004
SLES-52123;EA Sports Cricket 2004
SCES-53342;EA Sports Cricket 2005
SLES-53342;EA Sports Cricket 2005
SCES-50220;EA Sports Rugby
SCES-50275;EA Sports Rugby
SLES-50220;EA Sports Rugby
SLES-50275;EA Sports Rugby
SLPM-66836;EA Sports Rugby '08
SCES-51732;EA Sports Rugby 2004
SCES-51733;EA SPORTS RUGBY 2004
SLES-51732;EA Sports Rugby 2004
SLES-51733;EA SPORTS RUGBY 2004
SCES-53484;Eagle Eye Golf
SLES-53484;Eagle Eye Golf
SLUS-21486;Eagle Eye Golf
SCES-54139;Earache - Extreme Metal Racing
SLES-54139;Earache - Extreme Metal Racing
SCES-50499;Ecco the Dolphin - Defender of the Future
SLES-50499;Ecco the Dolphin - Defender of the Future
SLUS-20394;Ecco the Dolphin - Defender of the Future
SCES-53414;Echo Night - Beyond
SLES-53414;Echo Night - Beyond
SLUS-20928;Echo Night - Beyond
SCES-53747;Ed
SLUS-21260;Ed, Edd, 'n Eddy - The Mis-Edventures
SLES-53747;Ed, Edd, 'n Eddy - The Misadventure
SLPM-66976;Edel Blume
SLPM-66975;Edel Blume [Limited Edition]
SLPM-66040;Edo Mono
SLPM-55241;ef - a fairy tale of the two.
SLPM-55240;ef - a fairy tale of the two. [Limited Edition, First Print]
SLPM-62068;Egbrowser
SLPM-62111;EGBrowser
SLPM-62176;Egbrowser BB
SLPM-69004;EGBrowser Light For I-O Data Device Inc.
SLUS-20452;Egg Mania - Eggstreme Madness
SLUS-29032;Egg Mania - Eggstreme Madness [Demo]
SCES-51101;Eggo Mania
SLES-51101;Eggo Mania
SLUS-29035;Eidos Demo Disc
SLPS-25053;Eikan wa Kimini - Koushien no Hasha
SLPS-20184;Eikan wa Kimini 2002 - Koushien no Kodou
SLPS-20274;Eikan wa Kimini 2002 - Koushien no Kodou [DigiCube Best Selection]
SLPS-20379;Eikan wa Kimini 2004 - Koshien no Kodou [Artdink Best Choice]
SLPM-62006;Eisei Meijin 4
SLPM-62141;Eisei Meijin VI
SLPM-62302;Eisei Meijin VII
SLUS-20525;Ejay Club World
SCES-50933;eJay Clubworld
SLES-50933;eJay Clubworld
SLES-55138;El Tigre - The Adventures of Manny Rivera
SLUS-21732;El Tigre - The Adventures of Manny Rivera
SLPM-62623;Elemental Gerad
SLPM-66929;Elminage - Yami no Fujo to Kamigami no Yubiwa
SLPM-66585;Elvandia Story
SLPS-25220;Elysion
SCES-52369;Empires of Atlantis
SLES-52369;Empires of Atlantis
SCES-50936;Endgame
SLES-50936;Endgame
SLUS-20389;Endgame
SLPM-62047;Endnesia
SCPS-55044;Energy Airforce
SLKA-25002;Energy Airforce
SLPM-65177;Energy Airforce
SLPM-74414;Energy Airforce
SCAJ-20041;Energy Airforce - Aim Strike!
SCES-52265;Energy Airforce - Aim Strike!
SCES-52266;Energy Airforce - Aim Strike!
SCES-52267;Energy Airforce - Aim Strike!
SLES-52265;Energy Airforce - Aim Strike!
SLES-52266;Energy Airforce - Aim Strike!
SLES-52267;Energy Airforce - Aim Strike!
SLPM-65374;Energy Airforce - Aim Strike!
SLPM-66774;Energy Airforce - AimStrike! [Taito Best]
TCPS-10071;Energy Airforce [PlayStation 2 the Best]
SLKA-25181;ENERGY AIRFORCE AIM STRIKE!
TCPS-10073;Energy Airforce aimStrike!
SCES-52716;Energy Thieves
SLES-52716;Energy Thieves, The
SCES-52385;England International Football
SLES-52385;England International Football
SLPS-25517;Enjoy Golf!
SCES-51203;Enter the Matrix
SLES-51203;Enter the Matrix
SLKA-25032;Enter The Matrix
SLPS-25254;Enter the Matrix
SLUS-20454;Enter the Matrix
SCES-53125;Enthusia - Professional Racing
SLES-53125;Enthusia - Professional Racing
SLPM-66257;Enthusia - Professional Racing
SLPM-65948;Enthusia Professional Racing
SLUS-20967;Enthusia Professional Racing
SLPS-25115;EOE - Eve of Evtinction
SCES-50110;Ephemeral Fantasia
SLES-50110;Ephemeral Fantasia
SLUS-20169;Ephemeral Fantasia
SLUS-21401;Equestriad
SCES-54159;Eragon
SCES-54160;Eragon
SLES-54159;Eragon
SLES-54160;Eragon
SLUS-21322;Eragon
SLPS-25188;Erde - Nezu no Izuki no Shita de
TCPS-10111;Eremental Gerad
TCPS-10161;Erementar Gerad [Taito Best]
SCUS-97530;ESA Foundation Compilation Set
SCES-50225;Escape from Monkey Island
SLES-50225;Escape from Monkey Island
SLUS-20181;Escape from Monkey Island
SCES-50227;Escape from Monkey Island [Flucht von Monkey Island]
SLES-50227;Escape from Monkey Island [Flucht von Monkey Island]
SCES-50226;Escape from Monkey Island 4
SCES-50228;Escape from Monkey Island 4
SLES-50226;Escape from Monkey Island 4
SLES-50228;Escape from Monkey Island 4
SLPS-25352;Espgaluda
SLUS-20729;ESPN - College Hoops
SLUS-20922;ESPN - College Hoops 2K5
SLUS-20320;ESPN - International Winter Sports 2002
SLUS-20794;ESPN - Major League Baseball
SLUS-20128;ESPN - MLS Extra Time
SLUS-20166;ESPN - National Hockey Night
SLUS-20143;ESPN - NBA 2 Night
SLUS-20261;ESPN - NBA 2 Night 2002
SLUS-20920;ESPN - NBA 2K5
SLUS-20726;ESPN - NBA Basketball
SLUS-20919;ESPN - NFL 2K5
SLUS-20727;ESPN - NFL Football
SLUS-20308;ESPN - NFL Prime Time 2002
SLUS-20921;ESPN - NHL 2K5
SLUS-20728;ESPN - NHL Hockey
SLUS-20089;ESPN - Winter X Games - Snowboarding
SLUS-20321;ESPN - Winter X Games - Snowboarding 2002
SLUS-20237;ESPN - X Games Skateboarding
SCES-50036;ESPN International Track & Field
SLES-50036;ESPN International Track & Field
SLUS-20041;ESPN International Track & Field
SCES-50356;ESPN International Winter Sports
SLES-50356;ESPN International Winter Sports
SLUS-29016;ESPN International Winter Sports [Demo]
SCES-50171;ESPN National Hockey Night
SLES-50171;ESPN National Hockey Night
SLPM-62041;ESPN National Hockey Night
SCES-53022;ESPN NBA 2K5
SLES-53022;ESPN NBA 2K5
SCES-50075;ESPN NBA 2Night
SLES-50075;ESPN NBA 2Night
SLPM-62032;ESPN NBA 2Night
SCES-50779;ESPN NBA 2Night 2002
SLES-50779;ESPN NBA 2Night 2002
SLPM-62121;ESPN NBA 2Night 2002
SCES-51947;ESPN NFL 2K4
SLES-51947;ESPN NFL 2K4
SCES-52943;ESPN NFL 2K5
SLES-52943;ESPN NFL 2K5
SCES-52966;ESPN NHL 2K5
SLES-52966;ESPN NHL 2K5
SCES-51948;ESPN NHL Hockey 2K4
SLES-51948;ESPN NHL Hockey 2K4
SLUS-29001;ESPN Winter Games Snowboarding [Demo]
SCES-50586;ESPN Winter Sports 2002
SLES-50586;ESPN Winter Sports 2002
SLES-50035;ESPN Winter X-Games Snowboarding
SCES-50670;ESPN Winter X-Games Snowboarding 2
SLES-50670;ESPN Winter X-Games Snowboarding 2
SLPM-65072;ESPN Winter X-Games Snowboarding 2002
SLUS-29008;ESPN X Games Skateboarding [Demo]
SCES-50430;ESPN X-Games Skateboarding
SLES-50430;ESPN X-Games Skateboarding
SLPM-62084;ESPN X-Games Skateboarding
SLPM-65009;ESPN X-Games Snowboarding
SLPS-25468;Eternal Aselia - The Spirit of Eternity Sword
SLPS-25466;Eternal Aselia - The Spirit of Eternity Sword [Limited Edition]
SLUS-21779;Eternal Poison
SCES-51624;Eternal Quest
SLES-51624;Eternal Quest
SCES-50051;Eternal Ring
SLES-50051;Eternal Ring
SLPS-25001;Eternal Ring
SLUS-20015;Eternal Ring
SLPM-62054;Eternity Master V
SLPS-25617;Etude Prologue - Yureugoku Kokoro no Katachi
SLPS-25646;Eureka Seven - New Vision
SLPS-25706;Eureka Seven - New Vision [Welcome Price 2800]
SLPS-25705;Eureka Seven - New Wave Graduation [Welcome Price 2800]
SLPS-25707;Eureka Seven - New Wave Graduation [Welcome Price with DVD]
SLUS-21353;Eureka Seven - Vol.1 - The New Wave
SLUS-21538;Eureka Seven - Vol.2 - The New Vision
SLPS-25554;Eureka Seven TR1 - New Wave
SCES-52396;Euro 2004
SCES-52397;Euro 2004
SCES-52398;Euro 2004
SLES-52396;Euro 2004
SLES-52397;Euro 2004
SLES-52398;Euro 2004
SCES-52378;Euro Rally Champion
SLES-52378;Euro Rally Champion
SLPM-62284;Europe Games Collection
SLPM-65804;European Club Soccer - Winning Eleven Tactics
SCES-51813;European Tennis Pro
SLES-51813;European Tennis Pro
SLPS-25932;Evangelion - Jo
SLKA-25108;Eve - Burst Error Plus
SLPM-65930;EVE - Burst Error Plus [GameBridge The Best]
SLPM-65320;Eve Burst Error Plus
SLPM-65319;Eve Burst Error Plus [Limited Edition]
SLPM-66338;EVE New Generation
SLPM-66337;EVE New Generation [Deluxe Pack]
SCES-50758;Eve of Extinction
SCPS-55025;Eve of Extinction
SLES-50758;Eve of Extinction
SLUS-20270;Eve of Extinction
SLPM-65421;Ever 17 - Out of Infinity [Premium Edition]
SLPM-65691;Ever 17 - Out of Infinity [SuperLite 2000 Series]
SLPS-25138;Ever 17 - The Out of Infinity
SLPS-25149;Ever 17 - The Out of Infinity
SLPM-62081;Ever Blue
SLPM-62216;Ever Blue [CapKore The Best]
SLPM-62214;Ever Blue 2
SLPM-55086;Ever17 - The Out of Infinity [Renai Game Selection]
SCES-50639;Everblue
SLES-50639;Everblue
SCES-51381;Everblue 2
SLES-51381;Everblue 2
SLUS-20598;Everblue 2
SCES-50050;Evergrace
SLES-50050;Evergrace
SLPS-25003;Evergrace
SLUS-20016;Evergrace
SLPS-25044;Evergrace 2
SCED-51728;EverQuest - Online Adventures
SCES-51648;Everquest - Online Adventures
SLES-51648;Everquest - Online Adventures
SLUS-20470;EverQuest - Online Adventures
SLUS-20744;EverQuest - Online Adventures - Frontiers
SLUS-29063;Everquest Online Adventures - Frontiers [Public Beta Ver.1.0]
SLUS-28020;Everquest Online Adventures [Beta Vol.1.0]
SLUS-28021;Everquest Online Adventures [Beta Vol.2.0]
SLUS-28026;Everquest Online Adventures [Beta Vol.3.0]
SLUS-29050;Everquest Online Adventures [Demo]
SCES-52582;Everybody's Golf
SLES-52582;Everybody's Golf
TCES-52582;Everybody's Golf
SCES-54535;Everybody's Tennis
SLES-54535;Everybody's Tennis
SCAJ-20198;Everybody's Tennis [PlayStation 2 the Best]
SCES-51806;Evil Dead - A Fistful of Boomstick
SLES-51806;Evil Dead - A Fistful of Boomstick
SLUS-20403;Evil Dead - A Fistful of Boomstick
SCES-51588;Evil Dead - A Fistful of Boomstick [with Bonus DVD Movie]
SLES-51588;Evil Dead - A Fistful of Boomstick [with Bonus DVD Movie]
SCES-53457;Evil Dead - Regeneration
SLES-53457;Evil Dead - Regeneration
SLKA-25306;Evil Dead - Regeneration
SLUS-21048;Evil Dead - Regeneration
SCES-50201;Evil Twin - Cyprien's Chronicles
SLES-50201;Evil Twin - Cyprien's Chronicles
SCES-53976;Evolution GT
SCES-54254;Evolution GT
SLES-53976;Evolution GT
SLES-54254;Evolution GT
SLUS-21499;Evolution GT
SCES-51349;Evolution Skateboarding
SLES-51349;Evolution Skateboarding
SLKA-25015;Evolution Skateboarding
SLPM-65213;Evolution Skateboarding
SLUS-20540;Evolution Skateboarding
SCES-51392;Evolution Snowboarding
SLES-51392;Evolution Snowboarding
SLKA-25014;Evolution Snowboarding
SLPM-65231;Evolution Snowboarding
SLUS-20546;Evolution Snowboarding
SLPS-20005;EX Billiards
SLPM-62115;EX Jinsei Game
SLPM-62116;EX JINSEI GAME
SLPM-65258;EX JINSEI GAME II [Limited Edition]
SLPM-74254;EX Jinsei Game II [PlayStation 2 the Best - Reprint]
SLPM-74274;EX Jinsei Game II [PlayStation 2 the Best Reprint]
SLPM-65415;EX Jinsei Game II [PlayStation 2 The Best, Reprint]
SLPM-66251;EX Jinsei Game II [Takara Best]
SLPM-62103;EX Okuman Chouja Game - The Money Battle
SLPM-62757;EX Okuman Chouja Game [Atlus Best Collection]
SLPM-62596;EX Okuman Chouja Game [Takara The Best]
SCES-52601;Ex Zeus
SLES-52601;Ex Zeus
SLPS-25087;Exciting Pro Wrestling 3
SLPS-25083;Exciting Pro Wrestling 3 [Limited Edition]
SLPS-20223;Exciting Pro Wrestling 3 [PlayStation 2 the Best]
SLPS-25210;Exciting Pro Wrestling 4
SLPS-25327;Exciting Pro Wrestling 5
SLPM-65779;Exciting Pro Wrestling 5 [Yuke's the Best]
SLPM-66187;Exciting Pro Wrestling 6 - SmackDown vs RAW [Yuke's the Best]
SLUS-10010 ;Explosion Royale 
PAPX-90211;Extermination
SCES-50240;Extermination
SCPS-15011;Extermination
SCUS-97112;Extermination
SLES-50240;Extermination
SCUS-97160;Extermination [Demo]
SCPS-19202;Extermination [PlayStation 2 The Best]
SCES-53080;Extreme Sprint 3010
SLES-53080;Extreme Sprint 3010
SLUS-20302;Extreme-G Racing - XG3
SLUS-20632;Extreme-G Racing Association - XGRA
SLPM-66218;Eyeshield 21 Amefoot Yarouze! Ya-!Ha-!
SCUS-97414;EyeToy - AntiGrav
SCUS-97438;EyeToy - Antigrav [Demo]
SCED-53792;EyeToy - Antigrav + SpyToy Demo
SCES-52154;EyeToy - Chat
SLES-52154;EyeToy - Chat
TCES-52154;EyeToy - Chat
SCED-52818;EyeToy - Chat [Light]
SCES-52922;EyeToy - Disney Move
SLES-52922;EyeToy - Disney Move
SCAJ-20097;EyeToy - FuriFuri Dance Tengoku
SCPS-15073;EyeToy - Groov [with Camera]
SCES-51895;EyeToy - Groove
SCUS-97400;EyeToy - Groove
SLES-51895;EyeToy - Groove
SCUS-97345;EyeToy - Groove [Game Only]
SCPS-15076;EyeToy - HuriHuri Dance
SCES-52883;EyeToy - Kinetic
SCUS-97478;EyeToy - Kinetic
SLES-52883;EyeToy - Kinetic
SCUS-97497;EyeToy - Kinetic [with Camera]
SCES-52930;EyeToy - Monkey Mania
SLES-52930;EyeToy - Monkey Mania
SCPS-19314;EyeToy - Monkey Mania [PlayStation 2 The Best]
SCAJ-20098;EyeToy - Oosawagi! Ukkiiuki Game
SCUS-97523;EyeToy - Operation Spy!
SCCS-40017;EyeToy - Play
SCES-51513;EyeToy - Play
SCUS-97319;EyeToy - Play
SLES-51513;EyeToy - Play
SCPS-15070;EyeToy - Play [Game Only]
SCPS-19315;EyeToy - Play [PlayStation 2 The Best]
SCAJ-20065;EyeToy - Play [with Camera]
SCPS-15061;EyeToy - Play [with Camera]
SCAJ-20128;EyeToy - Play 2
SCED-52969;Eyetoy - Play 2
SCES-52748;EyeToy - Play 2
SCUS-97468;EyeToy - Play 2
SLES-52748;EyeToy - Play 2
SCPS-15094;EyeToy - Play 2 [Game Only]
SCAJ-20127;EyeToy - Play 2 [with Camera]
SCPS-15089;EyeToy - Play 2 [With Camera]
SCUS-97495;EyeToy - Play 2 [with Camera]
SCES-53315;EyeToy - Play 3
SCUS-97498;EyeToy - Play 3
SLES-53315;EyeToy - Play 3
SCED-53613;EyeToy - Play 3 + SpyToy
SCED-54134;EyeToy - Play Sports
SCES-54094;EyeToy - Play Sports [Platinum] [with Camera]
SCAJ-20101;EyeToy - Saru
SCCS-40018;EyeToy - Saru EyeToy - Oosawagi! Ukkiuki Game Tenkomori!!
SLPM-62554;EyeToy - Sega Superstars [with Camera]
SCPS-15078;EyeToy - Uki Uki Panic [Game Only]
SCPS-15077;EyeToy - Uki Uki Panic [with Camera]
SCUS-97507;EyeToy [Demo]
SCUS-97378;EyeToy and EyeToy Play [Demo]
SCES-54538;EyeToy Play - Astro Zoo
SCES-55038;EyeToy Play - Hero
SCES-55083;EyeToy Play - PomPom Party
SLPM-62516;EyeToy Sports - Let's Play Sports!
SLPM-65297;F Fanatic
SLPM-65296;F Fanatic [Limited Edition]
SCES-53950;F1 '06
SLES-53950;F1 '06
SLUS-20103;F1 2000 Championship Edition
SCES-50423;F1 2001
SCES-50431;F1 2001
SLES-50423;F1 2001
SLES-50431;F1 2001
SLUS-20264;F1 2001
SCES-50874;F1 2002
SCES-50875;F1 2002
SLES-50874;F1 2002
SLES-50875;F1 2002
SLPS-20199;F1 2002
SLUS-20455;F1 2002
SCES-51584;F1 Career Challenge
SLES-51584;F1 Career Challenge
SLPS-20295;F1 Career Challenge
SLUS-20693;F1 Career Challenge
SCES-50017;F1 Championship Season 2000
SLES-50017;F1 Championship Season 2000
SLPS-20044;F1 Championship Season 2000
SCES-50046;F1 Racing Championship
SCES-50047;F1 Racing Championship
SLES-50046;F1 Racing Championship
SLES-50047;F1 Racing Championship
SLPS-20042;F1 Racing Championship
SCES-53539;Fahrenheit
SCES-53540;Fahrenheit
SLES-53539;Fahrenheit
SLES-53540;Fahrenheit
SLPM-66193;Fahrenheit
SCES-52857;Fairly Odd Parents
SLUS-20661;Fairly Odd Parents, The - Breakin' Da Rules
SLES-52857;Fairly Odd Parents, The - Shadow Showdown
SLUS-20880;Fairly Odd Parents, The - Shadow Showdown
SLES-54795;Falling Stars
SLUS-21734;Falling Stars
SCES-51525;Fallout - Brotherhood of Steel
SCES-51526;Fallout - Brotherhood of Steel
SLES-51525;Fallout - Brotherhood of Steel
SLES-51526;Fallout - Brotherhood of Steel
SLPM-65915;Fallout - Brotherhood of Steel
SLUS-20539;Fallout - Brotherhood of Steel
SCES-52060;Fame Academy
SLES-52060;Fame Academy
SLUS-21446;Family Feud
SCES-54126;Family Guy - The Video Game
SCES-54394;Family Guy - The Video Game
SLES-54126;Family Guy - The Video Game
SLES-54394;Family Guy - The Video Game
SLUS-21560;Family Guy - The Video Game
SLUS-20615;Fantastic 4
SLUS-21544;Fantastic 4 - Rise of Silver Surfer
SLPS-25236;Fantastic Fortune 2
SLPS-25396;Fantastic Fortune 2 - Triple Star
SLPM-66838;Fantastic Fortune 2 - Triple Star [Best Hit Selection]
SCES-53143;Fantastic Four
SCES-53145;Fantastic Four
SCES-53281;Fantastic Four
SLES-53143;Fantastic Four
SLES-53145;Fantastic Four
SLES-53281;Fantastic Four
KOEI-00018;Fantasy Battle Kouryaku Box
PAPX-90201;Fantavision
SCES-50002;FantaVision
SCPS-11002;Fantavision
SCPS-15030;Fantavision
SCUS-97105;Fantavision
SLES-50002;FantaVision
SCPS-55032;Fantavision - For You and Me
SLUS-21146;Far East of Eden
SLPS-73003;Farms Story 3 [PlayStation 2 The Best]
SLUS-21449;Fast and the Furious, The - Tokyo Drift
SCPS-55043;Fatal Frame
SCPS-56008;Fatal Frame
SLUS-20388;Fatal Frame
SLPS-25544;Fatal Frame - Zero
SLPS-73245;Fatal Frame - Zero [PlayStation 2 The Best]
SLPS-73255;Fatal Frame [PlayStation 2 the Best - Reprint]
SCKA-20023;Fatal Frame 2
SCAJ-20050;Fatal Frame 2 - Crimson Butterfly
SLUS-20766;Fatal Frame 2 - Crimson Butterfly
SLPS-73256;Fatal Frame 2 - Crimson Butterfly [PlayStation 2 the Best - Reprint]
SLPS-73201;Fatal Frame 2 - Crimson Butterfly [PlayStation 2 The Best]
SLUS-21244;Fatal Frame 3 - The Tormented
SLPS-73257;Fatal Frame III - The Tormented [PlayStation 2 the Best - Reprint]
SLPS-25863;Fatal Fury - Battle Archives 1 [SNK the Best]
SLPS-25698;Fatal Fury - Battle Archives 2
SLPS-25864;Fatal Fury - Battle Archives 2 [SNK the Best]
SLUS-21723;Fatal Fury Battle Archives Vol.2
SLPM-66513;Fate-stay Night - Realta Nua
SLPM-66512;Fate-stay Night - Realta Nua [Extra Edition]
SLPM-74270;Fate/Stay Night [Realta Nua] [PlayStation 2 the Best]
SLPM-55108;Fate/Unlimited Codes
SLPM-55238;Fate/Unlimited Codes [Best Price]
CPCS-01041;Fate/Unlimited Codes [SP Box]
SLES-51425;Fatman and Slim [Beta]
SCES-51078;FC Barcelona - Club Football
SLES-51078;FC Barcelona - Club Football
SCES-52651;FC Barcelona - Club Football 2005
SLES-52651;FC Barcelona - Club Football 2005
SCES-52655;FC Bayern Munich - Club Football 2005
SLES-52655;FC Bayern Munich - Club Football 2005
SCES-51094;FC Internazionale - Club Football
SLES-51094;FC Internazionale - Club Football
SLPM-65040;Fear, The [Disc 1]
SLPM-65041;Fear, The [Disc 2]
SLPM-65042;Fear, The [Disc 3]
SLPM-65043;Fear, The [Disc 4]
SLUS-21780;Ferrari Challenge
SCES-50956;Ferrari F355 Challenge
SLES-50956;Ferrari F355 Challenge
SLPM-65178;Ferrari F355 Challenge
SLPM-65185;Ferrari F355 Challenge
SLUS-20558;Ferrari F355 Challenge
SLPM-66435;Festa!! Hyper Girls Party
SLPM-66434;Festa!! Hyper Girls Party [Limited Edition]
SLPS-20265;Fever 7
SLPS-20298;Fever 8
SLPS-20331;Fever 9 - Sankyo
SCES-53529;FIFA '06
SCES-53530;FIFA '06
SCES-53531;FIFA '06
SCES-53532;FIFA '06
SCES-53533;FIFA '06
SLES-53529;FIFA '06
SLES-53530;FIFA '06
SLES-53531;FIFA '06
SLES-53532;FIFA '06
SLES-53533;FIFA '06
SLUS-21280;FIFA '06
SLUS-29160;FIFA '06 [Demo]
SCES-54240;FIFA '07
SCES-54241;FIFA '07
SCES-54243;FIFA '07
SCES-54244;FIFA '07
SCES-54246;FIFA '07
SLES-54240;FIFA '07
SLES-54241;FIFA '07
SLES-54243;FIFA '07
SLES-54244;FIFA '07
SLES-54246;FIFA '07
SLKA-25396;FIFA '07
SLUS-29194;FIFA '07 [Demo]
TLES-54240;FIFA 07
SLPM-55134;FIFA 09 - World Class Soccer
SLES-55585;FIFA 10
SLPM-55226;FIFA 10 - World Class Soccer
SLPM-55271;FIFA 10 - World Class Soccer [EA:SY! 1980]
SLPS-20020;FIFA 2000 World Championship
SCES-50011;FIFA 2001
SCES-50012;FIFA 2001
SCES-50013;FIFA 2001
SCES-50014;FIFA 2001
SCES-50015;FIFA 2001
SCES-50016;FIFA 2001
SLES-50011;FIFA 2001
SLES-50012;FIFA 2001
SLES-50013;FIFA 2001
SLES-50014;FIFA 2001
SLES-50015;FIFA 2001
SLES-50016;FIFA 2001
SCES-50464;FIFA 2002
SCES-50465;FIFA 2002
SCES-50466;FIFA 2002
SCES-50467;FIFA 2002
SCES-50469;FIFA 2002
SCES-50470;FIFA 2002
SCES-50471;FIFA 2002
SLES-50464;FIFA 2002
SLES-50465;FIFA 2002
SLES-50466;FIFA 2002
SLES-50467;FIFA 2002
SLES-50469;FIFA 2002
SLES-50470;FIFA 2002
SLES-50471;FIFA 2002
SLPS-25118;FIFA 2002
SLUS-20280;FIFA 2002
SLPS-25069;FIFA 2002 - Road to World Cup
SCES-51197;FIFA 2003
SLES-51197;FIFA 2003
SLPS-25179;FIFA 2003
SCES-51953;FIFA 2004
SCES-51963;FIFA 2004
SCES-51964;FIFA 2004
SLES-51953;FIFA 2004
SLES-51963;FIFA 2004
SLES-51964;FIFA 2004
SCES-52559;FIFA 2005
SCES-52560;FIFA 2005
SCES-52561;FIFA 2005
SCES-52562;FIFA 2005
SLES-52559;FIFA 2005
SLES-52560;FIFA 2005
SLES-52561;FIFA 2005
SLES-52562;FIFA 2005
SLUS-21051;FIFA 2005
SCES-54871;FIFA 2008
SCES-54873;FIFA 2008
SLES-54871;FIFA 2008
SLES-54873;FIFA 2008
SCES-52563;FIFA Football 2005
SLES-52563;FIFA Football 2005
SLUS-21433;FIFA Soccer '07
SLUS-21648;FIFA Soccer '08
SLUS-21776;FIFA Soccer '09
SLUS-20097;FIFA Soccer 2001
SLPM-65193;FIFA Soccer 2003
SLUS-20580;FIFA Soccer 2003
SLUS-20750;FIFA Soccer 2004
SLUS-29086;FIFA Soccer 2004 [Demo]
SLAJ-25088;FIFA Soccer 2007
SCES-53064;FIFA Street
SLES-53064;FIFA Street
SLPM-66047;FIFA Street
SLUS-21147;FIFA Street
SLPM-66557;FIFA Street [EA Best Hits]
SCES-53796;FIFA Street 2
SCES-53797;FIFA Street 2
SLES-53796;FIFA Street 2
SLES-53797;FIFA Street 2
SLKA-25374;FIFA Street 2
SLPM-66443;FIFA Street 2
SLUS-21369;FIFA Street 2
SLPM-65527;FIFA Total Football
SLPM-65746;FIFA Total Football 2
SLPS-20054;FIFA World Championship 2001
SCES-54061;FIFA World Cup - Germany '06
SCES-54062;FIFA World Cup - Germany '06
SLES-54061;FIFA World Cup - Germany '06
SLES-54062;FIFA World Cup - Germany '06
SLAJ-25081;FIFA World Cup - Germany 2006
SLPM-66386;FIFA World Cup - Germany 2006
SLUS-29189;FIFA World Cup - Germany 2006 [Demo]
SLUS-21408;FIFA World Cup '06
SCES-50796;FIFA World Cup 2002
SCES-50797;FIFA World Cup 2002
SCES-50798;FIFA World Cup 2002
SCES-50799;FIFA World Cup 2002
SCES-50800;FIFA World Cup 2002
SCES-50801;FIFA World Cup 2002
SLES-50796;FIFA World Cup 2002
SLES-50797;FIFA World Cup 2002
SLES-50798;FIFA World Cup 2002
SLES-50799;FIFA World Cup 2002
SLES-50800;FIFA World Cup 2002
SLES-50801;FIFA World Cup 2002
SLUS-20404;FIFA World Cup 2002
SCES-54063;FIFA World Cup 2006
SCES-54064;FIFA World Cup 2006
SCES-54081;FIFA World Cup 2006
SLES-54063;FIFA World Cup 2006
SLES-54064;FIFA World Cup 2006
SLES-54081;FIFA World Cup 2006
SCES-52718;Fight Club
SLES-52718;Fight Club
SLUS-20857;Fight Club
SLUS-29124;Fight Club [Demo]
SLUS-21161;Fight Night - Round 2
SLUS-21383;Fight Night - Round 3
SCES-52374;Fight Night 2004
SLES-52374;Fight Night 2004
SLPM-65587;Fight Night 2004
SLUS-20906;Fight Night 2004
SCES-53084;Fight Night Round 2
SLES-53084;Fight Night Round 2
SLPM-66072;Fight Night Round 2
SLPM-55035;Fight Night Round 2 [EA:SY! 1980]
SCES-53982;Fight Night Round 3
SLES-53982;Fight Night Round 3
SCES-51390;Fightbox
SLES-51390;Fightbox
SLUS-20524;Fighter Maker 2
SCES-53408;Fighting Angels
SLES-53408;Fighting Angels
SLPS-25657;Fighting Beauty Wulong
SLPS-25545;Fighting for One Piece
SCES-51056;Fighting Fury
SLES-51056;Fighting Fury
SLPM-65676;Final Approach
SLPM-65675;Final Approach [Limited Edition]
SLPM-66943;Final Approach 2 - 1st Priority
SLPM-66942;Final Approach 2 - 1st Priority [First Print Limited Edition]
SCES-54467;Final Armada
SLES-54467;Final Armada
SCES-50490;Final Fantasy X
SCES-50491;Final Fantasy X
SCES-50492;Final Fantasy X
SCES-50493;Final Fantasy X
SCES-50494;Final Fantasy X
SLES-50490;Final Fantasy X
SLES-50491;Final Fantasy X
SLES-50492;Final Fantasy X
SLES-50493;Final Fantasy X
SLES-50494;Final Fantasy X
SLPS-25050;Final Fantasy X
SLUS-20312;Final Fantasy X
SLKA-25214;Final Fantasy X - International [BigHits Series]
SLPM-66677;Final Fantasy X - International [Ultimate Hits]
SCED-50907;Final Fantasy X [Bonus Disc - Beyond Final Fantasy]
SCED-50642;Final Fantasy X [Demo] [Final Fantasy VI PS1 - Bonus Disc]
SLPS-72501;Final Fantasy X [Mega Hits]
SLPM-66124;Final Fantasy X [Ultimate Hits]
SLPM-65115;Final Fantasy X International
SLPM-67513;Final Fantasy X International
SLPS-25088;Final Fantasy X International
SCAJ-25012;Final Fantasy X-2
SCES-51815;Final Fantasy X-2
SCES-51816;Final Fantasy X-2
SCES-51817;Final Fantasy X-2
SCES-51818;Final Fantasy X-2
SCES-51819;Final Fantasy X-2
SLAJ-25012;Final Fantasy X-2
SLES-51815;Final Fantasy X-2
SLES-51816;Final Fantasy X-2
SLES-51817;Final Fantasy X-2
SLES-51818;Final Fantasy X-2
SLES-51819;Final Fantasy X-2
SLKA-25144;Final Fantasy X-2
SLPS-25250;Final Fantasy X-2
SLUS-20672;Final Fantasy X-2
SLPM-66678;Final Fantasy X-2 - International + Last Mission [Ultimate Hits]
SLPM-66125;Final Fantasy X-2 [Ultimate Hits]
SCAJ-20068;Final Fantasy X-2 International
SLPM-65478;Final Fantasy X-2 International
SLPM-62333;Final Fantasy XI
SLPS-20200;Final Fantasy XI
SLPS-25200;Final Fantasy XI
SLPM-55298;Final Fantasy XI - Adoulin no Makyou
SLPM-66394;Final Fantasy XI - Aht Urghan no Hihou
SLPM-66393;Final Fantasy XI - Aht Urghan no Hihou [All-in-One Pack]
SLUS-21070;Final Fantasy XI - Chains of Promathia
SLPM-65706;Final Fantasy XI - Chains of Promathia [All-in-One Pack]
SLPM-65705;Final Fantasy XI - Chains of Promathia [Expansion Disc]
SLPM-65287;Final Fantasy XI - Girade no Genei
SLPM-65288;Final Fantasy XI - Girade no Genei [All-in-One Pack]
SCUS-97271;Final Fantasy XI - Online [Beta Version] [Disc 1]
SCUS-97272;Final Fantasy XI - Online [Beta Version] [Disc 2]
SLPM-62135;Final Fantasy XI - Online [Beta]
SCUS-97380;Final Fantasy XI - Online [Demo]
SLUS-21404;Final Fantasy XI - Treasures of Aht Urhgan
SLPM-66893;Final Fantasy XI - Vana'diel Collection
SLPM-55229;Final Fantasy XI - Vana'diel Collection 2
SLPM-66894;Final Fantasy XI - Wings of the Goddess
SLUS-21694;Final Fantasy XI - Wings of the Goddess
SCUS-97266;Final Fantasy XI [Disc 1]
SCUS-97269;Final Fantasy XI [Disc 2]
SLPM-65953;Final Fantasy XI [Entry Disc 2005]
SLPM-65289;Final Fantasy XI [Entry Disc]
SLPS-20232;Final Fantasy XI [Special Art Pack]
SLPS-25160;Final Fantasy XI 2002 [Special Art Box]
SCAJ-20172;Final Fantasy XII
SCES-54354;Final Fantasy XII
SCES-54355;Final Fantasy XII
SCES-54356;Final Fantasy XII
SCES-54357;Final Fantasy XII
SCES-54358;Final Fantasy XII
SCKA-20073;Final Fantasy XII
SLES-54354;Final Fantasy XII
SLES-54355;Final Fantasy XII
SLES-54356;Final Fantasy XII
SLES-54357;Final Fantasy XII
SLES-54358;Final Fantasy XII
SLPM-66320;Final Fantasy XII
SLUS-20963;Final Fantasy XII
SCAJ-20188;Final Fantasy XII - International - Zodiac Job System
SLUS-21475;Final Fantasy XII [Collector's Edition]
SLUS-29171;Final Fantasy XII [Demo]
SLPM-55022;Final Fantasy XII [Ultimate Hits]
SLPM-66750;Final Fantasy XII International - Zodiac Job System [with Bonus DVD]
SCKA-20138;Final Fantasy XII International Zodiac Job System [Ultimate Hits]
SLPM-55210;Final Fantasy XII International Zodiac Job System [Ultimate Hits]
SLES-53853;Final Fight - Streetwise
SLUS-21238;Final Fight - Streetwise
SLUS-29145;Final Night - Round 2 [Demo]
SLUS-29096;Final Night 2004 [Demo]
SLPM-66254;Finalist
SLPM-66253;Finalist [Limited First Edition]
SLPM-66911;Finalist [Princess Soft Collection]
SLPM-65655;Finding Nemo [Yuke's The Best]
SLUS-21072;Finny the Fish & The Seven Waters
SLUS-20198;Fire Blade
SLUS-29030;Fire Blade [Demo]
SCES-53237;Fire Heroes
SLES-53237;Fire Heroes
SLUS-21702;Fire Pro Wrestling - Returns
SLES-55041;Fire Pro Wrestling Returns
SLPM-66082;Fire Pro Wrestling Returns
SLPM-66388;Fire Pro Wrestling Returns [Spike The Best]
SLPM-62342;Fire Pro Wrestling Z
SLPM-62287;Fire Pro Wrestling Z [Limited Edition]
SCES-51782;Fire Warrior
SLES-51782;Fire Warrior
SCES-50716;Fireblade
SCES-50995;Fireblade
SLES-50716;Fireblade
SLES-50995;Fireblade
SCES-52096;Firefighter F.D. 18
SLES-52096;Firefighter F.D. 18
SLPM-65470;Firefighter F.D. 18
SLPM-66017;Firefighter F.D. 18 [Konami Dendou Collection]
SLPM-65744;Firefighter F.D. 18 [Konami The Best]
SLUS-20724;Firefighter FD 18
SLPM-65313;First Kiss Story 1&2
SLPM-65256;First Kiss Story 1&2 [Limited Edition]
SCPS-55030;First Step Victorious Boxers [PlayStation 2 The Best]
SCPS-15069;Fish - Legend of Seven Waters and Gods
SLPS-20291;Fish Eyes 3
SLPS-20377;Fish Eyes 3 [Best Collection]
SLPS-20477;Fish Eyes 3 [Super Best Collection]
SLUS-20428;Fisherman's Bass Club
SCES-51418;Fisherman's Challenge
SLES-51418;Fisherman's Challenge
SLUS-20553;Fisherman's Challenge
SCES-52983;Fitness Fun
SLES-52983;Fitness Fun
SLPS-20505;FIVB Volleyball World Cup - Venus Evolution [Spike the Best]
SLPM-66155;Flame of Recca - Final Burning [Konami Palace Selection]
SCES-52753;Flatout
SCES-52754;FlatOut
SLES-52753;Flatout
SLES-52754;FlatOut
SLUS-20901;FlatOut
SCES-54002;FlatOut 2
SCES-54003;Flatout 2
SLES-54002;FlatOut 2
SLES-54003;Flatout 2
SLKA-25401;FlatOut 2
SLUS-21251;FlatOut 2
SLPM-66591;FlatOut 2 GTR
SCES-54473;Flintstones
SCES-54579;Flintstones
SCES-50259;Flintstones - Viva Rock Vegas
SLES-50259;Flintstones - Viva Rock Vegas
SLES-54473;Flintstones, The - Bedrock Racing
SLES-54579;Flintstones, The - Bedrock Racing
SCES-52065;Flipnic
SCPS-15050;Flipnic
SLES-52065;Flipnic
SLUS-21157;Flipnic - Ultimate Pinball
SLUS-29149;Flipnic - Ultimate Pinball [Demo]
SCES-53848;Flow - Urban Dance Uprising
SLES-53848;Flow - Urban Dance Uprising
SLUS-21319;Flow - Urban Dance Uprising
SLPS-25034;Flower, Sun and Rain
SLPS-25154;Flower, Sun and Rain [Victor The Best]
SCES-54527;Flushed Away
SLES-54527;Flushed Away
SLUS-21484;Flushed Away
SLUS-29197;Flushed Away [Demo]
SLPM-62096;Flying Circus
SLPM-62095;Flying Circus [Limited Edition]
SCES-50720;FMX - Freestyle Metal X
SLES-50720;FMX - Freestyle Metal X
SCES-51959;Football Generation
SLES-51959;Football Generation
SLPS-20374;Football Kingdom [Trial Edition]
SCES-51460;Football Manager 2004
SLES-51460;Football Manager 2004
SCES-50549;Football Manager Campionato 2002
SLES-50549;Football Manager Campionato 2002
SLPS-25506;For Symphony - With All One's Heart
SCED-52260;Forbidden Siren
SCES-51920;Forbidden Siren
SCES-52327;Forbidden Siren
SCES-52328;Forbidden Siren
SCES-52329;Forbidden Siren
SLES-51920;Forbidden Siren
SLES-52327;Forbidden Siren
SLES-52328;Forbidden Siren
SLES-52329;Forbidden Siren
SCES-52330;Forbidden Siren - Viviendo la Pesadilla
SLES-52330;Forbidden Siren - Viviendo la Pesadilla
SCES-53851;Forbidden Siren 2
SLES-53851;Forbidden Siren 2
SLES-53296;Ford Mustang - The Legend Lives
SLUS-21162;Ford Mustang - The Legend Lives
SCES-51705;Ford Racing 2
SLES-51705;Ford Racing 2
SLUS-20788;Ford Racing 2
SCES-52720;Ford Racing 3
SLES-52720;Ford Racing 3
SLUS-20976;Ford Racing 3
SLUS-21290;Ford Street Racing
SLES-53698;Ford vs Chevy
SLUS-21276;Ford vs Chevy
SLUS-20343;Forever Kingdom
SCES-52669;Forgotten Realms - Demon Stone
SLES-52669;Forgotten Realms - Demon Stone
SLKA-25252;Forgotten Realms - Demon Stone
SLPM-65927;Forgotten Realms - Demon Stone
SLUS-20804;Forgotten Realms - Demon Stone
SCES-52403;Formula Challenge
SLES-52403;Formula Challenge
SCCS-40019;Formula One 04
SCED-52687;Formula One 04
TCES-52042;Formula One 04
SCED-53447;Formula One 05
SCED-53448;Formula One 05
TCES-53033;Formula One 05
SCED-54207;Formula One 06
SCED-50313;Formula One 2001
SCES-50004;Formula One 2001
SCPS-15019;Formula One 2001
SCUS-97150;Formula One 2001
SLES-50004;Formula One 2001
SLPS-20120;Formula One 2001
SCES-51004;Formula One 2002
SCPS-15032;Formula One 2002
SCPS-55047;Formula One 2002
SLES-51004;Formula One 2002
SCES-51592;Formula One 2003
SLES-51592;Formula One 2003
SCES-52042;Formula One 2004
SCPS-15083;Formula One 2004
SLES-52042;Formula One 2004
SCES-53033;Formula One 2005
SCPS-15098;Formula One 2005
SLES-53033;Formula One 2005
SCPS-15117;Formula One 2006
SCES-53487;Forty 4 Party
SLES-53487;Forty 4 Party
SCES-53147;Four Fantasticos
SLES-53147;Four Fantasticos, Los
SCES-53144;Four Fantastiques
SLES-53144;Four Fantastiques, Les
SLPM-66203;Fragments Blue
SLPM-66202;Fragments Blue [Special Edition]
SLPS-25494;Fragrence Tale
SLUS-21382;Franklin - A Birthday Surprise
SCES-53903;Franklin the Turtle
SLES-53903;Franklin the Turtle
SCES-50310;Freak Out
SLES-50310;Freak Out
SCES-50713;Freaky Flyers
SLES-50713;Freaky Flyers
SLUS-20284;Freaky Flyers
SLUS-29061;Freaky Flyers [Demo]
SLES-54559;Free Running
SCES-51467;Freedom Fighters
SCES-51469;Freedom Fighters
SCES-51470;Freedom Fighters
SLES-51467;Freedom Fighters
SLES-51469;Freedom Fighters
SLES-51470;Freedom Fighters
SLPM-65548;Freedom Fighters
SLUS-20658;Freedom Fighters - The Battle for Liberty Island
SLPM-65803;Freedom Fighters [EA Best Hits]
SCES-50753;Freekstyle
SLES-50753;Freekstyle
SLPS-20231;Freekstyle
SLUS-20367;Freekstyle
SLUS-20494;Freestyle Metal X
SCES-50791;Frequency
SCUS-97125;Frequency
SLES-50791;Frequency
SCUS-97157;Frequency [Demo]
SCES-53813;Friends - Celui qui Repond a Toutes les Questions
SLES-53813;Friends - Celui qui Repond a Toutes les Questions
SCES-53803;Friends - Das Trivia Game
SLES-53803;Friends - Das Trivia Game
SCES-53761;Friends - The One with All the Trivia
SCES-53955;Friends - The One with All the Trivia
SLES-53761;Friends - The One with All the Trivia
SLES-53955;Friends - The One with All the Trivia
SLUS-21313;Friends - The One with all the Trivia
SLPS-25385;Friends Seishun no Kagayaki
SLPM-65304;Frogger
SLUS-21098;Frogger - Ancient Shadow
SCES-50788;Frogger - The Great Quest
SLES-50788;Frogger - The Great Quest
SLPM-65501;Frogger - The Great Quest
SLUS-20257;Frogger - The Great Quest
SLPM-65570;Frogger [Konami Palace Collection]
SCES-51409;Frogger Beyond
SLES-51409;Frogger Beyond
SLUS-20734;Frogger's Adventures - The Rescue
SLKA-25299;From TV Animation - One Piece - Grand Battle! Combat Rush
SLPS-25584;From TV Animation - One Piece - Pirates Carnival [with Multitap for new models]
SLKA-25208;From TV Animation - One Piece - Round the Land!
SLPM-60102;FromSoftware Previews [PlayStation Festival 2000]
SCAJ-20057;Front Mission 4
SLPM-65443;Front Mission 4
SLUS-20888;Front Mission 4
SLPM-66420;Front Mission 4 [Ultimate Hits]
SCAJ-20166;Front Mission 5 - Scars of the War
SLPM-66205;Front Mission 5 - Scars of the War
SLPM-66421;Front Mission 5 - Scars of the War [Ultimate Hits]
SLPM-65981;Front Mission Online
SLPM-68514;Front Mission Online [Beta]
SCES-54060;Fruit Machine Mania
SLES-54060;Fruit Machine Mania
SCES-53148;Fruitfall
SLES-53148;Fruitfall
SLKA-25257;Fu-un Bakumatsu Den
SLPM-65813;Fu-un Bakumatsu Den
SLKA-25139;Fu-un Shinsengumi
SLUS-20464;Fugitive Hunter - War on Terror
SLPM-55121;Fukakutei Sekai no Tantei Shinshi - Akugyou Futaasa no Jiken File
SLPM-55120;Fukakutei Sekai no Tantei Shinshi - Akugyou Futaasa no Jiken File [Limited Edition]
SLPM-62505;Fukuhara Love Ping Pong
SLPM-65638;Full House Kiss
SLPM-66640;Full House Kiss [CapKore]
SLPM-66288;Full House Kiss 2
SLPM-66664;Full House Kiss 2 [CapKore]
SLKA-25352;Full Metal Alchemist - Dream Carnival
SLUS-21166;Full Metal Alchemist 2 - Curse of the Crimson Elixir
SLUS-20994;Full Metal Alchemist and The Broken Angel
SCES-53114;Full Spectrum Warrior
SCES-53131;Full Spectrum Warrior
SLES-53114;Full Spectrum Warrior
SLES-53131;Full Spectrum Warrior
SLKA-25264;Full Spectrum Warrior
SLPM-66263;Full Spectrum Warrior
SLUS-21145;Full Spectrum Warrior
SCES-53656;Full Spectrum Warrior - Ten Hammers
SCES-53909;Full Spectrum Warrior - Ten Hammers
SLES-53656;Full Spectrum Warrior - Ten Hammers
SLES-53909;Full Spectrum Warrior - Ten Hammers
SLKA-25368;Full Spectrum Warrior - Ten Hammers
SLPM-66427;Full Spectrum Warrior - Ten Hammers
SLUS-21250;Full Spectrum Warrior - Ten Hammers
SLUS-20785;Funkmaster Flex - Digital Hitz Factory
SCES-50106;Fur Fighters - Viggo's Revenge
SLES-50106;Fur Fighters - Viggo's Revenge
SLUS-20088;Fur Fighters - Viggo's Revenge
SCES-52824;Furry Tales
SLES-52824;Furry Tales
SLPM-66111;Fushigi no Umi no Nadia - Dennou Battle - Miss Nautilus Contest
SLPM-66112;Fushigi no Umi no Nadia - Inherit the Blue Water
SLPM-66110;Fushigi no Umi no Nadia - Inherit the Blue Water [Limited Edition]
SLPM-66024;Fushigi Yuugi - Shigiyuugi Kurotake Kaiden Gaiden - Kagami no Fujo
SLPM-67000;Fushigi Yuugi - Shigiyuugi Kurotake Kaiden Gaiden - Kagami no Fujo [IF Collection]
SLPM-66023;Fushigi Yuugi - Shigiyuugi Kurotake Kaiden Gaiden - Kagami no Fujo [Limited Edition]
SLPM-66999;Fushigi Yuugi - Suzaku Ibun
SLPM-66998;Fushigi Yuugi - Suzaku Ibun [Limited Edition]
SCES-52674;Fussball Manager 2005
SLES-52674;Fussball Manager 2005
SLPS-25410;Futakoi
SLPS-25543;Futakoi - Koi to Mizugi no Survival
SLPS-25409;Futakoi [Limited Edition]
SLPS-25516;Futakoi Alternative
SLPS-25633;Futakoi Alternative - Koi to Shoujo to Machinegun [Best Collection]
SLPS-25515;Futakoi Alternative [Limited Edition]
SLPS-25624;Futakoi-Futakoi Island Collection
SCES-51507;Futurama
SLES-51507;Futurama
SLUS-20439;Futurama
SCES-52701;Future Tactics - The Uprising
SLES-52701;Future Tactics - The Uprising
SLUS-20859;Future Tactics - The Uprising
SLPM-74228;Fuun Bakumatsu-den [PlayStation 2 The Best]
SCAJ-20117;Fuun Bakumatsuden
SLPS-73228;Fuun Bakumatsuden [PlayStation 2 The Best]
SLPM-65494;Fuun Shinsengumi
SLPM-74202;Fuun Shinsengumi [PlayStation 2 The Best]
SLPM-66991;Fuuraiki [Best Version]
SLPM-66163;Fuuraiki 2
SLPS-25781;Fuuun Super Combo
SLPS-25866;Fuuun Super Combo [SNK the Best]
SLPM-66992;Fuuuraiki 2 [Best Version]
PCPX-96629;Fuyu no Osusume Soft Otameshi Disc 2002
SLPS-25114;G-Breaker - Daisanshi Cloudia Taisen
SLPS-25059;G-Breaker - Legend of Cloudia
SCPS-55040;G-Breaker 2 - Doumei no Hangeki
SLPS-25124;G-Breaker 2 - Doumei no Hangeki
SCED-52094;G-Con 2 Competition Demo
SCES-53934;G-Force
SLES-53934;G-Force
SLUS-21891;G-Force - The Video Game
SLPS-25009;G-Saviour
SCES-50511;G-Surfers
SLES-50511;G-Surfers
SLPM-62327;G-Taste Mahjong
SLPM-62453;G-Taste Mahjong
SLPM-62326;G-Taste Mahjong [Limited Edition]
SLUS-21886;G.I. Joe - The Rise of Cobra
SCES-50584;G1 Jockey
SLES-50584;G1 Jockey
SLPM-62020;G1 Jockey 2
SLPM-62415;G1 Jockey 2 [Koei Teiban Series]
SLPM-62017;G1 Jockey 2 with Winning Post 4 Maximum [Disc 1]
SLPM-62018;G1 Jockey 2 with Winning Post 4 Maximum [Disc 2]
SCES-51357;G1 Jockey 3
SLES-51357;G1 Jockey 3
SLUS-20690;G1 Jockey 3
SLPM-62747;G1 Jockey 3 [Koei Selection Series]
SLPM-62536;G1 Jockey 3 [Koei The Best]
SLPM-62280;G1 Jockey 3 + Winning Post 5 Maximum 2002
SLPM-62392;G1 Jockey 3 2003
SLPM-65385;G1 Jockey 3 2003 [with Winning Post 6]
SCES-53917;G1 Jockey 4
SLES-53917;G1 Jockey 4
KOEI-00056;G1 Jockey 4 [Premium Box]
SLPM-55072;G1 Jockey 4 2008
SLPM-55073;G1 Jockey 4 2008 [Twin Pack with WP7Max08]
SCAJ-20090;Gacha Mecha Stadium - Saru Battle
SCPS-15072;Gacha Mecha Stadium - Saru Battle
SCAJ-30005;Gacha Mecha Stadium Saru Battle
SCPS-11026;Gacharoku
SCPS-11034;Gacharoku 2
SLPS-20301;Gachinko Professional Baseball
SCES-52845;Gadget and the Gadgetinis
SLES-52845;Gadget and the Gadgetinis
SCES-51911;Gadget Racers
SLES-51911;Gadget Racers
SLUS-20225;Gadget Racers
SCES-53450;Gaelic Football 2005
SLES-53450;Gaelic Football 2005
SCES-54638;Gaelic Games - Football 2
SCES-54637;Gaelic Games - Hurling
SLPM-66526;Gaika no Gouhou - Air Land Force [KOEI Selection]
SLPM-65716;Gaika no Gouhou - Air Land Force [Koei The Best]
SLPS-25471;Gakkou o Tsukurou - Happy Days!!
SLPS-25598;Gakkou o Tsukurou - Happy Days!! [Best Collection]
SLPM-66293;Gakuen Alice - KiraKira Memory Kiss
SLPM-66519;Gakuen Heaven - Boy's Love Scramble! [Best Version]
SLPS-25381;Gakuen Heaven - Boy's Love Scramble! Type B
SLPM-62597;Gakuen Heaven - Okawari!
SLPM-62238;Gakuen Toshi Vara Noir
SLPM-62237;Gakuen Toshi Vara Noir [Limited Edition]
SLPS-25752;Gakuen Utopia - Manabi Straight! KiraKira Happy Festa!
SLPS-25751;Gakuen Utopia - Manabi Straight! KiraKira Happy Festa! [Limited Edition]
SLPM-65097;Galacta Meisaku Gekijou - Rakugaki Oukouku
SLUS-20822;Galactic Wrestling
SLUS-29104;Galactic Wrestling - Featuring Ultimate Muscle [Demo]
SLPM-65254;Galaxy Angel
SLPM-65878;Galaxy Angel - Eternal Lovers
SLPM-66778;Galaxy Angel - Eternal Lovers [Broccoli The Best Quality]
SLPM-65905;Galaxy Angel - Eternal Lovers [Special Package]
SLPM-65429;Galaxy Angel - Moonlit Lovers
SLPM-66604;Galaxy Angel - Moonlit Lovers [Banpresido the Best]
SLPM-65540;Galaxy Angel - Moonlit Lovers [First Limited Edition]
SLPM-66290;Galaxy Angel [The Best]
SLPM-66243;Galaxy Angel II
SLPM-55118;Galaxy Angel II - Eigou Kaiki no Koku
SLPM-66779;Galaxy Angel II - Mugen Kairou no Kagi
SLPM-66779;Galaxy Angel II - Mugen Kairou no Kagi
SLPM-55093;Galaxy Angel II - Mugen Kairou no Kagi [Broccoli Best Quality]
SLPM-55029;Galaxy Angel II - Zettairyouiki no Tobira [Broccoli Best Quality]
SCES-51343;Galerians - Ash
SLES-51343;Galerians - Ash
SLUS-20560;Galerians - Ash
SLPS-25280;Galerians - Ash [Enterbrain Collection]
SLPS-25119;Galerians 2
SLPS-25096;Galerians 2 [Limited Edition]
SCES-51896;Gallop Racer
SLES-51896;Gallop Racer
SCAJ-20069;Gallop Racer - Lucky 7
SCES-53011;Gallop Racer 2
SLES-53011;Gallop Racer 2
SLUS-20255;Gallop Racer 2001
SLUS-20662;Gallop Racer 2003 - A New Breed
SLUS-21031;Gallop Racer 2004
SLUS-21393;Gallop Racer 2006
SLPS-25036;Gallop Racer 5
SCAJ-20002;Gallop Racer 6 - Revolution
SLPS-25177;Gallop Racer 6 - Revolution
SLPS-73415;Gallop Racer 6 - Revolution [PlayStation 2 The Best]
SCAJ-20156;Gallop Racer 8 - Live Horse Racing
SLPS-25564;Gallop Racer 8 - Live Horse Racing
SLPS-25701;Gallop Racer Inbreed
SLPS-25333;Gallop Racer Lucky 7
SLPS-20096;Gambler Densetsu Tetsuya
SLPS-73004;Gambler Densetsu Tetsuya [PlayStation 2 the Best]
SLPM-66186;Game ni Nattayo! Dokura-chan
SLPM-66185;Game ni Nattayo! Dokura-chan [Limited Edition]
SLPS-20028;Game Select 5
SLPS-20071;Game Select 5
SLPM-62009;Ganbare Nippon Olympics 2000
SLPM-65950;Gantz - The Game
SCES-52843;Garfield
SLES-52843;Garfield
SLPM-66378;Garfield - Saving Arleene
SCES-53587;Garfield - Saving Arlene
SLES-53587;Garfield - Saving Arlene
SLPM-62733;Garfield - Saving Arlene
SCES-54172;Garfield 2 - Tale of Two Kitties
SLES-54172;Garfield 2 - Tale of Two Kitties
SLPS-25509;Garou - Mark of the Wolves
SLPS-25504;Garou - Mark of the Wolves [Limited Edition]
SLPS-25793;Garou - Mark of the Wolves [NeoGeo Online Collection the Best]
SLPS-25530;Garouden Break Blow
SLPS-25747;Garouden Break Blow - Fist or Twist
SLPS-25481;Gattsu!! Mori no Ishimatsu
SCES-50211;Gauntlet - Dark Legacy
SLES-50211;Gauntlet - Dark Legacy
SLPM-62125;Gauntlet - Dark Legacy
SLUS-20047;Gauntlet - Dark Legacy
SCES-53667;Gauntlet - Seven Sorrows
SLES-53667;Gauntlet - Seven Sorrows
SLUS-21077;Gauntlet - Seven Sorrows
SLPM-65337;Gegege no Kitaro - Ibun Youkaitan
SLPM-65627;Gegege no Kitarou [Konami The Best]
SLPS-20091;Gekisha Boy 2
SLPM-65335;Gekitou Professional Baseball
SLPS-25940;Gendai Daisenryaku - Isshoku Sokuhatsu - Gunji Balance Houkai
SLPS-25985;Gendai Daisenryaku - Isshoku Sokuhatsu - Gunji Balance Houkai [System Soft Selection]
SLPS-20115;Gendai Yougo no Kiso Chishiki 2001
SLES-53644;Gene Troopers
SLPS-20087;Generation of Chaos
SLPM-62164;Generation of Chaos - Next
SLPM-62161;Generation of Chaos - Next [Limited Edition]
SLPS-20086;Generation of Chaos [Limited Edition]
SCAJ-20026;Generation of Chaos 3
SLPM-65279;Generation of Chaos 3
SLPM-66080;Generation of Chaos 3 [IF Collection]
SLPM-65278;Generation of Chaos 3 [Limited Edition]
SLPM-65572;Generation of Chaos 4
SLPM-65571;Generation of Chaos 4 [Limited Edition]
SLPM-66055;Generation of Chaos 5
SLPM-66054;Generation of Chaos 5 [Limited Edition]
SLPM-66025;Generation of Chaos IV [Idea Factory Collection]
SLPM-62697;Generation of Chaos Next [Idea Factory Collection]
SLPM-66843;Generations of Chaos - Desire
PAPX-90522;Genji
SCAJ-20134;Genji
SCES-53328;Genji
SCKA-20052;Genji
SLES-53328;Genji
SCPS-15095;Genji - Dawn of the Samurai
SCUS-97471;Genji - Dawn of the Samurai
SCUS-97504;Genji - Dawn of the Samurai [Demo]
SCPS-19318;Genji - Dawn of the Samurai [PlayStation 2 The Best]
PCPX-96619;Genshi no Kotoba
SCPS-15014;Genshi no Kotoba
SLPM-65305;Genso Suikoden 3
SLPM-65694;Genso Suikoden 3 [Konami Dendou Collection]
SLPM-65600;Genso Suikoden 4
SLPM-65599;Genso Suikoden 4 [Limited Edition]
SLPM-65073;Genso Suikoden III
SLPM-65074;Genso Suikoden III
SLPM-66286;Genso Suikoden V
SLPM-66170;Genso Suikoden V [Limited Edition]
SLPM-74238;Genso Suikoden V [PlayStation 2 The Best]
SLPM-74213;Gensou Suikoden IV
SLPM-66038;Georama Sensen Ijou Nashi
SLES-54975;George of the Jungle
SLUS-21668;George of the Jungle
SCED-51375;Germany Special Issue 3
SLPM-62276;Get Backers - All Members Gather
SLPM-62376;Get Backers - All Members Gather [Konami The Best]
SLPM-62186;Get Backers - The Stolen City of Infinite
SLPM-62377;Get Backers Dakkanoku - Ubawareta Mugenshiro [Konami The Best]
SLPM-62476;Get Backers Dakkanoku - Ura Shinjuku Saikyou Battle
SCES-52811;Get on da Mic
SLES-52811;Get on da Mic
SLUS-21036;Get On Da Mic
SLPM-65949;Get Ride! AM Driver - The Truth of Xiangke
SLES-51159;Getaway
SLES-51426;Getaway
SLES-52758;Getaway
SLES-52948;Getaway
SCUS-97441;Getaway - Black Monday [Demo]
SCUS-97232;Getaway [Demo]
SCES-51159;Getaway, The
SCES-51426;Getaway, The
SCUS-97133;Getaway, The
SLPM-65410;Getaway, The
SCES-52758;Getaway, The - Black Monday
SCES-52948;Getaway, The - Black Monday
SCUS-97408;Getaway, The - Black Monday
SLPM-66183;Getaway, The - Black Monday
SLPM-62235;GetBass Battle
SLPM-66754;Getsumento Heiki Mina - Futatsu no Project M
SLPM-66753;Getsumento Heiki Mina - Futatsu no Project M [Limited Edition]
SLPM-65701;Ghost Hunter
SCAJ-20072;Ghost in the Shell - Stand Alone Complex
SCES-53020;Ghost in the Shell - Stand Alone Complex
SCKA-20027;Ghost in the Shell - Stand Alone Complex
SCPS-15064;Ghost in the Shell - Stand Alone Complex
SLES-53020;Ghost in the Shell - Stand Alone Complex
SLUS-29123;Ghost in the Shell - Stand Alone Complex [Demo]
SLUS-21006;Ghost in the Shell - Stane Alone Complex
SCES-54317;Ghost Rider
SLES-54317;Ghost Rider
SLUS-21306;Ghost Rider
SCES-51433;Ghost Vibration
SCPS-55031;Ghost Vibration
SLES-51433;Ghost Vibration
SLPS-25131;Ghost Vibration
SLUS-21882;Ghostbusters - The Video Game
SCED-51922;Ghosthunter
SCES-51463;Ghosthunter
SLES-51463;Ghosthunter
SLUS-20993;Ghosthunter
SCES-52156;Ghosthunter - Hunter on the spectres
SLES-52156;Ghosthunter - Hunter on the spectres
SCES-52671;Ghostmaster
SLES-52671;Ghostmaster
SLPM-62262;GI Jockey 2 [Koei the best]
SLPM-62061;GI Jockey 2 2001
SLPM-62277;GI Jockey 3
SLPM-62393;GI Jockey 3 2003
SLPM-62591;GI Jockey 3 2005
SLPM-66229;GI Jockey 4
SLPM-66888;GI Jockey 4 - 2007
SLPM-66903;GI Jockey 4 - 2007 [with Winning Post 7 - 2007 - Premium Pack]
SLPM-66812;GI Jockey 4 [Koei the Best]
SLPM-66227;GI Jockey 4 + Winning Post 7 [Twin Pack] [GI Jockey 4 Disc]
SLPM-66228;GI Jockey 4 + Winning Post 7 [Twin Pack] [Winning Post 7 Disc]
SLPM-66538;GI Jockey 4 2006
SLPM-62526;Giant Robo - The Animation
SCES-50314;Giants - Citizen Kabuto
SLES-50314;Giants - Citizen Kabuto
SLUS-20178;Giants - Citizen Kabuto
SCES-50276;Gift
SCES-50296;Gift
SCES-50297;Gift
SLES-50296;Gift
SLES-50297;Gift
SLPM-66786;Gift - Prism [Broccoli Best Quality]
SLPM-66530;Gift Prism
SLES-50276;Gift, The
SLKA-15051;Giga Wing Generations
TCPS-10107;Giga Wing Generations
SCPS-51012;Gigantic Drive
SLPM-62209;Gigantic Drive
SLPM-66980;Gin no Eclipse
SLPM-66979;Gin no Eclipse [First Print Limited Edition]
SLPS-25809;Gintama Gin-San to Issho! Boku no Kabuki Machi Nikki
SLPS-25212;Giren no Yabou - Zeon Dokuritsu Sensouden
SCES-53190;Girl Zone
SLES-53190;Girl Zone
SLPM-65856;Girls Bravo - Romance 15's
SLPM-65855;Girls Bravo - Romance 15's [Deluxe Pack]
SCES-50633;Gitaroo Man
SCES-50653;Gitaroo Man
SLES-50633;Gitaroo Man
SLES-50653;Gitaroo Man
SLPM-65012;Gitaroo Man
SLUS-20294;Gitaroo Man
SLPM-65160;Gitaroo Man [The Best]
SLPM-62062;Gitaroo Man One
SLKA-25216;Gitaroo-Man [BigHits Series]
SCAJ-20119;Gladiator - Road to Freedom
SLPS-25456;Gladiator - Road to Freedom
SLPM-66132;Gladiator - Road to Freedom - Remix
SLPM-66577;Gladiator - Road to Freedom [Special Remix] [Ertain the Best]
SCES-51766;Gladiator - Sword of Vengeance
SCES-51828;Gladiator - Sword of Vengeance
SLES-51766;Gladiator - Sword of Vengeance
SLES-51828;Gladiator - Sword of Vengeance
SLUS-20793;Gladiator - Sword of Vengeance
SCES-51064;Gladius
SCES-51065;Gladius
SCES-51066;Gladius
SLES-51064;Gladius
SLES-51065;Gladius
SLES-51066;Gladius
SLUS-20490;Gladius
SLUS-29060;Gladius [Demo]
SCES-52358;Glass Rose
SLES-52358;Glass Rose
SLPM-65373;Glass Rose
SLES-54464;Global Defence Force
SLES-54589;Global Defence Force - Tactics
SLPS-20052;Global Folktale
SLPM-62289;GLOBAL FOLKTALE [IF COLLECTION]
SLUS-21794;Go Diego Go - Great Dinosaur Rescue
SLUS-21718;Go Diego Go - Safari Rescue
SCES-52117;Go Go Copter
SLES-52117;Go Go Copter
SCES-51055;Go Go Golf
SLES-51055;Go Go Golf
SCES-52433;Goblin Commander - Unleash The Horde
SLES-52433;Goblin Commander - Unleash The Horde
SLUS-20792;Goblin Commander - Unleash the Horde
SCES-54490;God Hand
SLES-54490;God Hand
SLPM-66550;God Hand
SLUS-21503;God Hand
SLPM-74241;God Hand [PlayStation 2 the Best]
SCAJ-30010;God of War
SCED-53431;God of War
SCES-51533;God of War
SCES-53133;God of War
SCKA-30002;God of War
SCUS-97399;God of War
SLES-51533;God of War
SLES-53133;God of War
SLPM-66167;God of War
SLPM-67010;God of War
SLPM-67012;God of War [Best Price]
SLPM-67011;God of War [CapKore]
SCUS-97467;God of War [Demo]
SCKA-30006;God of War 2
SCAJ-20190;God of War II
SCAJ-30011;God of War II
SCED-54680;God of War II
SCES-54206;God of War II
SCUS-97481;God of War II
SLES-54206;God of War II
SLPM-67017;God of War II - Shuuen No Jokyoku [Best Price]
SCUS-97482;God of War II - The Colossus Battle [Demo]
SLPM-67013;God of War II - The End Begins
SCKA-30007;God of War II [BigHits Series]
SCES-50433;GoDai - Elemental Force
SCES-50704;Godai - Elemental Force
SLES-50433;GoDai - Elemental Force
SLES-50704;Godai - Elemental Force
SLUS-20288;Godai - Elemental Force
SCES-53967;Godfather
SCES-53968;Godfather
SCES-53970;Godfather
SCES-53971;Godfather
SLAJ-25080;Godfather, The
SLES-53967;Godfather, The
SLES-53970;Godfather, The
SLES-53971;Godfather, The
SLPM-66710;Godfather, The
SLUS-21385;Godfather, The
SLUS-21406;Godfather, The - Collector's Edition
SLPM-66966;Godfather, The [EA-SY! 1980]
SLES-53968;Godfather, The [Le Parrain]
SCES-52766;Godzilla - Save The Earth
SLES-52766;Godzilla - Save The Earth
SLUS-20809;Godzilla - Save the Earth
SLPM-66197;Godzilla Kaijuu Dairansen - Chikyuu Saishuu Kessen [Atari Hot Series]
SLUS-21707;Godzilla Unleashed
SLPM-65046;Gofungo no Sekai
SLPM-65805;Gojira Monster Fighter
SLPM-66086;Gokujou Seitokai
SLPM-66631;Gokujou Seitokai [Konami the Best]
SLPS-20302;Gokuraku Jan Premium
SLPS-25479;Gold Gashbell - Friendship Tag Battle 2
SLPS-25440;Gold Gashbell!! Gekitou! Saikyou no Mamonotachi
SLPS-25358;Gold Gasho Bell! - Friendship Tag Battle
SLPS-20314;Gold X
SCES-53174;Golden Age of Racing
SLES-53174;Golden Age of Racing
SLUS-21677;Golden Compass, The
SLPS-25397;Golden Voyage - Sinbad Adventure
SCES-52975;GoldenEye - Au Service du Mal
SLES-52975;GoldenEye - Au Service du Mal
SCES-52974;GoldenEye - Rogue Agent
SCES-52976;GoldenEye - Rogue Agent
SCES-52977;GoldenEye - Rogue Agent
SLAJ-25058;GoldenEye - Rogue Agent
SLES-52974;GoldenEye - Rogue Agent
SLES-52976;GoldenEye - Rogue Agent
SLES-52977;GoldenEye - Rogue Agent
SLUS-21064;GoldenEye - Rogue Agent
SLPM-66145;GoldenEye - Rogue Agent [EA Best Hits]
SLPS-25046;Golf Navigator Vol.1
SLPS-25047;Golf Navigator Vol.2
SLPS-25055;Golf Navigator Vol.3
SLPS-25056;Golf Navigator Vol.4
SLPS-20009;Golf Paradise
SLPM-60107;Golf Paradise [PlayStation Festival 2000]
SLPS-25027;Golf Paradise DX
SLPS-25032;Golful Golf
SLUS-21834;Goosebumps HorrorLand
SLPM-62035;Got to Do! Hot Spring Table Tennis
SLPM-62297;Got To Do! Hot Spring Table Tennis
SCES-54181;Gottlieb Pinball Classics
SLES-54181;Gottlieb Pinball Classics
SCES-50038;Gradius III & IV
SLES-50038;Gradius III & IV
SLPM-62007;Gradius III & IV
SLUS-20040;Gradius III & IV
SLPM-62530;Gradius III & IV [Konami Dendou Collection]
SLPM-62063;Gradius III & IV [Konami The Best]
SCES-52095;Gradius V
SLES-52095;Gradius V
SLKA-15032;Gradius V
SLPM-62462;Gradius V
SLUS-20712;Gradius V
SLPM-62621;Gradius V [Konami The Best]
SCES-53311;Graffiti Kingdom
SLES-53311;Graffiti Kingdom
SLUS-21136;Graffiti Kingdom
SCPS-15010;Gran Turismo - Concept 2001 Tokyo
SCPS-55005;Gran Turismo - Concept 2001 Tokyo
SCPS-19208;Gran Turismo - Concept 2001 Tokyo [PlayStation 2 The Best]
SCES-50850;Gran Turismo - Concept 2002 Tokyo-Geneva
SCES-50858;Gran Turismo - Concept 2002 Tokyo-Geneva
SCPS-55902;Gran Turismo - Concept 2002 Tokyo-Geneva
SCPS-55903;Gran Turismo - Concept 2002 Tokyo-Geneva
SLES-50858;Gran Turismo - Concept 2002 Tokyo-Geneva
PAPX-90203;Gran Turismo 2000
PBPX-95502;Gran Turismo 3 - A-spec
SCPS-15009;Gran Turismo 3 - A-Spec
SCPS-55007;Gran Turismo 3 - A-Spec
SCUS-97102;Gran Turismo 3 - A-Spec
SCUS-97219;Gran Turismo 3 - A-Spec - Nissan 350Z Edition
PAPX-90208;Gran Turismo 3 - A-spec - Replay Theater
SCUS-97115;Gran Turismo 3 - A-Spec [Demo]
SCUS-97512;Gran Turismo 3 - A-Spec [Greatest Hits]
SCPS-72001;Gran Turismo 3 - A-spec [Mega Hits!]
PBPX-95503;Gran Turismo 3 - A-Spec [PS2 Bundle]
SCES-50294;Gran Turismo 3 A-Spec
SLES-50294;Gran Turismo 3 A-Spec
PBPX-95601;Gran Turismo 4
SCAJ-30006;Gran Turismo 4
SCAJ-30007;Gran Turismo 4
SCES-51719;Gran Turismo 4
SCKA-30001;Gran Turismo 4
SCPS-17001;Gran Turismo 4
SCUS-97328;Gran Turismo 4
SLES-51719;Gran Turismo 4
PCPX-96649;Gran Turismo 4 - First Preview
PBPX-95523;Gran Turismo 4 - Prologue
PBPX-95524;Gran Turismo 4 - Prologue
SCAJ-20066;Gran Turismo 4 - Prologue
SCES-52438;Gran Turismo 4 - Prologue
SCPS-15055;Gran Turismo 4 - Prologue
SLES-52438;Gran Turismo 4 - Prologue
SCPS-19304;Gran Turismo 4 - Prologue [PlayStation 2 The Best]
PAPX-90512;Gran Turismo 4 - Toyota Prius [Trial]
SCKA-30004;Gran Turismo 4 [BigHits Series]
SCED-52681;Gran Turismo 4 [BMW 1 Series Virtual Drive]
PCPX-96649;Gran Turismo 4 [Demo]
SCUS-97436;Gran Turismo 4 [Online Public Beta]
SCAJ-30008;Gran Turismo 4 [PlayStation 2 The Best]
SCPS-19252;Gran Turismo 4 [PlayStation 2 The Best]
SCCS-60002;Gran Turismo 4 [Review Copy]
SCKA-20022;Gran Turismo 4 Prologue
SCPS-56005;Gran Turismo Concept 2002 Tokyo-Seoul
SCKA-20029;Gran Turismo Concept 2002 Tokyo-Seoul [BigHits Series]
SCUS-97384;Gran Turismo Special Edition 2004 Toyota [Demo]
SCAJ-20025;Grand Prix Challenge
SCES-51296;Grand Prix Challenge
SLES-51296;Grand Prix Challenge
SLPM-65276;Grand Prix Challenge
SLUS-20630;Grand Prix Challenge
SCES-54135;Grand Theft Auto - Liberty City Stories
SCES-54136;Grand Theft Auto - Liberty City Stories
SLES-54135;Grand Theft Auto - Liberty City Stories
SLES-54136;Grand Theft Auto - Liberty City Stories
SLPM-66851;Grand Theft Auto - Liberty City Stories
SLUS-21423;Grand Theft Auto - Liberty City Stories
SLPM-55038;Grand Theft Auto - Liberty City Stories [Best Price!]
SCES-51541;Grand Theft Auto - San Andreas
SCES-52541;Grand Theft Auto - San Andreas
SCES-52927;Grand Theft Auto - San Andreas
SLES-51541;Grand Theft Auto - San Andreas
SLES-52541;Grand Theft Auto - San Andreas
SLES-52927;Grand Theft Auto - San Andreas
SLPM-65984;Grand Theft Auto - San Andreas
SLUS-20946;Grand Theft Auto - San Andreas
SLPM-66788;Grand Theft Auto - San Andreas [Best Price]
SLPM-55292;Grand Theft Auto - San Andreas [Rockstar Classics]
SCES-51061;Grand Theft Auto - Vice City
SCES-51316;Grand Theft Auto - Vice City
SCES-51595;Grand Theft Auto - Vice City
SLES-51061;Grand Theft Auto - Vice City
SLES-51316;Grand Theft Auto - Vice City
SLES-51595;Grand Theft Auto - Vice City
SLPM-65488;Grand Theft Auto - Vice City
SLPM-66034;Grand Theft Auto - Vice City
SLUS-20552;Grand Theft Auto - Vice City
SLPM-66790;Grand Theft Auto - Vice City [Best Price]
SCES-54623;Grand Theft Auto - Vice City Stories
SLES-54623;Grand Theft Auto - Vice City Stories
SLPM-66917;Grand Theft Auto - Vice City Stories
SLUS-21590;Grand Theft Auto - Vice City Stories
SLPM-55135;Grand Theft Auto - Vice City Stories [Best Price!]
CPCS-01027;Grand Theft Auto Double Pack
SCES-50330;Grand Theft Auto III
SCES-50793;Grand Theft Auto III
SLES-50330;Grand Theft Auto III
SLES-50793;Grand Theft Auto III
SLPM-65382;Grand Theft Auto III
SLUS-20062;Grand Theft Auto III
SLPM-66789;Grand Theft Auto III [Best Price]
SLPM-65760;Grand Theft Auto III [Capcom The Best]
SLPM-55293;Grand Theft Auto III [Rockstar Classics]
SCPS-55012;Grandia 2
SCPS-55010;Grandia Extreme
SLPM-65089;Grandia Extreme
SLPM-65082;Grandia Extreme [Limited Edition]
SCES-50498;Grandia II
SLES-50498;Grandia II
SLPM-65081;Grandia II
SLUS-20194;Grandia II
SCAJ-20141;Grandia III
SLPM-65976;Grandia III
SLPM-85976;Grandia III
SLUS-21334;Grandia III [Disc 1]
SLUS-21345;Grandia III [Disc 2]
SLUS-20417;Grandia Xtreme
SLPS-20038;Grappler Baki - Baki Saidai no Tournament
SLUS-20466;Gravenville - Ghost Master
SLUS-20310;Gravity Games Bike - Street Vert. Dirt
SCES-50715;Gravity Games Bike Street - Vertical Dirt
SLES-50715;Gravity Games Bike Street - Vertical Dirt
SCED-50633;Gravity Sucks
SCES-51315;Great Escape
SLES-51315;Great Escape, The
SLPS-25374;Great Escape, The
SLUS-20670;Great Escape, The
SLPM-62028;Greatest Striker
SLPM-65281;Green Green - Sound of the Ring Dynamic
SLPM-65280;Green Green - Sound of the Ring Dynamic [Limited Edition]
SLPM-65283;Green Green - Sound of the Ring Romantic
SLPM-65282;Green Green - Sound of the Ring Romantic [Limited Edition]
SLUS-21539;Greg Hastings Tournament Paintball Max'd
SCES-51933;Gregory Horror Show
SLES-51933;Gregory Horror Show
SLKA-25033;Gregory Horror Show
SLPM-65234;Gregory Horror Show - Soul Collector
SLPM-65324;Gregory Horror Show - Soul Collector
SCUS-97466;Gretzky NHL '06
SCUS-97506;Gretzky NHL '06 [Demo]
SCUS-97409;Gretzky NHL 2005
SLUS-21451;Grim Adventures of Billy & Mandy, The
SLES-54897;Grim Grimoire
SLPS-25771;Grim Grimoire
SLPS-25772;Grim Grimoire [First Print Limited Edition]
SLPS-25884;Grim Grimoire [The Best Price]
SLUS-21604;GrimGrimoire
SCES-52058;Groove Rider - Slot Car Racing
SLES-52058;Groove Rider - Slot Car Racing
SCES-51999;GrooveRider Slot Car Thunder
SLES-51999;GrooveRider Slot Car Thunder
SLES-55215;Growlanser - Heritage of War
SLUS-21571;Growlanser - Heritage of War
SLPM-62206;Growlanser 2 [Atlus The Best]
SLPM-62107;Growlanser 3 - The Duel Darkness
SLPM-62108;Growlanser 3 - The Duel Darkness
SLPM-62438;Growlanser Collection
SLUS-20758;Growlanser Generations [Disc 1]
SLUS-20759;Growlanser Generations [Disc 2]
SLPS-20106;Growlanser II - The Sense of Justice
SLPS-20105;Growlanser II - The Sense of Justice [Deluxe Pack]
SLPM-62440;Growlanser III [Atlus The Best]
SLPM-62560;Growlanser IV - Return
SLPM-65408;Growlanser IV - Wayfarer of the Time
SLPM-65875;Growlanser IV - Wayfarer of the Time [Atlus The Best]
SLPM-65383;Growlanser IV - Wayfarer of the Time [Limited Edition]
SLPM-66418;Growlanser V - Generations
SLPM-66249;Growlanser V - Generations [Limited Edition]
SLPM-66716;Growlanser VI
SCES-52602;GT Racers
SLES-52602;GT Racers
SCES-50472;GTC Africa
SLES-50472;GTC Africa
SLPM-62258;GTC Africa
SLUS-20395;GTC Africa
SCES-52045;GTR 400
SLES-52045;GTR 400
SLPS-25214;Guardian Angel
SCAJ-20096;Guilty Gear Isuka
SCES-53284;Guilty Gear Isuka
SLES-53284;Guilty Gear Isuka
SLPM-65644;Guilty Gear Isuka
SLUS-20908;Guilty Gear Isuka
SLUS-28046;Guilty Gear Isuka [Trade Demo]
SCES-50591;Guilty Gear X
SLES-50591;Guilty Gear X
SLUS-20287;Guilty Gear X
SLPS-73005;Guilty Gear X - Plus [PlayStation 2 The Best]
SLPS-20137;Guilty Gear X Plus
SLPS-20136;Guilty Gear X Plus [DX Pack]
SCES-51344;Guilty Gear X2
SLES-51344;Guilty Gear X2
SLUS-20436;Guilty Gear X2
SCES-52967;Guilty Gear X2 Reloaded
SLES-52967;Guilty Gear X2 Reloaded
SCAJ-20005;Guilty Gear XX
SLPM-66746;Guilty Gear XX - Accent Core
SLUS-21652;Guilty Gear XX - Accent Core
SLPM-66965;Guilty Gear XX - Accent Core Plus
SLUS-21847;Guilty Gear XX - Accent Core plus
SLPM-66964;Guilty Gear XX - Accent Core Plus [Append Edition]
SLKA-25322;Guilty Gear XX - Slash
SLPS-25184;Guilty Gear XX - The Midnight Carnival
SLPS-73424;Guilty Gear XX [PlayStation 2 The Best]
SCAJ-20033;Guilty Gear XX #Reload
SLPM-66129;Guilty Gear XX #Reload
SLPS-25261;Guilty Gear XX #Reload
SLPM-66720;Guilty Gear XX #Slash [Sega the Best]
SLPM-66333;Guilty Gear XX Slash
SLPM-65886;Guisard Revolution
SLPM-66484;Guitar Freaks & Drummania - Masterpiece Silver
SLPM-65011;Guitar Freaks 3rd Mix and DrumMania 2nd Mix
SLPM-65052;Guitar Freaks 4th Mix & Drummania 3rd Mix
SLPM-66313;Guitar Freaks V & DrumMania V
SLPM-66575;Guitar Freaks V-2 & Drummania V-2
SCES-54093;Guitar Hero
SCES-54132;Guitar Hero
SLES-54093;Guitar Hero
SLES-54132;Guitar Hero
SLUS-21224;Guitar Hero
SLES-55191;Guitar Hero - Aerosmith
SLUS-21740;Guitar Hero - Aerosmith
SLPS-25889;Guitar Hero - Aerosmith on Tour
SLPS-25886;Guitar Hero - Aerosmith on Tour [with Guitar]
SLUS-21843;Guitar Hero - Metallica
SLUS-21866;Guitar Hero - Smash Hits
SLUS-21781;Guitar Hero - World Tour
SLUS-21865;Guitar Hero 5 [Game Only]
SLUS-21586;Guitar Hero Encore - Rocks the '80s
SLES-54859;Guitar Hero Encore - Rocks the 80s
SCES-54442;Guitar Hero II
SLES-54442;Guitar Hero II
SLUS-21447;Guitar Hero II
SLUS-29198;Guitar Hero II [Demo]
SLES-54962;Guitar Hero III - Legends of Rock
SLPS-25890;Guitar Hero III - Legends of Rock
SLUS-21672;Guitar Hero III - Legends of Rock
SLPS-25840;Guitar Hero III - Legends of Rock [with Guitar]
SLPM-66686;GuitarFreaks & DrumMania Masterpiece Gold
SLPM-66822;GuitarFreaks V3 & DrumMania V3
SCES-50984;Gumball 3000
SCES-50985;Gumball 3000
SLES-50984;Gumball 3000
SLES-50985;Gumball 3000
SCES-53523;Gun
SCES-53647;Gun
SLES-53523;Gun
SLES-53647;Gun
SLUS-21139;Gun
SCES-54544;Gun Club
SLES-54544;Gun Club
SLUS-28015;Gun Grave [Trade Demo]
SLPM-74409;Gun Survivor 2 - Biohazard Code - Veronica [PlayStation 2 The Best]
SLPM-65139;Gun Survivor 3 - Dino Crisis
CPCS-01002;Gun Survivor 3 - Dino Crisis [with GunCon2]
SLKA-25038;Gun Survivor 4 - Biohazard - Heroes Never Die
CPCS-01005;Gun Survivor 4 - BioHazard - Heroes Never Die [with GunCon2]
SLPS-20089;Gun-Heats
SCAJ-20006;Gunbarl Collection with Time Crisis
SCES-53021;Gunbird - Special Edition
SLES-53021;Gunbird - Special Edition
SLPM-62469;Gunbird 1&2
SCES-52620;Guncom 2
SLES-52620;Guncom 2
SLPM-65076;Gundam - Federation vs Zeon DX
SLPM-66506;Gundam - Federation vs Zeon DX [Mega Hits]
SLUS-20929;Gundam Battle Assault 3 featuring Gundam Seed
SLPS-25120;Gundam Gihren's Ambition
SCPS-55026;Gundam Giren's Ambition
SLPM-55122;Gundam Musou 2
SLPM-74276;Gundam Musou 2 [PlayStation 2 the Best]
SLPM-66940;Gundam Musou Special
SLPM-74267;Gundam Musou Special [PlayStation 2 the Best]
SLKA-15018;Gundam Seed
SLPS-25389;Gundam Seed - Never Ending Tomorrow
SLPS-25549;Gundam Seed Destiny - Generation of C.E.
SLPS-25520;Gundam True Odyssey
SLPS-73246;Gundam True Odyssey [PlayStation 2 The Best]
SCES-51289;Gunfighter 2 - Legend of Jesse James
SLES-51289;Gunfighter 2 - Legend of Jesse James
SCES-51236;Gungrave
SCPS-55034;Gungrave
SCPS-56014;Gungrave
SLES-51236;Gungrave
SLPM-65153;GunGrave
SLUS-20493;Gungrave
SCES-52941;Gungrave - Overdose
SLES-52941;Gungrave - Overdose
SLUS-21020;GunGrave - OverDose
SLPM-65152;GunGrave [Limited Edition]
SLPM-65502;GunGrave [Red Best Collection]
SCAJ-20067;GunGrave O.D.
SCKA-20026;Gungrave O.D.
SLPM-65492;GunGrave O.D.
SCAJ-20082;GunGrave OD
SCES-50158;Gungriffon Blaze
SCES-50159;Gungriffon Blaze
SCES-50160;Gungriffon Blaze
SLES-50158;Gungriffon Blaze
SLES-50159;Gungriffon Blaze
SLES-50160;Gungriffon Blaze
SLPS-20033;Gungriffon Blaze
SLUS-20080;GunGriffon Blaze
SLPM-74001;Gungriffon Blaze [PlayStation 2 The Best]
SCPS-15110;Gunparade Orchestra - Ao no Shou
SCPS-15109;Gunparade Orchestra - Ao no Shou [Limited Edition]
SCPS-15108;Gunparade Orchestra - Midori no Shou
SCPS-15107;Gunparade Orchestra - Midori no Shou [Limited Edition]
SCPS-15104;Gunparade Orchestra - Shiro no Shou - Aomori Penguin Densetsu
SCPS-15103;Gunparade Orchestra - Shiro no Shou - Aomori Penguin Densetsu [Limited Edition]
SLPS-25343;Gunslinger Girl Vol.1
SLPS-25373;Gunslinger Girl Vol.2
SLPS-25388;Gunslinger Girl Vol.3
SLPS-25181;Gunvari Collection & Time Crisis
SLPS-25165;Gunvari Collection + Time Crisis
SLUS-21074;Guy Game, The
SCES-50559;Guy Roux Manager 2002
SLES-50559;Guy Roux Manager 2002
SLKA-25193;Gwimuja 2 [BigHits Series]
SLPM-66921;H2O
SCES-52749;Habitrail - Hamster Ball
SCES-54108;Habitrail - Hamster Ball
SLES-52749;Habitrail - Hamster Ball
SLES-54108;Habitrail - Hamster Ball
SLPS-20509;Hachi-One Diver
SLPM-65708;Hagane no Renkinjutsushi - Akaki Elixir no Akuma
SLPS-25402;Hagane no Renkinjutsushi - Dream Carnival
SLPM-65473;Hagane no Renkinjutsushi - Tobenai Tenshi
SLPM-65747;Hagane no Renkinjutsushi 2 - Akaki Elixir no Akuma
SLPM-66073;Hagane no Renkinjutsushi 3 - Kami o Tsugu Shoujo
SLPS-25439;Hajime no Ippo - All-Stars
SLPM-60126;Hajime no Ippo - Victorious Boxers
SLPM-67528;Hajime no Ippo - Victorious Boxers [Championship Edition]
SLKA-25152;Hajime no Ippo All-Stars
SLPM-66883;Hakarena Heart
SLPM-66882;Hakarena Heart [Limited Edition]
SLPM-55125;Hakarena Heart [Russel Games Best]
SLPM-62143;Hakoniwa Tetsudou - Blue Train Express
SLPM-55064;Hakuouki
SLPM-55273;Hakuouki - Reimeiroku
SLPM-55283;Hakuouki - Reimeiroku [Limited Edition]
SLPM-55208;Hakuouki - Zuisouroku
SLPM-55207;Hakuouki - Zuisouroku [Limited Edition]
SLPM-55063;Hakuouki [Limited Edition]
HAKU-00801;Hakuouki / Hakuouki - Zuisouroku
SLPM-55057;Hakushaku to Yousei - Yume to Kizuna ni Omoi Hasete
SCES-50504;Half-Life
SCES-50505;Half-Life
SCES-50506;Half-Life
SCES-50507;Half-Life
SCES-50508;Half-Life
SCES-50509;Half-Life
SLES-50504;Half-Life
SLES-50505;Half-Life
SLES-50506;Half-Life
SLES-50507;Half-Life
SLES-50508;Half-Life
SLES-50509;Half-Life
SLUS-20066;Half-Life
SCES-52658;Hamburg SV - Club Football 2005
SLES-52658;Hamburg SV - Club Football 2005
SCES-51082;Hamburger SV Club Football - Saison 2003-2004
SLES-51082;Hamburger SV Club Football - Saison 2003-2004
SCES-53006;Hamster Heroes
SLES-53006;Hamster Heroes
SLPM-55263;Hana to Otome ni Shukufuku o - Harukaze no Okurimono
ALCH-00028;Hana to Otome ni Shukufuku o - Harukaze no Okurimono [Saint Box]
SLPS-25451;Hana to Taiyou to Ame to [Super Best Collection]
SLPS-20309;Hanabi Hyakkei
SLPS-20308;Hanabi Hyakkei [Limited Edition]
SLPS-20294;Hanabi Shokunin Ninarou 2
SLPM-62487;Hanafuda
SLPM-66471;Hanaki
SLPS-25868;Hanayoi Romanesque - Ai to Kanashimi
SLPS-25867;Hanayoi Romanesque - Ai to Kanashimi [Limited Edition]
SLPM-65839;Hanjuku Hero 4
SLPM-65838;Hanjuku Hero 4 [Limited Edition]
SLKA-25091;Hanjuku Hero vs 3D
SLPM-65315;Hanjuku Hero VS 3D
SLPM-65314;Hanjuku Hero VS 3D [Limited Edition]
SLUS-21750;Hannah Montana - Spotlight World Tour
SLPS-25720;Happiness! Deluxe
SLPS-25811;Happiness! Deluxe [Best Collection]
SLPS-25719;Happiness! Deluxe [First Print Limited Edition]
SCES-54421;Happy Feet
SLES-54421;Happy Feet
SLUS-21455;Happy Feet
SLPS-20050;Happy! Happy!! Boarders
SCES-51057;Hard Hitter 2
SLES-51057;Hard Hitter 2
SLES-54590;Hard Knock High
SLPM-65695;Hard Luck - Return of the Heroes
SLUS-21102;Hard Rock Casino
SLUS-20568;Hardhitter Tennis
SCES-52677;Hardware - Online Arena
SLES-52677;Hardware - Online Arena
SCES-51977;Hardware Online Arena
SLES-51977;Hardware Online Arena
SLES-51593;Hardware Online Arena [Beta
SCES-51593;Hardware Online Arena [Beta, Promo & Full Release]
SCES-54606;Harley-Davidson - Race to the Rally
SCES-54631;Harley-Davidson - Race to the Rally
SLES-54606;Harley-Davidson - Race to the Rally
SLES-54631;Harley-Davidson - Race to the Rally
SLUS-21573;Harley-Davidson - Race to the Rally
SCES-51194;Harry Potter - Kammer D Schreckens
SLES-51194;Harry Potter - Kammer D Schreckens
SCES-51787;Harry Potter - Quidditch World Cup
SLES-51787;Harry Potter - Quidditch World Cup
SLPM-62408;Harry Potter - Quidditch World Cup
SLUS-20769;Harry Potter - Quidditch World Cup
SCES-51192;Harry Potter and the Chamber of Secrets
SLES-51192;Harry Potter and the Chamber of Secrets
SLUS-20576;Harry Potter and The Chamber of Secrets
SLPM-62513;Harry Potter and the Chamber of Secrets [EA Best Hits]
SCES-53726;Harry Potter and The Goblet of Fire
SCES-53727;Harry Potter and The Goblet of Fire
SCES-53728;Harry Potter and The Goblet of Fire
SLAJ-25076;Harry Potter and the Goblet of Fire
SLES-53726;Harry Potter and The Goblet of Fire
SLES-53727;Harry Potter and The Goblet of Fire
SLES-53728;Harry Potter and The Goblet of Fire
SLUS-21325;Harry Potter and The Goblet of Fire
SLES-55249;Harry Potter and the Half-Blood Prince
SLUS-21808;Harry Potter and the Half-Blood Prince
SLES-54778;Harry Potter and the Order of the Phoenix
SLPM-66886;Harry Potter and the Order of the Phoenix
SLUS-21619;Harry Potter and The Order of the Phoenix
SCES-52055;Harry Potter and the Philosopher's Stone
SCES-52056;Harry Potter and The Philosopher's Stone
SLES-52055;Harry Potter and the Philosopher's Stone
SLES-52056;Harry Potter and The Philosopher's Stone
SCES-52440;Harry Potter and the Prisoner of Azkaban
SCES-52600;Harry Potter and The Prisoner of Azkaban
SLES-52440;Harry Potter and the Prisoner of Azkaban
SLES-52600;Harry Potter and The Prisoner of Azkaban
SLPM-65612;Harry Potter and The Prisoner of Azkaban
SLUS-20926;Harry Potter and The Prisoner of Azkaban
SLPM-65650;Harry Potter and The Sorcerer's Stone [EA Best Hits]
SLUS-20826;Harry Potter and The Sorceror's Stone
SCES-52527;Harry Potter og Fangen fra Azkaban
SLES-52527;Harry Potter og Fangen fra Azkaban
SLPS-20234;Harry Potter to Himitsu no Heya
SLPM-65465;Harry Potter to Kenja no Ishi
SLPM-66318;Haru no Ashioto - Step of Spring
ALCH-00005;Haru no Ashioto - Step of Spring [PacPac Pack]
SLPM-65916;Harukanaru Jikuu no Kade - Hachiha Katsunori
SLPM-66655;Harukanaru Jikuu no Kade - Hachiha Katsunori [Koei the Best]
SLPM-66100;Harukanaru Jikuu no Kade 3
SLPM-66759;Harukanaru Jikuu no Kade 3 - Izayoiki [Koei the Best]
SLPM-66348;Harukanaru Jikuu no Kade 3 - Unmei no Meikyuu
SLPM-66887;Harukanaru Jikuu no Kade 3 - Unmei no Meikyuu [Koei the Best]
SLPM-66688;Harukanaru Jikuu no Kade 3 [Koei the Best]
SLPM-66952;Harukanaru Jikuu no Kade 4
SLPM-65957;Harukanaru Jikuu no Kade Hachiha Katsunori
SLPM-65833;Harukanaru Jikuu no Naka De 2 [Koei the Best]
SLPM-65834;Harukanaru Jikuu no Naka De 3
SLPM-66548;Harukanaru Jikuu no Uchi de Mai Ichi Yoru
SLPM-66003;Harukanaru Toki no Naka de - Hachiyou Shou
KOEI-00034;Harukanaru Toki no Naka de - Hachiyoushou [History Box]
KOEI-00029;Harukanaru Toki no Naka de - Hachiyoushou [Premium Box]
KOEI-00111;Harukanaru Toki no Naka de - Hachiyoushou [Twin Pack]
SLPM-55050;Harukanaru Toki no Naka de - Maihitoyo [Koei the Best]
KOEI-00110;Harukanaru Toki no Naka de - Maihitoyo [Premium Box]
SLPM-55138;Harukanaru Toki no Naka de - Yumenoukihashi Special
KOEI-20162;Harukanaru Toki no Naka de - Yumenoukihashi Special [Premium Box]
KOEI-20163;Harukanaru Toki no Naka de - Yumenoukihashi Special [Treasure Box]
SLPM-65092;Harukanaru Toki no Naka de 2
SLPM-66654;Harukanaru Toki no Naka de 2 [Koei Selection]
SLPM-65091;Harukanaru Toki no Naka de 2 [Limited Edition]
KOEI-SP004;Harukanaru Toki no Naka de 2 + 1 [Koei 2002 Spring Pack]
SLPM-66099;Harukanaru Toki no Naka de 3 - Izayoiki
SLPM-66127;Harukanaru Toki no Naka de 3 - Izayoiki
KOEI-00047;Harukanaru Toki no Naka de 3 - Izayoiki [Premium Box]
SLPM-66344;Harukanaru Toki no Naka de 3 - Unmei no Labyrinth
SLPM-66347;Harukanaru Toki no Naka de 3 - Unmei no Meikyuu
KOEI-00075;Harukanaru Toki no Naka de 3 - Unmei no Meikyuu [Premium Box]
KOEI-00023;Harukanaru Toki no Naka de 3 [Premium Box with HTnNd2]
KOEI-00024;Harukanaru Toki no Naka de 3 [Premium Box]
SLPM-65849;Harukanaru Toki no Naka de 3 [Premium Box]
KOEI-00048;Harukanaru Toki no Naka de 3 [Twin Pack]
SLPM-65850;Harukanaru Toki no Naka de 3 & 2 Twin Pack
SLPM-55296;Harukanaru Toki no Naka de 4 [Koei Tecmo the Best]
KOEI-20148;Harukanaru Toki no Naka de 4 [Premium Box]
KOEI-20149;Harukanaru Toki no Naka de 4 [Treasure Box]
SLPM-66308;Harukanaru Toki no Naka Premium Boxset
SCES-53282;Harvest Fishing
SLES-53282;Harvest Fishing
SLPS-73222;Harvest Moon - A Wonderful Life [PlayStation 2 The Best]
SCES-53480;Harvest Moon - A Wonderful Life [Special Edition]
SLES-53480;Harvest Moon - A Wonderful Life [Special Edition]
SLUS-21171;Harvest Moon - A Wonderful Life [Special Edition]
SLUS-20251;Harvest Moon - Save the Homeland
SLUS-21680;Harvey Birdman - Attorney at Law
SLUS-21805;Hasbro - Family Game Night
SLES-55342;Hasbro Family Game Night
SLPM-65581;Haunted Mansion
SCES-52877;Haunting Ground
SLES-52877;Haunting Ground
SLUS-21075;Haunting Ground
SCES-51209;Haven - Call of the King
SLES-51209;Haven - Call of the King
SLUS-20157;Haven - Call of the King
SLUS-20517;Haven - Call of the King
SLUS-29038;Haven - Call of the King [Demo]
SLUS-28019;Haven - Call of the King [Trade Demo]
SCES-54441;Hawk Kawasaki Racing
SLES-54441;Hawk Kawasaki Racing
SLPS-20385;Hayarigami - Keishichou Kaii Jiken File
SLPS-20508;Hayarigami 2 - Keishichou Kaii Jiken File [The Best Price]
SLPS-20384;Hayarikami
SLPS-20501;Hayarikami 2
SLPS-20422;Hayarikami Revenge
PBPX-95211;HDD Utility Disc
PBPX-95216;HDD Utility Disc [Beta]
PBPX-95237;HDD Utility Disc [Beta]
SCUS-97395;HDD Utility Disc Ver.1.10
SCES-50500;Headhunter
SLES-50500;Headhunter
SLUS-20416;Headhunter
SCES-51682;Headhunter - Redemption
SCES-52512;Headhunter - Redemption
SLES-51682;Headhunter - Redemption
SLES-52512;Headhunter - Redemption
SLUS-20817;Headhunter - Redemption
SCES-52511;Headhunter - Redemption [EX]
SLES-52511;Headhunter - Redemption [EX]
SLPM-55044;Heart no Kuni no Alice
SCES-51865;Heartbeat Boxing
SLES-51865;Heartbeat Boxing
SLES-54596;Heatseeker
SLUS-21570;Heatseeker
SCAJ-20147;Heavy Metal Thunder
SLPM-66030;Heavy Metal Thunder
SLPM-62548;Heisei Bakutoden [SuperLite 2000 Series]
SLKA-25279;Hello Kitty - Rescue Mission
SCES-53509;Hello Kitty - Roller Rescue
SLES-53509;Hello Kitty - Roller Rescue
SLPM-65831;Hello Kitty no PikoPiko Daisakusen
SLPM-62250;Hello Kitty Star Light - Fusiginasekai
SLPM-62249;Hello Kitty Star Light - Inogasi Cube
SCES-53855;Heracles - Battle with the Gods
SLES-53855;Heracles - Battle with the Gods
SLES-54786;Heracles Chariot Racing
SCAJ-20009;Herdy Gerdy
SCES-50751;Herdy Gerdy
SLES-50751;Herdy Gerdy
SLPS-25194;Herdy Gerdy
SLUS-20231;Herdy Gerdy
SLPM-62122;Hermina to Culus - Lilie no Atelier Mou Hitotsu no Monogatari
SCES-50186;Heroes of Might and Magic
SLES-50186;Heroes of Might and Magic
SLUS-20158;Heroes of Might and Magic
SLUS-21747;Heroes of the Indianapolis 500
SCES-53441;Heroes of the Pacific
SLES-53441;Heroes of the Pacific
SLUS-20943;Heroes of the Pacific
SCES-50260;Hidden Invasion
SLES-50260;Hidden Invasion
SLUS-20301;Hidden Invasion
SLPS-25111;Higanbana
SLPM-62190;High Heat - Major League Baseball 2003
SLUS-20298;High Heat - Major League Baseball 2003
SLUS-29019;High Heat - Major League Baseball 2003 [Demo]
SLUS-20602;High Heat - Major League Baseball 2004
SLUS-28029;High Heat - Major League Baseball 2004 [Trade Demo]
SLUS-20133;High Heat Baseball 2002
SCES-50638;High Heat Major League Baseball 2003
SLES-50638;High Heat Major League Baseball 2003
SLPM-62325;High Heat Major League Baseball 2003 [Konami The Best]
SLUS-21014;High Roller Casino
SLUS-21599;High School Musical - Sing It!
SLUS-21819;High School Musical 3 - Senior Year DANCE!
SLPM-66620;Higurashi no Naku Koro ni Matsuri
SLPM-66913;Higurashi no Naku Koro ni Matsuri - Kakera Asobi
SLPM-66912;Higurashi no Naku Koro ni Matsuri - Kakera Asobi [Append Version]
ALCH-00009;Higurashi no Naku Koro ni Matsuri [First Print Limited Edition]
SLPM-66454;Hiiro no Kakera
SLPM-66687;Hiiro no Kakera - Ano Sora no Shita de
HKID-00418;Hiiro no Kakera - Ano Sora no Shita de [Twin Pack]
SLPM-55215;Hiiro no Kakera - Shin Tamayori Hime Denshou
SLPM-55214;Hiiro no Kakera - Shin Tamayori Hime Denshou [Limited Edition]
SLPM-55216;Hiiro no Kakera [Aizouban]
SLPM-66453;Hiiro no Kakera [Limited Edition]
SLPM-66825;Hiiro no Kakera 2
SLPM-66824;Hiiro no Kakera 2 [Limited Edition]
HKHS-01002;Hiiro no Kakera Twin Pack
SLPS-25939;Himehibi - New Princess Days!! Zoku! Ni-Gakki
SLPS-25721;HimeHibi - Princess Days
SCES-54451;Himmel und Huhn - Ace in Action
SLES-54451;Himmel und Huhn - Ace in Action
SLPM-62109;Hippa Linda
SLPM-62407;Hisako Takahashi's Let's Marathon!
SLPS-20051;Hissatsu Pachinko Station V
SLPS-20412;Hissatsu Pachinko Station v10
SLPS-25556;Hissatsu Pachinko Station V11
SLPS-20112;Hissatsu Pachinko Station v2.0
SLPS-20192;Hissatsu Pachinko Station V3
SLPS-20213;Hissatsu Pachinko Station V4
SLPS-20229;Hissatsu Pachinko Station V5
SLPS-20233;Hissatsu Pachinko Station V6
SLPS-20279;Hissatsu Pachinko Station v7 - Tensei Bakabon 2
SLPS-20316;Hissatsu Pachinko Station v8
SLPS-20411;Hissatsu Pachinko Station v9
SLPS-20457;Hissatsu Pachislo Evolution 2 - Oso Matsu-Kun
SLPS-20429;Hissatsu Pachislot Ninja Hattori Kun V
SLPM-66113;Hissatsu Ura-Kagyou
SLPS-25862;Hisshou Pachinko - Pachi-Slot Kouryoku Series Vol.05 - CR Neon Genesis Evangelion Sekandoinpakuto & Pachislot Neon Genesis Evangelion [Special Price Edition]
SLPS-25861;Hisshou Pachinko - Pachi-Slot Kouryoku Series Vol.10 [Special Price Edition]
SLPS-25813;Hisshou Pachinko - Pachi-Slot Kouryoku Series Vol.11 - Shinseiki Evangelion - Magokoro o, Kimi ni
SLPS-25565;Hisshou Pachinko Kouryoku Series Vol.1 - CR Shinseiki Evangelion
SLPS-25745;Hisshou Pachinko-Pachislot Kouryoku Series Vol.1 - CR Shinseiki Evangelion
SLPS-25786;Hisshou Pachinko-Pachislot Kouryoku Series Vol.10 - CR Shinseiki Evangelion - Kiseki no Hachi Ha
SLPS-25602;Hisshou Pachinko-Pachislot Kouryoku Series Vol.2 - Bomber Powerful & Yume Yume World DX
SLPS-25620;Hisshou Pachinko-Pachislot Kouryoku Series Vol.3 - CR Marilyn Monroe
SLPS-25645;Hisshou Pachinko-Pachislot Kouryoku Series Vol.4 - CR Ashita Gaarusa Yoshimoto World
SLPS-25648;Hisshou Pachinko-Pachislot Kouryoku Series Vol.5 - CR Shinseiki Evangelion Second Impact & Pachisuro Shinseiki Evangelion
SLPS-25699;Hisshou Pachinko-Pachislot Kouryoku Series Vol.8
SLPS-25909;Hisshou Pachinko*Pachi-Slot Kouryaku Series Vol.13 - Shinseiki Evangelion - Yakusoku no Toki
SLPS-25942;Hisshou Pachinko*Pachi-Slot Kouryaku Series Vol.14 - CR Shinseiki Evangelion - Saigo no Mono
SLPS-25943;Hisshou Pachinko*Pachi-Slot Kouryaku Series Vol.14 - CR Shinseiki Evangelion - Saigo no Mono [Limited Special Box]
SLPS-25911;Hisshou Pachinko*Pachi-Slot Kouryoku Series Vol.11 - Shinseiki Evangelion - Magokoro o
SLUS-21712;History Channel - Battle for the Pacific
SLUS-21474;History Channel - Civil War - A Nation Divided
SLUS-21835;History Channel's Civil War - Secret Mission
SCES-53028;Hitman - Blood Money
SCES-53029;Hitman - Blood Money
SCES-53030;Hitman - Blood Money
SCES-53031;Hitman - Blood Money
SLES-53028;Hitman - Blood Money
SLES-53029;Hitman - Blood Money
SLES-53030;Hitman - Blood Money
SLES-53031;Hitman - Blood Money
SLUS-21108;Hitman - Blood Money
SLUS-29191;Hitman - Blood Money & Urban Chaos [Demo]
SCES-52132;Hitman - Contracts
SCES-52133;Hitman - Contracts
SCES-52135;Hitman - Contracts
SCES-52136;Hitman - Contracts
SLES-52132;Hitman - Contracts
SLES-52133;Hitman - Contracts
SLES-52135;Hitman - Contracts
SLES-52136;Hitman - Contracts
SLKA-25218;Hitman - Contracts
SLPS-25406;Hitman - Contracts
SLUS-20882;Hitman - Contracts
SLPS-25403;Hitman - Silent Assassin [Eidos The Best]
SCES-50992;Hitman 2 - Silent Assassin
SCES-51109;Hitman 2 - Silent Assassin
SLES-50992;Hitman 2 - Silent Assassin
SLES-51109;Hitman 2 - Silent Assassin
SLPS-25269;Hitman 2 - Silent Assassin
SLUS-20374;Hitman 2 - Silent Assassin
SCES-51723;Hobbit
SCES-52247;Hobbit
SLES-51723;Hobbit, The
SLES-52247;Hobbit, The
SLPM-65728;Hobbit, The
SLUS-20655;Hobbit, The
SLPM-66440;Hokenshitsu e Youkoso
SLPM-66439;Hokenshitsu e Youkoso [Limited Edition]
SLPS-20217;Hokkahoka Sentou
SLPM-66660;Hokuto no Ken
SLPM-66941;Hokuto no Ken [Fist of the North Star] [Sega the Best]
SCES-54469;Home Alone
SLES-54469;Home Alone
SLPM-65963;Home Maid - Owari no Tachi
SLPM-65962;Home Maid - Owari no Tachi [Limited Edition]
SCES-51812;Homerun
SLES-51812;Homerun
SCES-53964;Homura
SLES-53964;Homura
SLPM-62685;Homura
TCPS-10130;Homura
SLPM-62753;Homura [Taito The Best]
TCPS-10172;Homura [Taito the Best]
SLPM-62074;Honkakuteki Pachinko Jikki Kouryaku Series - Milky Bar and Kirakuin
SLPM-66395;Honoo no Takkyubin
SLPM-66027;Honotomi - First Kiss
SLPM-66026;Honotomi - First Kiss [Limited Edition]
SLPS-25146;Hooligan
SLPS-25145;Hooligan [Limited Edition]
SLPM-62072;Horse Breaker
SLPM-62200;Horse Breaker
SLPM-62614;Horse Breaker [Koei Teiban Series]
SLPM-62300;Horse Breaker [Koei The Best]
SCES-54546;Horsez
SLES-54546;Horsez
SLPM-66920;Hoshi Furu
SLPM-66107;Hoshi no Furu Koku
SLPM-66106;Hoshi no Furu Koku [Limited Edition]
SLPM-66969;Hoshigari Empusa
SLPS-25593;Hoshigari Empusa
SLPM-62488;Hot Gimmick Cosplay Mahjong
SLPM-62594;Hot Gimmick Cosplay Mahjong - Pure
SLPM-62480;Hot Gimmick Cosplay Mahjong [Limited Edition]
SCUS-97130;Hot Shots Golf 3
SCKA-20035;Hot Shots Golf 3 [BigHits Series]
SCUS-97208;Hot Shots Golf 3 & Parappa the Rapper 2 [Demo]
SCUS-97401;Hot Shots Golf FORE!
SCUS-97430;Hot Shots Golf FORE! [Demo]
SCUS-97515;Hot Shots Golf FORE! [Greatest Hits]
SCUS-97427;Hot Shots Golf FORE! [Online Public Beta]
SCUS-97610;Hot Shots Tennis
SLUS-21628;Hot Wheels - Beat That
SLES-54971;Hot Wheels - Beat That!
SCES-52481;Hot Wheels - Stunt Track Challenge
SLES-52481;Hot Wheels - Stunt Track Challenge
SLUS-20954;Hot Wheels - Stunt Track Challenge
SLUS-20412;Hot Wheels - Velocity X
SLUS-20737;Hot Wheels - World Race
SCES-51879;Hot Wheels World Race
SLES-51879;Hot Wheels World Race
SLPM-66914;Houkago wa Hakugin no Shirabe
SLPM-65083;Houshin Engi 2
SLPM-65536;Houshin Engi 2
SLPS-20024;Hresvelgr
SLPS-20059;Hresvelgr [International Edition]
SLPM-62404;Hudson Selection Vol.1 - Cubic Lode Runner
SLPM-62583;Hudson Selection Vol.1 - Cubic Lode Runner [Hudson The Best]
SLPM-62417;Hudson Selection Vol.2 - Sakigake!! Kuromati Koukou
SLPM-62350;Hudson Selection Vol.2 - Star Soldier
SLPM-62584;Hudson Selection Vol.2 - Star Soldier [Hudson The Best]
SLPM-62418;Hudson Selection Vol.3 - PC Genjin
SLPM-62422;Hudson Selection Vol.4 - Adventure Island [Takahashi Meijin no Bouken Jima]
SCES-52314;Hugo - Bukkazoom
SLES-52314;Hugo - Bukkazoom
SCES-52102;Hugo Bukkazoom!
SLES-52102;Hugo Bukkazoom!
SCES-52675;Hugo Cannon Cruise
SLES-52675;Hugo Cannon Cruise
SLES-52745;Hugo Cannon Cruise
SCES-51508;Hulk
SLES-51508;Hulk, The
SLPS-25272;Hulk, The
SLUS-20422;Hulk, The
SCES-54158;Hummer Badlands
SLES-54158;Hummer Badlands
SLUS-21357;Hummer Badlands
SCPS-15046;Hungry Ghosts
SCES-51823;Hunter - The Reckoning Wayward
SLES-51823;Hunter - The Reckoning Wayward
SLUS-20511;Hunter the Reckoning - Wayward
SLUS-29059;Hunter the Reckoning - Wayward [Demo]
SLPM-62278;Hunter x Hunter
SLPM-62067;Hunter X Hunter - Ryumyaku no Saidan
SLPM-65493;Hurrah! Sailor
SLPM-65523;Hurrah! Sailor
SLUS-21335;Hustle, The - Detroit Streets - Kat's Story
SLPM-55159;Hyakko - Yorozuya Jikenbo!
SLPM-65405;Hyper Dimension Fortress Macross
SLPM-62126;Hyper Sports 2002 Winter
SLPM-65496;Hyper Street Fighter
SCES-52444;Hyper Street Fighter II - The Anniversary Edition
SLES-52444;Hyper Street Fighter II - The Anniversary Edition
SLPM-66636;Hyper Street Fighter II - The Anniversary Edition [CapKore]
CPCS-01007;Hyper Street Fighter II - The Anniversary Edition [Special Anniversary Pack]
CPCS-01039;Hyper Street Fighter II - The Anniversary Edition [with Vampire - Darkstalkers Collection Value Pack]
SLUS-20592;HyperSonic Xtreme - HSX
SLPS-20208;I am Small!
SLPM-65005;I am the Coach
SCES-53146;I Fantastici Quattro
SLES-53146;I Fantastici Quattro
SLPM-65633;I Love Baseball - Pro Yakyu wo Koyonaku
SCES-52099;I-Ninja
SLES-52099;I-Ninja
SLUS-20705;I-Ninja
SLUS-29077;I-Ninja [Demo]
SLPM-66272;I-O
PAPX-90202;I.Q Remix+ - Intelligent Qube
PCPX-96301;I.Q Remix+ - Intelligent Qube
SCPS-11001;I.Q. Remix
SLKA-25060;I.Q. Remix+ - Intelligent Qube
SLPM-66570;I's Pure
SLPM-66301;Ibara
TCPS-10131;Ibara
SLUS-21878;Ice Age - Dawn of the Dinosaurs
SLPM-66497;Ice Age 2
SCES-53984;Ice Age 2 - The Meltdown
SLES-53984;Ice Age 2 - The Meltdown
SLES-54147;Ice Age 2 - The Meltdown
SLUS-21307;Ice Age 2 - The Meltdown
SLES-54147;Ice Age 2 - The Meltdown [Russian]
VUGJ-10001;Ice Age 2 - The Meltdown [with DVD]
SLES-55487;Ice Age 3 - Dawn of the Dinosaurs
SLPM-62391;Ichigeki Sacchuu! HoiHoi-san
SLPM-62721;Ichigeki Sacchuu! HoiHoi-san [Konami The Best]
SLPM-62390;Ichigeki Sacchuu! HoiHoi-san [Limited Edition]
SLKA-15015;ICHIGEKI SACCHUU!! HOIHOI-SAN
SLPM-65822;Ichigo 100% Strawberry Diary
SLPM-66335;Ichigo 100% Strawberry Diary
SLPS-25547;Ichigo Mashimaro
SLPS-25546;Ichigo Mashimaro [Limited Edition]
SLPS-25753;Ichigo Mashimaro [Shock SP]
SCAJ-20099;Ico
SCCS-40005;Ico
SCED-50844;Ico
SCES-50760;Ico
SCPS-11003;Ico
SCPS-55001;Ico
SCPS-56001;Ico
SCUS-97113;Ico
SLES-50760;Ico
SCUS-97159;Ico [Demo]
SCKA-20028;Ico [PlayStation 2 Big Hit Series]
SCPS-19103;Ico [PlayStation 2 The Best]
SCPS-19151;Ico [PlayStation 2 The Best]
SLPS-20039;Ide Yousuke no Mahjong Kazoku 2
SLPS-25183;Idol Janshi R - Jan-Guru Project
SLPS-25182;Idol Janshi R - Jan-Guru Project [Limited Edition]
SLPM-66785;Idol Janshi Suchie-Pai 4
SLPM-66783;Idol Janshi Suchie-Pai 4 [Limited Edition]
SLPM-66784;Idol Janshi Suchie-Pai III Remix
SLPM-62317;Igo
SLPS-25628;IGPX
SLUS-21430;IGPX - Immortal Grand Prix
SLUS-21256;IHRA Drag Racing - Sportsman Edition
SLUS-20586;IHRA Drag Racing 2
SLUS-20935;IHRA Professional Drag Racing 2005
SLPM-66733;Iinazuke
SLPM-66732;Iinazuke [Limited Edition]
SLPM-66907;Iinazuke [Princess Soft Collection]
SLPS-25798;Ikki Tousen - Shining Dragon
SLPS-25882;Ikki Tousen - Shining Dragon [Best Collection]
SLPS-25797;Ikki Tousen - Shining Dragon [Limited Edition]
SCAJ-20158;Ikusa Gami
SLKA-25320;Ikusa Gami
SLPM-66184;Ikusa Gami
SLPM-74227;Ikusa Gami [PlayStation 2 The Best]
SLUS-21177;In the Groove
SLPS-20499;Inaka Kurashi - Nan no Shima no Monogatari [Super Best Collection]
SLPS-20222;Inaka Kurasi - Nan no Shima no Monogatari
SLPS-20303;Inaka Kurasi [Best Collection]
SCES-53430;Incredible Hulk 2
SLES-53430;Incredible Hulk 2, The - Ultimate Destruction
SLUS-21765;Incredible Hulk, The
SLUS-20941;Incredible Hulk, The - Ultimate Destruction
SLUS-29148;Incredible Hulk, The - Ultimate Destruction [Demo]
SCES-52813;Incredibles
SCES-52814;Incredibles
SCES-52816;Incredibles
SCES-52820;Incredibles
SCES-52821;Incredibles
SCES-53473;Incredibles
SCES-53474;Incredibles
SLES-52813;Incredibles, The
SLES-52814;Incredibles, The
SLES-52816;Incredibles, The
SLES-52820;Incredibles, The
SLES-52821;Incredibles, The
SLUS-20905;Incredibles, The
SLES-53473;Incredibles, The - Rise of the Underminer
SLES-53474;Incredibles, The - Rise of the Underminer
SLUS-21217;Incredibles, The - Rise of the Underminers
SCES-50836;Indiana Jones and The Emperor's Tomb
SCES-50837;Indiana Jones and The Emperor's Tomb
SCES-50838;Indiana Jones and The Emperor's Tomb
SCES-50839;Indiana Jones and The Emperor's Tomb
SCES-50840;Indiana Jones and The Emperor's Tomb
SLES-50836;Indiana Jones and The Emperor's Tomb
SLES-50837;Indiana Jones and The Emperor's Tomb
SLES-50838;Indiana Jones and The Emperor's Tomb
SLES-50839;Indiana Jones and The Emperor's Tomb
SLES-50840;Indiana Jones and The Emperor's Tomb
SLUS-20508;Indiana Jones and the Emperor's Tomb
SLUS-21885;Indiana Jones and the Staff of Kings
SLKA-25309;INDIGO PROPHECY
SLUS-21196;Indigo Prophecy
SLPM-62624;Indoor Helicopter Adventure 2
SCES-51397;IndyCar Series
SLES-51397;IndyCar Series
SLUS-20641;IndyCar Series
SCES-52298;IndyCar Series 2005
SLES-52298;IndyCar Series 2005
SLPS-25166;Ingot 79
SLAJ-25008;Initial D - Special Stage
SLPM-65268;Initial D - Special Stage
SCAJ-25008;Initial D - Street Stage
SLPM-74420;Initial D - Street Stage [PlayStation 2 The Best]
SLPS-20124;INITIAL D - TAKAHASHI RYOSUKE NO TYPING SAISOKU RIRON
SLPS-20123;Initial D - Takahashi Ryousuke no Typing Saisoku Riron
SLPM-65173;Innocent Black
SLUS-21641;Innocent Life - Harvest Moon - Pure
SCES-51247;Inspector Gadget - Mad Robots Invasion
SLES-51247;Inspector Gadget - Mad Robots Invasion
SCES-52680;Intellivision Lives - The History of Video Gaming
SLES-52680;Intellivision Lives - The History of Video Gaming
SLUS-20830;Intellivision Lives!
SCES-52660;Inter - Club Football 2005
SLES-52660;Inter - Club Football 2005
SLPS-25283;Interlude
SLPM-66554;Interlude [Best Version]
SCES-54641;International Cricket Captain III
SLES-54641;International Cricket Captain III
SCES-50914;International Cue Club
SLES-50914;International Cue Club
SCES-52349;International Golf Pro
SCES-52350;International Golf Pro
SLES-52349;International Golf Pro
SLES-52350;International Golf Pro
SCES-50231;International League Soccer
SLES-50231;International League Soccer
SCES-51629;International Pool Championship
SCES-52240;International Pool Championship
SLES-51629;International Pool Championship
SLES-52240;International Pool Championship
SCES-51996;International Snooker Championship
SLES-51996;International Snooker Championship
SCES-53186;International Super Karts
SLES-53186;International Super Karts
SCES-50039;International Superstar Soccer
SCES-50060;International Superstar Soccer
SLES-50039;International Superstar Soccer
SLES-50060;International Superstar Soccer
SCES-50787;International Superstar Soccer 2
SLES-50787;International Superstar Soccer 2
SLPM-64510;International Superstar Soccer 2
SCES-50790;International Superstar Soccer 2002
SLES-50790;International Superstar Soccer 2002
SCES-51435;International Superstar Soccer 3
SLES-51435;International Superstar Soccer 3
SLES-54582;International Tennis Pro
SLPM-62178;Internet Igo
SLPM-62170;Internet Mahjong
SLPM-62172;Internet Shogi
SLKA-25296;Inuyasha - Feudal Combat
SLUS-21193;Inuyasha - Feudal Combat
SLPS-25320;InuYasha - Juso no Kamen
SLPS-25552;Inuyasha - Juuso no Kamen [Bandai the Best]
SLPS-25518;InuYasha - Ougi Ranbu
SLUS-20913;Inuyasha - The Secret of The Cursed Mask
SLPS-20417;Inyou Taisenki - Byakko Enbu
SLPS-20416;Inyou Taisenki - Byakko Enbu [with EyeToy]
SLES-55013;Iridium Runners
SLUS-21697;Iridium Runners
SLPS-25216;Iris
SLPM-66384;Iris [2800 Collection]
SLPS-25125;Iris [Limited Edition]
SLPS-25215;Iris [Limited Edition]
GUST-00003;Iris no Atelier - Eternal Mana [Premium Box]
GUST-00004;Iris no Atelier - Eternal Mana 2 [Premium Box]
SCES-50686;Iron Aces 2 - Birds of Prey
SLES-50686;Iron Aces 2 - Birds of Prey
SLES-55132;Iron Chef
SLES-50652;Iron Eagle Max [Review]
SLES-55198;Iron Man
SLUS-21739;Iron Man
SLPM-62338;Ishikura Noboru no Igo Kouza
SLPM-62386;Ishikura Noboru no Igo Kouza - Chuukyuuhen
SLPM-62421;Ishikura Noboru no Igo Kouza - Joukyuuhen
SLUS-20575;Island Xtreme Stunts
SLPM-62112;Itadaki Street 3
SCES-51761;Italian Job
SLUS-20784;Italian Job, The
SLES-51761;Italian Job, The - L.A. Heist
SLPM-55126;Itsuka
SLPM-66858;Itsuka, Todoku, Ano Sora ni
SLPM-66857;Itsuka, Todoku, Ano Sora ni [Limited Edition]
SLPM-65545;Izayoi Renke Kamifurusato
SLPM-65866;Izuku e Iku no, Anohi
SLPM-66192;Izumo 2
SLPM-66908;Izumo 2 - Gakuen Kyousoukyoku - Double Tact
SLPM-66876;Izumo 2 [GN Software Best]
SLPM-65832;Izumo Complete
SLPM-66801;Izumo Complete [GN Software Best]
SLPM-66764;Izumo Zero
SLPM-62193;J League Perfect Striker 5
SLPM-62217;J League Winning Eleven 6
SLPM-62040;J League Winning Eleven 8 - Asia Championship
SLPM-65530;J-League Pro Soccer Club - Tsukuku 2004
SLPM-65227;J-League Pro Soccer Club - Tsukuku! 3
SLPM-66644;J-League Pro Soccer Club o Tsukurou 5
SLPM-65109;J-League Sakatsuku 2002
SLPM-66595;J-League Winning Eleven 10 - Europa League '06-'07
SLPM-62088;J-League Winning Eleven 5
SLPM-65740;J-League Winning Eleven 8 - Asia Championship
SLPM-66169;J-League Winning Eleven 9 - Asia Championship
SLPM-65432;J-League Winning Eleven Tactics
SLPM-65199;J-Pheonix - Cobalt Shoutaihen
SLPM-65123;J-Pheonix Burst Tactics
SLPM-65122;J-Pheonix Burst Tactics [Limited Edition]
SLPS-20263;J.League Tactics Manager - Realtime Soccer Simulation
SLPM-66810;J.League Winning Eleven 2007 Club Championship
SLPM-55033;J.League Winning Eleven 2008 Club Championship
SLPM-55182;J.League Winning Eleven 2009 - Club Championship
SLPM-55262;J.League Winning Eleven 2010 Club Championship
SCPS-55004;Jack & Dexter - The Precursor Legacy
SCPS-19210;Jack & Dexter [PlayStation 2 The Best]
SLUS-21627;Jackass - The Game
SCES-53778;Jacked
SLES-53778;Jacked
SCES-52412;Jackie Chan Adventures
SLES-52412;Jackie Chan Adventures
SLUS-21247;Jackie Chan Adventures
SLES-54018;Jackpot Madness
SCES-50735;Jade Cocoon 2
SLES-50735;Jade Cocoon 2
SLUS-20309;Jade Cocoon 2
SCES-50614;Jak & Daxter - The Precursor Legacy
SLES-50614;Jak & Daxter - The Precursor Legacy
SCPS-15021;Jak & Daxter 2
SCPS-15057;Jak & Daxter 2
SCES-51608;Jak & Daxter 2 - Renegade
SLES-51608;Jak & Daxter 2 - Renegade
SCED-52952;Jak 3
SCES-52460;Jak 3
SCKA-20040;Jak 3
SCUS-97330;Jak 3
SLES-52460;Jak 3
SCUS-97412;Jak 3 [Demo]
SCUS-97516;Jak 3 [Greatest Hits]
SCUS-97558;Jak and Daxter - The Lost Frontier
SCES-50361;Jak and Daxter - The Precursor Legacy
SCUS-97124;Jak and Daxter - The Precursor Legacy
SLES-50361;Jak and Daxter - The Precursor Legacy
SCUS-97170;Jak and Daxter - The Precursor Legacy [Cingular Wireless Demo]
SCED-50614;Jak and Daxter - The Precursor Legacy [Demo]
SCUS-97171;Jak and Daxter - The Precursor Legacy [PS Underground Demo]
SCUS-97555;Jak and Daxter Complete Trilogy [Demo]
SCAJ-20073;Jak and Daxter II
SCUS-97440;Jak and Daxter Trilogy [Demo]
SCKA-20010;Jak II
SCUS-97265;Jak II
SCED-51700;Jak II - Renegade
SCUS-97273;Jak II [Demo]
SCUS-97509;Jak II [Greatest Hits]
SCUS-97274;Jak II [Video Demo]
TCES-53286;Jak X
SCES-53286;Jak X - Combat Racing
SCUS-97429;Jak X - Combat Racing
SLES-53286;Jak X - Combat Racing
SCUS-97486;Jak X - Combat Racing [Demo]
SCUS-97488;Jak X - Combat Racing [Public Beta v.1]
SCED-53660;Jak X & Ratchet - Gladiator
PAPX-90223;Jak x Daxter - Kyuu Sekai no Isan
SLES-55345;James Bond - Quantum of Solace
SCES-50539;James Bond 007 - Agent Under Fire
SLES-50539;James Bond 007 - Agent Under Fire
SLUS-20265;James Bond 007 - Agent Under Fire
SCES-52005;James Bond 007 - Everything or Nothing
SLES-52005;James Bond 007 - Everything or Nothing
SLPM-65446;James Bond 007 - Everything or Nothing
SLUS-20751;James Bond 007 - Everything or Nothing
SCES-52046;James Bond 007 - Everything or Nothing [Alles oder Nichts]
SLES-52046;James Bond 007 - Everything or Nothing [Alles oder Nichts]
SLUS-29095;James Bond 007 - Everything or Nothing [Demo]
SLPM-65725;James Bond 007 - Everything or Nothing [EA Best Hits]
SLPM-66615;James Bond 007 - Everything or Nothing & Nightfire [EA Best Hits]
SCES-53553;James Bond 007 - From Russia with Love
SLES-53553;James Bond 007 - From Russia with Love
SLPM-66322;James Bond 007 - From Russia With Love
SLUS-21282;James Bond 007 - From Russia with Love
SLUS-29168;James Bond 007 - From Russia with Love [Demo]
SLUS-29167;James Bond 007 - From Russia with Love, Need for Speed - Most Wanted, SSX World Tour [Demo]
SCES-51258;James Bond 007 - Nightfire
SCES-51260;James Bond 007 - Nightfire
SLES-51258;James Bond 007 - Nightfire
SLES-51260;James Bond 007 - Nightfire
SLUS-20579;James Bond 007 - Nightfire
SLPM-65538;James Bond 007 - Nightfire [EA Best Hits]
SCES-53682;James Pond - Codename Robocod
SLES-53682;James Pond - Codename Robocod
SCUS-97149;Jampack Demo Disc - Summer 2001
SCUS-97281;Jampack Demo Disc - Summer 2003 [M-Rated]
SCUS-97280;Jampack Demo Disc - Summer 2003 [T-Rated]
SCUS-97163;Jampack Demo Disc - Winter 2001
SCUS-97234;Jampack Demo Disc - Winter 2002 [M-Rated]
SCUS-97235;Jampack Demo Disc - Winter 2002 [T-Rated]
SCUS-97313;Jampack Demo Disc - Winter 2003 [M-Rated]
SCUS-97312;Jampack Demo Disc - Winter 2003 [T-Rated]
SCUS-97406;Jampack Demo Disc Vol.10 - Summer 2004 [M-Rated]
SCUS-97410;Jampack Demo Disc Vol.10 [T-Rated]
SCUS-97417;Jampack Demo Disc Vol.11 [M-Rated]
SCUS-97418;Jampack Demo Disc Vol.11 [T-Rated]
SCUS-97420;Jampack Demo Disc Vol.12 [M-Rated]
SCUS-97419;Jampack Demo Disc Vol.12 [T-Rated]
SCUS-97492;Jampack Demo Disc Vol.13 [M-Rated]
SCUS-97491;Jampack Demo Disc Vol.13 [T-Rated]
SCUS-97494;Jampack Demo Disc Vol.14 [M-Rated]
SCUS-97493;Jampack Demo Disc Vol.14 [T-Rated]
SCUS-97565;Jampack Demo Disc Vol.15 [M-Rated]
SCUS-97564;Jampack Demo Disc Vol.15 [T-Rated]
SLPM-66341;Jan Sangoku Musou
SLPM-66937;Jan Sangoku Musou [Koei the Best]
SCES-54170;Jaws Unleashed
SLES-54170;Jaws Unleashed
SLUS-21062;Jaws Unleashed
SLES-55459;Jelly Belly - Ballistic Beans
SLUS-21874;Jelly Belly - Ballistic Beans
SLUS-20789;Jeopardy
SLUS-20245;Jeremy McGrath - Supercross World 2002
SCES-50209;Jeremy McGrath Supercross World
SLES-50209;Jeremy McGrath Supercross World
SCPS-55016;Jet de Go! 2
SLPM-65108;Jet de Go! 2
TCPS-10061;Jet de Go! 2 - Let's Go By Airliner [PlayStation 2 the Best]
SLPM-74407;Jet de Go! 2 [PlayStation 2 The Best]
SCES-50544;Jet Ion GP
SLES-50544;Jet Ion GP
SCUS-97279;Jet Li - Rise to Honor
SCED-52261;Jet Li - Rise to Honour
SCES-50552;Jet Ski Riders
SLES-50552;Jet Ski Riders
SCUS-97173;Jet X2O
SCUS-97239;Jet X2O [Demo]
SLES-55053;Jetix Puzzle Buzzle
SLPM-66245;Jewels Ocean - Star of Sierra Leone
SLPM-55213;Jigoku Shoujo Mioyosuga
SLPM-55212;Jigoku Shoujo Mioyosuga [Limited Edition]
SLPM-65630;Jikkyo Powerful Pro Baseball XI
SLPM-62011;Jikkyou GI Stable
SLPM-62045;Jikkyou J-League Perfect Striker 3
SLPM-62120;Jikkyou J. League - Perfect Striker 4
SLPS-25068;Jikkyou Jitsumei Keiba Dream Classic 2001 Autumn
SLPS-25021;Jikkyou Jitsumei Keiba Dream Classic 2001 Spring
SLPM-55155;Jikkyou Powerful Major League 2009
SLPM-55062;Jikkyou Powerful Major League 3
SLPM-65317;Jikkyou Powerful Pro Baseball 10
SLPM-66061;Jikkyou Powerful Pro Baseball 12
SLPM-66450;Jikkyou Powerful Pro Baseball 13
SLPM-66417;Jikkyou Powerful Pro Major League
SLPM-66875;Jikkyou Powerful Pro Major League 2
SLPM-65825;Jikkyou Powerful Pro Yakyuu 11 Chou Ketteiban
SLPM-66217;Jikkyou Powerful Pro Yakyuu 12 Ketteiban
SLPM-66590;Jikkyou Powerful Pro Yakyuu 13 Chou Ketteiban
SLPM-66777;Jikkyou Powerful Pro Yakyuu 14
SLPM-66916;Jikkyou Powerful Pro Yakyuu 14 Chou Ketteiban
SLPM-55024;Jikkyou Powerful Pro Yakyuu 15
SLPM-62034;Jikkyou Powerful Pro Yakyuu 7 Ketteiban
SLPM-62071;Jikkyou Powerful Pro Yakyuu 8 - Ketteiban
SLPM-62119;Jikkyou Powerful Pro Yakyuu 8 - Ketteiban
SLPM-62192;Jikkyou Powerful Pro Yakyuu 9
SLPS-25498;Jikuu Bouken Zentrix
SCES-52700;Jimmy Neutron - Attack of the Twonkies
SLES-52700;Jimmy Neutron - Attack of the Twonkies
SCES-51298;Jimmy Neutron - Boy Genius
SLES-51298;Jimmy Neutron - Boy Genius
SLUS-20537;Jimmy Neutron - Boy Genius
SLUS-20696;Jimmy Neutron - Boy Genius - Jet Fusion
SCES-51932;Jimmy Neutron - Jet Fusion
SLES-51932;Jimmy Neutron - Jet Fusion
SLKA-25317;Jin Samgung Mussang 3 [PlayStation 2 Big Hit Series]
SLPS-20373;Jisen Pachisuri Hissou Hou! Hokuto no Ken
SLPS-20372;Jisen Pachisuri Hissou Hou! Hokuto no Ken [Limited Edition]
SLPM-62577;Jissen Pachi-Slot Hisshoho! Hokuto no Ken Plus
SLPM-66240;Jissen Pachi-Slot Hisshouhou! Aladdin 2 Evolution
SLPS-20215;Jissen Pachi-Slot Hisshouhou! Aladdin A
SLPS-20209;Jissen Pachi-Slot Hisshouhou! Aladdin A [First Print Limited Edition]
SLPM-66866;Jissen Pachi-Slot Hisshouhou! Hokuto no Ken 2
SLPS-20131;Jissen Pachi-Slot Hisshouhou! Juuou
SLPS-20045;Jissen Pachi-Slot Hisshouhou! Kemono-Oh! [Deluxe Pack]
SLPS-20317;Jissen Pachi-Slot Hisshouhou! King Camel
SLPM-62749;Jissen Pachi-Slot Hisshouhou! Mister Magic Neo
SLPS-20240;Jissen Pachi-Slot Hisshouhou! Moujuu-Oh S
SLPS-20239;Jissen Pachi-Slot Hisshouhou! Moujuu-Oh S [First Print Limited Edition]
SLPM-66016;Jissen Pachi-Slot Hisshouhou! Onimusha 3
SLPM-62722;Jissen Pachi-Slot Hisshouhou! Ore no Sora
SLPM-66476;Jissen Pachi-Slot Hisshouhou! Salaryman Kintarou
SLPS-20268;Jissen Pachi-Slot Hisshouhou! Salaryman Kintarou
SLPS-20267;Jissen Pachi-Slot Hisshouhou! Salaryman Kintarou [Limited Edition]
SLPS-20193;Jissen Pachi-Slot Hisshouhou! Sammy's Collection
SLPS-20340;Jissen Pachi-Slot Hisshouhou! Sammy's Collection 2
SLPS-20339;Jissen Pachi-Slot Hisshouhou! Sammy's Collection 2 DX
SLPS-20293;Jissen Pachi-Slot Hisshouhou! Savanna Park
SLPS-20292;Jissen Pachi-Slot Hisshouhou! Savanna Park DX
SLPM-62774;Jissen Pachi-Slot Hisshouhou! Selection - Salaryman Kintarou - Slotter Kintarou - Ore no Sora
SLPM-66292;Jissen Pachi-Slot Hisshouhou! Ultraman Club ST
SLPM-66722;Jissen Pachinko Hisshouhou! CR Aladdin Destiny EX
SLPM-66241;Jissen Pachinko Hisshouhou! CR Hokuto no Ken
SLPM-66820;Jissen Pachinko Hisshouhou! CR Sakura Taisen
SLPM-62576;Jissen Paci-Slot Hisho Kata - Fist of North Star Plus
SLPS-25686;Jojo no Kimyou na Bouken - Phantom Blood
SLPM-66853;Jojo no Kimyouna Bouken - Ougon no Kaze [Best Price]
SLPM-65140;Jojo's Bizarre Adventure 5
SLUS-20229;Jonny Moseley - Mad Trix
SCES-50362;Jonny Moseley Mad Trix
SCES-50619;Jonny Moseley Mad Trix
SLES-50362;Jonny Moseley Mad Trix
SLES-50619;Jonny Moseley Mad Trix
SLPM-66495;Joshikousei Game's High!
SLPM-66494;Joshikousei Game's High! [Limited Edition]
SCES-51650;Judge Dredd - Dredd vs Death
SLES-51650;Judge Dredd - Dredd vs Death
SLUS-20869;Judge Dredd - Dredd vs Death
SCES-51649;Judge Dredd vs Judge Death
SLES-51649;Judge Dredd vs Judge Death
SLPM-65131;Judie no Atelier - Gramnad no Renkinjutsushi
SLPM-65359;Judie no Atelier - Gramnad no Renkinjutsushi
GUST-00001;Judie no Atelier - Gramnad no Renkinjutsushi [Premium Box]
SCES-53044;Juiced
SCES-53151;Juiced
SLES-53044;Juiced
SLES-53151;Juiced
SLPM-66277;Juiced
SLUS-20872;Juiced
SLPM-66931;Juiced 2 - Hot Import Nights
SLUS-21593;Juiced 2 - Hot Import Nights
SCES-54382;Jumanji
SCES-54427;Jumanji
SLES-54382;Jumanji
SLES-54427;Jumanji
SLUS-21730;Jumper
SCES-52776;Junior Board Games
SLES-52776;Junior Board Games
SCES-52028;Junior Sports Basketball
SLES-52028;Junior Sports Basketball
SLPS-25902;Junjou Romanchika - Koi no Doki Doki Daisakusen
SLPS-25901;Junjou Romanchika - Koi no Doki Doki Daisakusen [Limited Edition]
SLPM-65338;Junni Kuniki - Guren no Hyou Koujin no Mitsu
SLPM-65859;Junrui Sosa - Kan Pony - Eirian vs Seirian
SCES-51354;Jurassic Park - Operation Genesis
SLES-51354;Jurassic Park - Operation Genesis
SLUS-20380;Jurassic Park - Operation Genesis
SCES-54137;Just Cause
SCES-54200;Just Cause
SLES-54137;Just Cause
SLES-54200;Just Cause
SLUS-21436;Just Cause
SLUS-21304;Justice League Heroes
SLPM-66766;Juujimoto Ripputai Sypher - Game of Survival
SLPM-66765;Juujimoto Ripputai Sypher - Game of Survival [Limited Edition]
SLPM-65993;Juuni Kokuki - Kakukakutaru Oudou Kouryoku no Uka
SLPM-65616;Juuni Kuniki - Guren no Hyou Koujin noJi [Konami The Best]
SLPM-65596;Juuni Kuniki - Kakukaku Taru Ou Michi Beni Midori no Uka
SLKA-25131;Juuouki - Project Altered Beast
SCES-52650;Juventus - Club Football 2005
SLES-52650;Juventus - Club Football 2005
SLPM-62581;K-1 Premium 2004 - Fighting Dynamite!!
SLPM-65336;K-1 World Grand Prix - The Beast Attack!
SLPM-65075;K-1 World Grand Prix 2001
SLPM-65202;K-1 World Grand Prix 2002
SLPM-65433;K-1 World Grand Prix 2003
SLPS-25578;K-1 World Grand Prix 2005
SCKA-20092;K-1 World Grand Prix 2006
SLPS-25710;K-1 World Grand Prix 2006
SLPM-62648;K-1 World Max 2005
SLPM-66077;K-1 World Max 2005
SLKA-25321;K.League - Winning Eleven 9 - Asia Championship
SLUS-20682;K1 World Grand Prix
PAPX-90215;Ka
PCPX-96317;Ka
SCPS-11009;Ka [Mosquito]
SCPS-15045;Ka [Mosquito] - Let's Go Hawaiian
SCES-52179;Kaan Barbarian Blade
SLES-52179;Kaan Barbarian Blade
SCAJ-20080;Kaena
SLPS-25295;Kaena
SLPM-62254;Kaerazu no Mori
SLPS-25979;Kaeru Batake de Tsukamaete
SLPS-25988;Kaeru Batake de Tsukamaete - Natsu Senbokuryou Sansen
SCAJ-20133;Kagero 2 - Dark Illusion
SLPS-73265;Kagero 2 - Dark Illusion [PlayStation 2 the Best Reprint]
SLPS-73248;Kagero 2 - Dark Illusion [PlayStation 2 The Best]
SLPS-25445;Kagero II - Dark Illusion
SLKA-25063;Kaido Battle
SLPM-65514;Kaido Battle 2 - Chain Reaction
SCES-53191;Kaido Racer
SCES-53900;Kaido Racer
SLES-53191;Kaido Racer
SLES-53900;Kaido Racer
SLPM-66022;Kaido Touge no Densetsu
SLPM-65246;Kaidou Battle
SLPS-20368;Kaiketsu Zorro Mezase! Itazura King
SLPS-20362;Kaiketsu Zorro Mezase! Itazura King [Limited Edition]
SLPM-65654;Kaiketsu! Osabakiina
SLPS-25424;Kaitou Apricot - Complete Edition
SLPS-25423;Kaitou Apricot - Complete Edition [Limited Edition]
PAPX-90231;Kaitou Sly Cooper
SCPS-15036;Kaitou Sly Cooper
SLPS-20004;Kakinoki Shogi IV
SLPM-62460;Kakoniwa Tetsudou - Blue Train Tokkyuuhen [SuperLite 2000 Series]
SLPS-25135;Kamaitachi no Yoru 2
SLPS-73413;Kamaitachi no Yoru 2 [PlayStation 2 the Best]
SLPS-25132;Kamaitachi no Yoru 2 [Special Pack]
SLPM-66452;Kamaitachi no Yoru 3
SLPS-25944;Kamen Rider - Climax Heroes
SLPS-20329;Kamen Rider 555
SLPS-20402;Kamen Rider Blade
SLPS-20447;Kamen Rider Hibiki
SLPS-20448;Kamen Rider Hibiki - Taiko no Tatsujin Special Version
SLPS-20483;Kamen Rider Kabuto
SLPM-66499;Kamisama Kazoku - Ouen Ganbou
SLPM-66477;Kamiwaza
SLPM-66968;Kamiwaza [Acquire the Best]
SLPM-55065;Kamiyo Gakuen Makorouku Kurunugia
SLPM-65392;Kanojo no Densetsu - Boku no Sekiban
SLPM-55041;Kanokon - Esuii
SLPS-20121;Kanon
SLPM-65842;Kanon [Best]
SLPM-55161;Kanuchi - Kuroki Tsubasa no Shou
SLPM-55160;Kanuchi - Kuroki Tsubasa no Shou [Limited Edition]
SLPM-55059;Kanuchi - Shiroki Tsubasa no Shou
SLPM-55054;Kanuchi - Shiroki Tsubasa no Shou [Limited Edition]
SLPM-55055;Kanuchi - Shiroki Tsubasa no Shou [Special Limited Edition]
SCES-51998;Kao the Kangaroo - Round 2
SLES-51998;Kao the Kangaroo - Round 2
SLUS-20296;Kao the Kangaroo - Round 2
SLPM-65629;Kappa no Kai-Kata - How to Breed Kappas
SLPM-65970;Kappa no Kai-Kata - How to Breed Kappas [Konami Palace Selection]
SLUS-20781;Karaoke Revolution
SLPM-62450;Karaoke Revolution - Anime Song Selection
SLPM-62414;Karaoke Revolution - Dreams & Memories
SLPM-62369;Karaoke Revolution - J-Pop Vol.1
SLPM-62379;Karaoke Revolution - J-Pop Vol.2
SLPM-62380;Karaoke Revolution - J-Pop Vol.3
SLPM-62381;Karaoke Revolution - J-Pop Vol.4
SLPM-62451;Karaoke Revolution - J-Pop Vol.5
SLPM-62454;Karaoke Revolution - J-Pop Vol.6
SLPM-62455;Karaoke Revolution - J-Pop Vol.7
SLPM-62456;Karaoke Revolution - J-Pop Vol.8
SLPM-62479;Karaoke Revolution - J-Pop Vol.9
SLPM-62529;Karaoke Revolution - Kazoku Idol Sengen
SLPM-62528;Karaoke Revolution - Kazoku Idol Sengen [with Microphone]
SLPM-62492;Karaoke Revolution - Kids Song Selection
SLPM-62382;Karaoke Revolution - Love & Ballad
SLPM-62383;Karaoke Revolution - Night Selection 2003
SLPM-62457;Karaoke Revolution - Snow & Party
SLUS-20968;Karaoke Revolution 2
SLUS-21329;Karaoke Revolution Country - CMT Presents
SLUS-21223;Karaoke Revolution Party
SLUS-21540;Karaoke Revolution Presents - American Idol
SLUS-21719;Karaoke Revolution Presents - American Idol Encore
SLUS-21089;Karaoke Revolution Volume 3
SLPM-68007;Karaoke Revolution-you Mic Doukon
SCES-52308;Karaoke Stage
SLES-52308;Karaoke Stage
SLPM-66231;Karutagura - Tamashii no Kunou
SLPM-66586;Karutagura - Tamashii no Kunou [2800 Collection]
SLPM-66587;Karutagura - Tamashii no Kunou [Best Version]
SLPS-25622;Kashimashi! Girl Meets Girl
SLPS-25711;Kashimashi! Girl Meets Girl [Best Collection]
SLPS-25621;Kashimashi! Girl Meets Girl [Limited Edition]
SLPM-65762;Katakamuna
ALCH-00001;Katakamuna - Ushinawareta Ingaritsu [DX Pack]
PAPX-90234;Katamari Damacy
SCAJ-20079;Katamari Damacy
SCKA-20025;Katamari Damacy
SLPS-25360;Katamari Damacy
SLUS-21008;Katamari Damacy
SLPS-73210;Katamari Damacy [PlayStation 2 The Best]
SLPS-73240;Katamari Damacy [PlayStation 2 The Best]
SLPS-20114;Katei no Igaku TV Ware Series
SLPS-25806;Kateikyoushi Hitman Reborn! Dream Hyper Battle
SLPS-25820;Kateikyoushi Hitman Reborn!! Let's Ansatsu! Nerawareta 10 Daime!
SLPS-25899;Kateikyoushi Hitman Reborn!! Let's Ansatsu!? Nerawareta 10 Daime! [Best Collection]
SLPS-25883;Katekyoo Hitman Reborn Nerae!? Ring x Bongole Returns
SLPS-25931;Katekyoo Hitman Reborn Nerae!? Ring x Bongole Returns [Best Collection]
SLPS-25910;Katekyoo Hitman Reborn! Dream Hyper Battle! [Best Collection]
SLPS-25904;Katekyoo Hitman Reborn! Kindan no Yami no Delta
SLPS-25952;Katekyoo Hitman Reborn! Kindan no Yami no Delta [Best Collection]
SLPM-65250;Kattobi!! Golf
SLPS-25443;Kawa no Nushi Tsuri - Wonderful Journey
SLPS-25597;Kawa no Nushi Tsuri - Wonderful Journey [Best Collection]
SLPS-25033;Kaze no Klonoa 2 - Sekai ga Nozonda Wasuremono
SLPM-55167;Kazeiro Surf
SLPM-55166;Kazeiro Surf [Limited Edition]
SLPM-65889;Kazoku Keikaku - Kokoro no Kizuna
SLPM-62346;KEIEI SIMULATION - JURASSIC PARK
SLPM-62512;Keiei Simulation - Jurassic Park [Konami The Best]
SLPM-62097;Keisusaikan, The - Shinjuku 24 Hours
SCES-51200;Kelly Slater's Pro Surfer
SCES-51201;Kelly Slater's Pro Surfer
SLES-51200;Kelly Slater's Pro Surfer
SLES-51201;Kelly Slater's Pro Surfer
SLUS-20334;Kelly Slater's Pro Surfer
SLPM-65418;Kelly Slater's Pro Surfer 2003
SLPS-20058;Kengo
SCES-50114;Kengo - Master of Bushido
SLES-50114;Kengo - Master of Bushido
SLUS-20021;Kengo - Master of Bushido
SLPS-73002;Kengo [PlayStation 2 the Best]
SCPS-55020;Kengo 2
SLPS-25107;Kengo 2
SLPM-74412;Kengo 2 [PlayStation 2 The Best]
SLAJ-25049;Kengo 3
SLKA-25199;Kengo 3
SLPM-65700;Kengo 3
SLPM-74220;Kengo 3 [PlayStation 2 The Best]
SLPM-65974;Kenka Banchou
SLPM-66035;Kenka Banchou
SLPM-74221;Kenka Banchou [PlayStation 2 The Best]
SLPM-66632;Kenka Banchou 2 - Full Throttle
SLPS-73258;Kenka Banchou 2 - Full Throttle [PlayStation 2 the Best]
SCPS-15085;Kenran Butousai
SLPS-25004;Kensetsu Juuki Kenka Battle - Buchigire Kongou!!
SLPS-25319;Kero Kero King DX Plus
SLPS-25399;Keroro Gunsou - Mero Mero Battle Royale
SLPS-25568;Keroro Gunsou - Mero Mero Battle Royale [Bandai The Best]
SLPS-25575;Keroro Gunsou - Mero Mero Battle Royale Z
SCES-50018;Kessen
SCES-50019;Kessen
SCES-50020;Kessen
SLES-50018;Kessen
SLES-50019;Kessen
SLES-50020;Kessen
SLPM-65001;Kessen
SLPM-65030;Kessen
SLPM-74401;Kessen
SLUS-20098;Kessen
SLPM-65753;Kessen [Koei Collection Series]
SLPM-65015;Kessen 2
SLUS-20275;Kessen 2
SLUS-21119;Kessen 3
SCES-50578;Kessen II
SCES-50579;Kessen II
SCES-50580;Kessen II
SLES-50578;Kessen II
SLES-50579;Kessen II
SLES-50580;Kessen II
SLPM-67531;Kessen II
SLPM-74413;Kessen II
SLPM-66093;Kessen II [Koei Selection Series]
SCES-53119;Kessen III
SCES-53120;Kessen III
SCES-53121;Kessen III
SLAJ-25057;Kessen III
SLES-53119;Kessen III
SLES-53120;Kessen III
SLES-53121;Kessen III
SLPM-65781;Kessen III
SLPM-74223;Kessen III
SLPM-62573;Kessen III - Enjoy Disc
SLPM-74231;Kessen III [PlayStation 2 The Best]
KOEI-00021;Kessen III [Treasure Box]
SLPM-65780;Kessen III [Treasure Box]
SLPM-62012;Keyboard Mania
SLPM-65094;Keyboardmania 2nd & 3rd Mix
SLPS-25914;Kidou Senshi Gundam - Giren no Yabou - Axis no Kyoui V
SLPS-25959;Kidou Senshi Gundam - Giren no Yabou - Axis no Kyoui V [Gundam 30th Anniversary Collection]
SLPS-73268;Kidou Senshi Gundam - Giren no Yabou - Axis no Kyoui V [PlayStation 2 the Best]
SLPS-25062;Kidou Senshi Gundam - Meguriai Sora
SLPS-25061;Kidou Senshi Gundam - Ver. 1.5
SLPS-25485;Kidou Senshi Gundam - Ver. 1.5
SLPS-25900;Kidou Senshi Gundam 00 - Gundam Meisters
SLPS-25962;Kidou Senshi Gundam 00 - Gundam Meisters [Gundam 30th Anniversary Collection]
SLPS-25490;Kidou Senshi Gundam Giren no Yabou - Zeon Dokuritsu Sensouden / Kouryaku Shireisho [Gundam the Best]
SLPS-25569;Kidou Senshi Gundam SEED - Rengou vs Z.A.F.T.
SLPS-25961;Kidou Senshi Gundam SEED Destiny - Rengou vs Z.A.F.T. II Plus [Gundam 30th Anniversary Collection]
SLPS-73269;Kidou Senshi Gundam SEED Destiny - Rengou vs Z.A.F.T. II Plus [PlayStation 2 the Best]
PBPX-95522;Kidou Senshi Z Gundam - AEUG vs Titans
SLPN-40001;Kidou Senshi Z Gundam - AEUG vs Titans [PS2 Bundle]
SLPS-73234;Kidou Senshi Z-Gundam - AEUG vs Titans [PlayStation 2 The Best]
SLPS-25186;Kidou Shin Sangumi Moeyo Ken
SCES-54107;Kidz Sports - Basketball
SLES-54107;Kidz Sports - Basketball
SCES-54106;Kidz Sports - Ice Hockey
SLES-54106;Kidz Sports - Ice Hockey
SCES-52449;Kidz Sports Basketball
SLES-52449;Kidz Sports Basketball
SLUS-21653;Kiki Kai Kai
SLPM-62339;Kikou Heidai - J-Pheonix 2
SLPM-65343;Kikou Heidai - J-Pheonix 2
SLPS-20075;Kikou Heidan J-Phoenix - Joshou-hen
SLPM-65033;Kikou Heiden - J-Pheonix
SLPM-65117;Kikou Heiden J-Pheonix [Takara The Best]
SCES-52124;Kill Switch
SLES-52124;Kill Switch
SLUS-20706;Kill Switch
SCES-53366;Killer 7
SLES-53366;Killer 7
SLPM-65947;Killer 7
SLUS-21154;Killer 7
SLPM-66744;Killer 7 [CapKore]
SCED-52759;Killzone
SCED-52846;Killzone
SCES-52004;Killzone
SCES-52893;Killzone
SCKA-20048;Killzone
SCUS-97402;Killzone
SLES-52004;Killzone
SLES-52893;Killzone
SLPM-66151;Killzone
TCES-52004;Killzone
SCKA-20078;Killzone [BigHits Series]
SCED-52899;Killzone [Bonus Disc]
SCUS-97432;Killzone [Demo]
SCUS-97517;Killzone [Greatest Hits]
SCUS-97431;Killzone Public Beta V1.0
SCES-54388;Kim Possible - What's the Switch
SLES-54388;Kim Possible - What's the Switch
SLPM-65381;Kimagure Strawberry Cafe
SLPM-66934;Kimi ga Aruji de Shitsuji ga Oro de - Oshie Nikki
SLPM-66933;Kimi ga Aruji de Shitsuji ga Oro de - Oshie Nikki [Limited Edition]
SLPS-25850;KimiKiss [ebKore+]
SLPS-25643;Kimikisu
SLPM-66377;KimiStar - Kimi to Study
SLPM-66376;KimiStar - Kimi to Study [BGM Collection Package]
SLPM-66802;Kimore Hi no Namiki Michi [GN Software Best]
SCUS-97132;Kinetica
SCUS-97161;Kinetica [Demo]
SCES-52861;King Arthur
SLES-52861;King Arthur
SLUS-21046;King Arthur
SCES-53703;King Kong
SCES-53704;King Kong
SCES-53705;King Kong
SLES-53703;King Kong, Peter Jackson's - The Official Game of the Movie
SLES-53704;King Kong, Peter Jackson's - The Official Game of the Movie
SLES-53705;King Kong, Peter Jackson's - The Official Game of the Movie
SLPM-66211;King Kong, Peter Jackson's - The Official Game of the Movie
SLUS-21311;King Kong, Peter Jackson's - The Official Game of the Movie
SLES-54731;King of Clubs
SLPM-65206;King of Colosseum - Green
SLPM-65176;King of Colosseum - Red
SLPM-65602;King of Colosseum 2
SCES-53999;King of Fighters
SCES-52898;King of Fighters - Maximum Impact
SLES-52898;King of Fighters - Maximum Impact
SLUS-20923;King of Fighters - Maximum Impact
SLES-54255;King of Fighters - Maximum Impact 2
SLPS-25449;King of Fighters '94, The - Rebout
SLPS-25448;King of Fighters '94, The - Rebout [Special Pack]
SLPS-25783;King of Fighters '98, The - Ultimate Match
SLUS-21816;King of Fighters '98, The - Ultimate Match
SLUS-20834;King of Fighters 2000 & 2001 [Disc 1]
SLUS-20839;King of Fighters 2000 & 2001 [Disc 2]
SCES-52876;King of Fighters 2000-2001
SLES-52876;King of Fighters 2000-2001
SCPS-55049;King of Fighters 2000, The
SLPS-25156;King of Fighters 2000, The
SLPS-25429;King of Fighters 2000, The [SNK Best Collection]
SCAJ-20040;King of Fighters 2001, The
SLKA-25112;King of Fighters 2001, The
SLPS-25266;King of Fighters 2001, The
SLPS-25458;King of Fighters 2001, The [SNK Best Collection]
SLES-53381;King of Fighters 2002
SLUS-20995;King of Fighters 2002 & 2003 [Disc 1]
SLUS-20996;King of Fighters 2002 & 2003 [Disc 2]
SLKA-25275;King of Fighters 2002-2003, The
SCAJ-20074;King of Fighters 2002, The
SLPS-25347;King of Fighters 2002, The
SLPS-25573;King of Fighters 2002, The [SNK Best Collection]
SCES-53382;King of Fighters 2003
SLES-53382;King of Fighters 2003
SLPS-25407;King of Fighters 2003, The
SLPS-25635;King of Fighters 2003, The [SNK Best Collection]
SLUS-21365;King of Fighters 2006, The
SLUS-21554;King of Fighters Collection, The - The Orochi Saga
SLPS-25938;King of Fighters Maximum Impact Regulation A [SNK Best Collection]
SLPS-25712;King of Fighters Neowave [SNK the Best]
SLKA-25167;King of Fighters XI, The
SLPS-25660;King of Fighters XI, The
SLUS-21687;King of Fighters XI, The
SLPS-25789;King of Fighters XI, The [SNK Best Collection]
SLPS-25636;King of Fighters, The - Maximum Impact
SLKA-25406;King of Fighters, The - Maximum Impact - Regulation A
SLKA-25186;King of Fighters, The - Maximum Impact [Limited Edition]
SLPS-25609;King of Fighters, The - Maximum Impact 2
SLPS-25638;King of Fighters, The - Maximum Impact 2
SLPS-25779;King of Fighters, The - Maximum Impact 2 [SNK Best Collection]
SLPS-25386;King of Fighters, The - Maximum Impact Maniax
SLPS-25765;King of Fighters, The - Maximum Impact Regulation A
SLES-53999;King of Fighters, The - Neo Wave
SLPS-25525;King of Fighters, The - NeoWave
SLPS-25661;King of Fighters, The - Nests
SLPS-25865;King of Fighters, The - Nests [SNK the Best]
SLPS-25791;King of Fighters, The - Orochi Collection [NeoGeo Online Collection the Best]
SCES-51615;King of Route 66
SLUS-20522;King of Route 66
SLES-51615;King of Route 66, The
SLPS-25725;King's Field - Dark Side Box
SLPS-25057;King's Field 4
SCES-50920;King's Field IV
SLES-50920;King's Field IV
SLUS-20318;King's Field IV
SLUS-20353;King's Field IV - The Ancient City
SCED-51314;Kingdom Hearts
SCES-50967;Kingdom Hearts
SCES-50968;Kingdom Hearts
SCES-50969;Kingdom Hearts
SCES-50970;Kingdom Hearts
SCES-50971;Kingdom Hearts
SLES-50967;Kingdom Hearts
SLES-50968;Kingdom Hearts
SLES-50969;Kingdom Hearts
SLES-50970;Kingdom Hearts
SLES-50971;Kingdom Hearts
SLPS-25105;Kingdom Hearts
SLUS-20370;Kingdom Hearts
SCAJ-25004;Kingdom Hearts - Final Mix
SLAJ-25004;Kingdom Hearts - Final Mix
SLPS-25198;Kingdom Hearts - Final Mix
SLPS-25197;Kingdom Hearts - Final Mix [Limited Edition]
SCAJ-20149;Kingdom Hearts - Final Mix [Ultimate Hits]
SLPM-66123;Kingdom Hearts - Final Mix [Ultimate Hits]
SLUS-21799;Kingdom Hearts - Re- Chain of Memories
SLPM-66122;Kingdom Hearts [Ultimate Hits]
SCAJ-20164;Kingdom Hearts II
SCES-54114;Kingdom Hearts II
SCES-54232;Kingdom Hearts II
SCES-54233;Kingdom Hearts II
SCES-54234;Kingdom Hearts II
SCES-54235;Kingdom Hearts II
SLES-54114;Kingdom Hearts II
SLES-54232;Kingdom Hearts II
SLES-54233;Kingdom Hearts II
SLES-54234;Kingdom Hearts II
SLES-54235;Kingdom Hearts II
SLPM-66233;Kingdom Hearts II
SLUS-21005;Kingdom Hearts II
SCES-60971;Kingdom Hearts II - Final Mix +
SLPM-66675;Kingdom Hearts II - Final Mix +
SLPM-55020;Kingdom Hearts II - Final Mix + [Ultimate Hits]
SLPM-55019;Kingdom Hearts II [Ultimate Hits]
SCPS-55018;Kingdom of Scribbling
SLPM-55233;Kiniro no Corda - La Corda d'Oro [Koei Teiban Series]
SLPM-55249;Kiniro no Corda 2 [Koei the Best]
KOEI-20122;Kiniro no Corda 2 [Premium Box]
KOEI-20136;Kiniro no Corda 2 [Twin Pack with Encore]
SLPM-66835;Kiniro no Corda 2 Anchor
KOEI-20134;Kiniro no Corda 2 Encore [Premium Box]
SLPM-55248;Kiniro no Corda 3
KOEI-20175;Kiniro no Corda 3 [Premium Box]
KOEI-20176;Kiniro no Corda 3 [Treasure Box]
SLPM-65048;Kinniku Banzuke - Muscle Wars 21
SLPS-20369;Kinnikuman Generations
SLPS-73105;Kinnikuman Generations [PlayStation 2 The Best]
SLPS-25676;Kinnikuman Muscle Grand Prix Max
SLPS-25881;Kinnikuman Muscle Grand Prix Max 2 - Tokumori
SLPS-25248;Kino no Tabi - The Beautiful World
SLPS-25452;Kino no Tabi - The Beautiful World [MediaWorks Best]
SLPS-25570;Kino no Tabi 2 - The Beautiful World
SLPS-25754;Kino no Tabi 2 - The Beautiful World [Electric Shock SP]
SCUS-97116;Kiosk Demo Disc 2.01
SCUS-97127;Kiosk Demo Disc 2.02
SCUS-97156;Kiosk Demo Disc 2.03
SCUS-97174;Kiosk Demo Disc 2.04
SCUS-97200;Kiosk Demo Disc 2.05
SCUS-97218;Kiosk Demo Disc 2.06
SCUS-97227;Kiosk Demo Disc 2.07
SCUS-97261;Kiosk Demo Disc 2.08
SCUS-97270;Kiosk Demo Disc 2.09
SCUS-97321;Kiosk Demo Disc 2.10
SCUS-97324;Kiosk Demo Disc 2.11
SCUS-97383;Kiosk Demo Disc 2.12
SCUS-97422;Kiosk Demo Disc Q1-Q2 2005
SCUS-97407;Kiosk Demo Disc Q2-Q3 2004
SCUS-97423;Kiosk Demo Disc Q2-Q3 2005
SCUS-97557;Kiosk Demo Disc Q2-Q3 2006
SCUS-97428;Kiosk Demo Disc Q3-Q4 2004
SCUS-97424;Kiosk Demo Disc Q3-Q4 2005
SCUS-97421;Kiosk Demo Disc Q4-2004 - Q1-2005
SLPM-55133;Kira * Kira - Rock 'n' Roll Show
SLPM-55132;Kira * Kira - Rock 'n' Roll Show [First Print Limited Edition]
SLPM-66735;Kiruto - Anata to Tsumugu Yume to Koi no Dress
SLPM-66734;Kiruto - Anata to Tsumugu Yume to Koi no Dress [Limited Edition]
SLPM-66379;Kishin Houkou Demon Bane [Kadokawa The Best]
SLPM-65404;Kita He - Diamond Dust
SLPM-65734;Kita He - Diamond Dust [Hudson The Best]
SLPM-65569;Kita He - Diamond Dust + Kiss is Beginning
SLPM-62428;Kiwame Mahjong DXII - The 4th Mondo 21 Cup Competition
SLPM-62521;Kiwame Mahjong DXII - The 4th Mondo 21 Cup Competition [Athena Best Collection]
SCEE-50354;Klonoa 2 - Lunatea's Veil
SCES-50354;Klonoa 2 - Lunatea's Veil
SLES-50354;Klonoa 2 - Lunatea's Veil
SLUS-20151;Klonoa 2 - Lunatea's Veil
SLUS-28004;Klonoa 2 - Lunatea's Veil [Trade Demo]
SLPS-73404;Klonoa 2 [PlayStation 2 The Best]
SCES-51011;Knight Rider - The Game
SLES-51011;Knight Rider - The Game
SCES-52836;Knight Rider 2
SLES-52836;Knight Rider 2
SCES-52448;Knights of the Temple
SLES-52448;Knights of the Temple
SCES-53645;Knights of the Temple II
SLES-53645;Knights of the Temple II
SCES-50128;Knockout Kings 2001
SCES-50130;Knockout Kings 2001
SLES-50128;Knockout Kings 2001
SLES-50130;Knockout Kings 2001
SLPS-20095;Knockout Kings 2001
SLUS-20150;Knockout Kings 2001
SCES-50727;Knockout Kings 2002
SCES-50802;Knockout Kings 2002
SLES-50727;Knockout Kings 2002
SLES-50802;Knockout Kings 2002
SLPS-20191;Knockout Kings 2002
SLUS-20369;Knockout Kings 2002
SLPM-60106;Koei PlayStation 2 Line-Up [PlayStation Festival 2000]
SLPM-62368;Koei Sangokushi Special Save Data-shuu
SLPM-66583;Kohitsuji Hokaku Keakaku! Sweet Boys Life
SLPM-66582;Kohitsuji Hokaku Keakaku! Sweet Boys Life [Limited Edition]
SLPM-55068;Koihime Musou
SLPM-55067;Koihime Musou [First Print Limited Edition]
SLPM-55098;Koisuru Otome to Shugo no Tate - The Shield of AIGIS
ALCH-00016;Koisuru Otome to Shugo no Tate - The Shield of AIGIS [Limited Edition]
SLPM-66161;Kokoro no Tobira
SLPS-25349;Kokoro no Tobira
SLPS-25348;Kokoro no Tobira [Limited Edition]
SLPM-65646;Komorebi no Namikimichi - Utsurikawaru Kisetsu no Naka de
SLUS-29200;Konami Kids Playground
SLUS-21559;Konami Kids Playground - Alphabet Circus
SLUS-21556;Konami Kids Playground - Dinosaur Shapes & Colors
SLUS-21557;Konami Kids Playground - Frogger Hop, Skip & Jumpin' Fun
SLUS-21558;Konami Kids Playground - Toy Pals Fun with Numbers
SLPM-60104;Konami PlayStation 2 Taikenban [PlayStation Festival 2000]
SLUS-29125;Konami Preview Disc
SLPM-65628;Konhana Pack - 3tsu no Jikenbou [SuperLite 2000 Series]
SLPM-66700;Konjiki no Corda 2
SLPS-25596;Konjiki no Gashbell! - Go!Go! Mamodo Fight
SLPS-25594;Konjiki no Gashbell!! Go! Go! Mamono Fight!! [with MultiTap]
SLPS-25595;Konjiki no Gashbell!! Go! Go! Mamono Fight!! [with MultiTap]
SLPM-66153;Konneko - Keep a Memory Green
SLPM-66152;Konneko - Keep a Memory Green [Limited Edition]
SLPM-66695;Kono Aozora ni Yakusoku o - Melody of the Sun and Sea
ALCH-00010;Kono Aozora ni Yakusoku o - Melody of the Sun and Sea [Limited Edition]
SLPM-65925;Kono Haretasora no Shita de
SLPM-66182;Kono Haretasora no Shita de [Good Price]
SLPM-65924;Kono Haretasora no Shita de [Limited Edition]
SLPM-65133;Konohana 2
SLPM-65299;Konohana 3
SLPM-65690;Konohana 4 - Yami wo Harau Inori
SLPM-66361;Konohana 4 - Yami wo Harau Inori [Superlite 2000]
SLPS-25687;Korobotto Adventure
SLPS-20259;Kotoba no Puzzle - Mojipittan
SLPS-73101;Kotoba no Puzzle - Mojipittan [PlayStation 2 The Best]
SLPM-66332;Kouenji Onago Soccer
SLPM-66331;Kouenji Onago Soccer [1st Stage Limited Edition]
SCPS-15060;Koufuku Sousakan
SLPM-65466;Kousen Gaeri - Refrain
SLPS-20172;Koushien - Konpeki no Sora
SLPS-20269;Koushien - Konpeki no Sora [New Price]
SLPS-25006;Koushien Baseball
SLPS-20074;Kousoku Tanigawa Shogi
SLPM-66987;Kowloon Youma Gakuen Ki [Best Version]
SLPM-65652;Kowloon Youma Gakuenki
SLPM-65651;Kowloon Youma Gakuenki [Limited Edition]
SLPS-25729;Kujibibi Unbalance
SLPS-25728;Kujibiki Ambulance [Limited Edition]
SCPS-11031;Kumauta
SLUS-21757;Kung Fu Panda
SLPM-65447;Kunoichi
SLAJ-25031;Kunoichi - Shinobu
SCAJ-25026;Kunoichi Shinobi
SLAJ-25026;Kunoichi Shinobi
SCAJ-20078;Kuon
SCES-53411;Kuon
SLES-53411;Kuon
SLPS-25329;Kuon
SLUS-21007;Kuon
SLPM-66770;Kuon no Kizuna - Sairinsho [Best Version]
SLPS-25136;Kuon no Kizuna Sairin Mikotonori
SCES-50224;Kuri Kuri Mix
SLES-50224;Kuri Kuri Mix
SLPM-66900;Kuri no Okurimono
SLPM-66870;Kuri no Okurimono [First Print Special Edition]
SLPS-25013;Kurikuri Mix
SLPM-62042;Kurogane no Houkou - Warship Commander
SLPM-62678;Kurogane no Houkou - Warship Commander [Koei Selection Series]
SLPM-62406;Kurogane no Houkou - Warship Commander [Koei The Best]
SLPM-66321;Kurogane no Houkou - Warship Gunner 2
SLPM-65458;Kurogane no Houkou 2 - Warship Commander
SLPM-66972;Kurogane no Houkou 2 - Warship Commander [Koei Selection]
SLPM-66266;Kurogane no Houkou 2 - Warship Commander [Koei The Best]
SLPM-65474;Kurogane no Houkou 2 - Warship Commander [Limited Edition]
SLPM-65267;Kurogane no Houkou 2 - Warship Gunner
SLPM-66573;Kurogane no Houkou 2 - Warship Gunner [KOEI Selection]
SLPM-65978;Kurogane no Houkou 2 - Warship Gunner [Koei The Best]
SLPS-20046;Kuusen
SLPM-62177;Kuusen [Kadokawa The Best]
SLPM-62413;Kuusen 2
SCES-51473;Kya - Dark Lineage
SLES-51473;Kya - Dark Lineage
SLUS-20440;Kya - Dark Lineage
SLUS-28037;Kya - Dark Lineage [Trade Demo]
SLPS-25663;Kyo Kara Maoh! The 1st trip of Maoh!
SLPS-25662;Kyo Kara Maoh! The 1st trip of Maoh! [Premium Box]
SLPS-25802;Kyou Kara Maou! Shin Ma-Kuni no Kyuujitsu
SLPS-25801;Kyou Kara Maou! Shin Ma-Kuni no Kyuujitsu [Limited Edition]
SLPM-65626;Kyoufu Shinbun [Heisei-Han] Kaiki! Shinrei File [Konami The Best]
SLPM-65342;Kyoufu Shinbun [Heisei] Kaiki! Shinrei File
SLPM-62538;Kyoushuu Kidou Butai - Kougeki Helicopter Senki
TCPS-10095;Kyoushuu Kidou Butai - Kougeki Helicopter Senki
SLPM-62658;Kyoushuu Kidou Butai - Kougeki Helicopter Senki [Taito The Best]
SLPM-65272;KYUUKETSU HIME YUI SENYASYO
SLPM-66919;Kyuuketsu Kitan Moonties
SLPM-66511;Kyuuryuu Youma Gakuenki Re-charge
SLPM-55009;L no Kisetsu 2 - Invisible Memories
SLUS-21112;L.A. Rush
SCES-53221;l'Entraineur 5
SLES-53221;l'Entraineur 5
SLPM-55191;L2 - Love x Loop
SLPM-55190;L2 - Love x Loop [Limited Edition]
SLPM-66424;La Corda D'oro [Koei the Best]
SLPM-65566;La Corda d'Oro [Premium Box]
SLPS-20165;La Pucelle
SLPS-20167;La Pucelle
SLPM-64522;La Pucelle
SLPS-20398;La Pucelle - Hikari no Seijyo Densetsu Nijuu
SLUS-20847;La Pucelle - Tactics
SCES-52978;La Pucelle Tactics
SLES-52978;La Pucelle Tactics
SCES-53419;LA Rush
SLES-53419;LA Rush
SCES-50351;Lake Masters EX
SLES-50351;Lake Masters EX
SLPS-20103;Lake Masters EX Super
SLPS-20180;Lake Masters EX Super [Reprint]
SLPS-20043;Lake Masters Fishing EX
SLPM-66083;LAMUNE - GARASU-BIN NI UTURU UMI [Limited Edition]
SLPM-62689;Langrisser III
TCPS-10123;Langrisser III
SLES-51227;Lara Croft Tomb Raider - The Angel of Darkness [Platinum]
SCES-51093;Largo Winch - Empire Under Threat
SLES-51093;Largo Winch - Empire Under Threat
SLUS-21440;LarryBoy and the Bad Apple
SLES-54669;Lassie
SLPS-25958;Last Escort - Club Katze
SLPS-25957;Last Escort - Club Katze [Limited Edition]
SLPS-25591;Last Escort - Shinya no Kokuchou Monogatari
SLPS-25673;Last Escort - The Black Butterfly Special Night
SLPS-25845;Last Escort 2 - Shiya no Amai Ira
SLPS-25844;Last Escort 2 - Shiya no Amai Ira [Gorgeous Version]
SLUS-20207;Le Mans - 24 Hours
SCES-50131;Le Mans 24 Hours
SLES-50131;Le Mans 24 Hours
SLPM-62128;Le Mans 24 Hours
SCED-50450;Le Monde des Bleus 2002
SCES-51040;Le Monde des Bleus 2003
SLES-51040;Le Monde des Bleus 2003
SCES-52430;Le Monde des Bleus 2005
SLES-52430;Le Monde des Bleus 2005
SLES-50370;Le Tour de France
SCES-53902;Leaderboard Golf
SLES-53902;Leaderboard Golf
SCES-51718;League Series Baseball 2
SLES-51718;League Series Baseball 2
SCES-51087;Leeds United - Club Football
SLES-51087;Leeds United - Club Football
SLUS-20024;Legacy of Kain - Blood Omen 2
SCES-52150;Legacy of Kain - Defiance
SLES-52150;Legacy of Kain - Defiance
SLUS-20773;Legacy of Kain - Defiance
SLUS-20165;Legacy of Kain - Soul Reaver 2
PAPX-90225;Legaia - Duel Saga - Special Disc
SCES-50891;Legaia 2 - Duel Saga
SCPS-15020;Legaia 2 - Duel Saga
SLES-50891;Legaia 2 - Duel Saga
SLUS-20414;Legaia 2 - Duel Saga
SLUS-20045;Legend of Alon Dar, The
SCES-52244;Legend of Herkules
SLES-52244;Legend of Herkules
SCES-52931;Legend of Kay
SLES-52931;Legend of Kay
SLUS-21248;Legend of Kay
SLES-55123;Legend of Sayuki
SCES-54359;Legend of Spyro
SLES-54359;Legend of Spyro, The - A New Beginning
SLUS-21372;Legend of Spyro, The - A New Beginning
SLUS-21820;Legend of Spyro, The - Dawn of the Dragon
SLUS-21607;Legend of Spyro, The - The Eternal Night
SLUS-21612;Legend of the Dragon
SCES-50107;Legends of Wrestling
SCPM-64514;Legends of Wrestling
SLES-50107;Legends of Wrestling
SLUS-20242;Legends of Wrestling
SCES-52579;Legends of Wrestling - Showdown
SLES-52579;Legends of Wrestling - Showdown
SLUS-20507;Legends of Wrestling 2
SCES-51045;Legends of Wrestling II
SLES-51045;Legends of Wrestling II
SLUS-20048;Legion - Legend of Excalibur
SCES-50273;Legion - The Legend of Excalibur
SLES-50273;Legion - The Legend of Excalibur
SLPS-25427;Legions Gekitou! Saga Battle
SLUS-21785;LEGO Batman
SLPS-25908;LEGO Batman - The Videogame
SCES-51303;LEGO Dome Racers
SLES-51303;LEGO Dome Racers
SCES-50937;LEGO Football Mania
SLES-50937;LEGO Football Mania
SLUS-21759;LEGO Indiana Jones - The Original Adventures
SCES-51153;LEGO Island - Extreme Stunts
SLES-51153;LEGO Island - Extreme Stunts
SCES-50443;LEGO Racers 2
SLES-50443;LEGO Racers 2
SLPM-62204;LEGO Racers 2
SLUS-20042;LEGO Racers 2
TCPS-10053;LEGO Racers 2
SCES-53194;LEGO Star Wars
SLES-53194;LEGO Star Wars
SLUS-21083;LEGO Star Wars
SLPS-20423;LEGO Star Wars - The Video Game
SCES-54221;LEGO Star Wars II - The Original Trilogy
SLES-54221;LEGO Star Wars II - The Original Trilogy
SLPM-66572;LEGO Star Wars II - The Original Trilogy
SLUS-21409;LEGO Star Wars II - The Original Trilogy
SCES-52643;Leisure Suit Larry - Magna Cum Laude
SCES-52644;Leisure Suit Larry - Magna Cum Laude
SLES-52643;Leisure Suit Larry - Magna Cum Laude
SLES-52644;Leisure Suit Larry - Magna Cum Laude
SLUS-20956;Leisure Suit Larry - Magna Cum Laude
SCES-52641;Leisure Suit Larry - Magna Cum Laude - Uncut
SLES-52641;Leisure Suit Larry - Magna Cum Laude - Uncut
SCES-52642;Leisure Suit Larry - Magne cum Laude
SCES-52645;Leisure Suit Larry - Magne cum Laude
SLES-52642;Leisure Suit Larry - Magne cum Laude
SLES-52645;Leisure Suit Larry - Magne cum Laude
SLPM-62465;LeMans 24 Hours [Sega The Best]
SCES-54145;Lemmings
SLES-54145;Lemmings
SCES-52809;Lemony Snicket - Schauriger Schlamassel
SLES-52809;Lemony Snicket - Schauriger Schlamassel
SCES-52807;Lemony Snicket's A Series of Unfortunate Events
SCES-52808;Lemony Snicket's A Series of Unfortunate Events
SCES-52825;Lemony Snicket's A Series of Unfortunate Events
SLES-52807;Lemony Snicket's A Series of Unfortunate Events
SLES-52808;Lemony Snicket's A Series of Unfortunate Events
SLES-52825;Lemony Snicket's A Series of Unfortunate Events
SLUS-21078;Lemony Snicket's A Series of Unfortunate Events
SCES-52810;Lemony Snicket's Una Serie Disfortunati Eventi
SLES-52810;Lemony Snicket's Una Serie Disfortunati Eventi
SCES-52015;Les Chevaliers de Baphomet
SLES-52015;Les Chevaliers de Baphomet
SCPS-11028;Let's Bravo Music
SLPM-65853;Let's Make a Baseball Team 3
SCES-54151;Let's Make a Soccer Team!
SLES-54151;Let's Make a Soccer Team!
SLUS-21309;Let's Ride - Silver Buckle Stables
SLUS-20386;Lethal Skies - Elite Pilot - Team SW
SCES-51886;Lethal Skies 2
SLES-51886;Lethal Skies 2
SLUS-20735;Lethal Skies 2
SCES-50892;Lethal Skies Elite Pilot - Team SW
SLES-50892;Lethal Skies Elite Pilot - Team SW
SLUS-20848;LifeLine - Voice Action Adventure
SLPM-65887;Like Life an Hour
SLPM-66500;Like Life an Hour [Best Version]
GUST-00005;Lilie no Atelier Plus - Salberg no Renkinjutsushi 3 [Limited Edition]
SLPM-65116;Lilie no Atelier Plus - Salburg no Renkinjutsushi 3
SLPS-25153;Lilo and Stitch - Stitch no Daibouken
PBPX-95501;Linux [for PlayStation 2] Beta 1.0
LDTL-00001;Linux [for PlayStation 2] Release 1.0
LDTL-00003;Linux [for PlayStation 2] Release 1.0
LDTL-00004;Linux [for PlayStation 2] Release 1.0
SCPS-17501;Linux [for PlayStation 2] Release 1.0
PBPX-95507;Linux [for PlayStation 2] Release 1.0 [Disc 1] [Runtime Environment]
PBPX-95509;Linux [for PlayStation 2] Release 1.0 [Disc 1] [Runtime Environment]
PBPX-95508;Linux [for PlayStation 2] Release 1.0 [Disc 2] [Software Packages]
PBPX-95510;Linux [for PlayStation 2] Release 1.0 [Disc 2] [Software Packages]
SLPS-25579;Little Aid
SLPS-25929;Little Anchor
SLPS-25928;Little Anchor [Limited Edition]
SLES-54494;Little Britain - The Video Game
SLPM-55203;Little Busters! Converted Edition
SLPM-62151;Live GI Stable 2
SLPM-62002;Live World Soccer 2000
SLPM-62075;Live World Soccer 2001
SLPM-62169;Live World Soccer 2002
SCES-51076;Liverpool FC - Club Football
SLES-51076;Liverpool FC - Club Football
SCES-52652;Liverpool FC - Club Football 2005
SCES-52653;Liverpool FC - Club Football 2005
SLES-52652;Liverpool FC - Club Football 2005
SLES-52653;Liverpool FC - Club Football 2005
SCES-53594;Living World Racing
SLES-53594;Living World Racing
SCES-50546;LMA Manager 2002
SLES-50546;LMA Manager 2002
SCES-51023;LMA Manager 2003
SLES-51023;LMA Manager 2003
SCES-51456;LMA Manager 2004
SLES-51456;LMA Manager 2004
SCES-52693;LMA Manager 2005
SLES-52693;LMA Manager 2005
SCES-54225;LMA Manager 2007
SLES-54225;LMA Manager 2007
SLES-53923;London Cab Challenge
SCES-53654;London Racer - Destruction Madness
SLES-53654;London Racer - Destruction Madness
SCES-50955;London Racer 2
SLES-50955;London Racer 2
SCES-51580;London Racer World Challenge
SLES-51580;London Racer World Challenge
SCES-53566;London Taxi - Rushour
SLES-53566;London Taxi - Rushour
SCES-51794;Looney Toons - Back in Action
SLES-51794;Looney Toons - Back in Action
SLUS-21636;Looney Tunes - Acme Arsenal
SLUS-20853;Looney Tunes - Back in Action
SLUS-20352;Looney Tunes Space Race
SLPM-62463;Loop Sequencer - Music Generator
SCES-50988;Lord of the Rings
SCES-51252;Lord of the Rings
SCES-51253;Lord of the Rings
SCES-51254;Lord of the Rings
SCES-51255;Lord of the Rings
SCES-51256;Lord of the Rings
SCES-52017;Lord of the Rings
SCES-52018;Lord of the Rings
SCES-52019;Lord of the Rings
SCES-52020;Lord of the Rings
SCES-52021;Lord of the Rings
SCES-52801;Lord of the Rings
SCES-52802;Lord of the Rings
SCES-52803;Lord of the Rings
SCES-52804;Lord of the Rings
SCES-52805;Lord of the Rings
SLAJ-25051;Lord of the Rings - The Third Age
SLPM-67546;Lord of the Rings - The Two Towers
SLPS-29003;Lord of the Rings - The Two Towers [Collector's Box]
SLES-52017;Lord of the Rings, The - Return of the King
SLES-52019;Lord of the Rings, The - Return of the King
SLES-52018;Lord of the Rings, The - Return of the King [Der Herr der Ringe, Die Ruckkehr des Konigs]
SLUS-20520;Lord of the Rings, The - The Fellowship of the Ring
SLES-50988;Lord of the Rings, The - The Fellowship of the Ring [Der Herr der Ringe - Die Gefahrten]
SLES-52020;Lord of the Rings, The - The Return of the King
SLES-52021;Lord of the Rings, The - The Return of the King
SLPM-65503;Lord of the Rings, The - The Return of the King
SLPM-67005;Lord of the Rings, The - The Return of the King
SLUS-20770;Lord of the Rings, The - The Return of the King
SLPM-65727;Lord of the Rings, The - The Return of the King [EA Best Hits]
SLES-52801;Lord of the Rings, The - The Third Age
SLES-52802;Lord of the Rings, The - The Third Age
SLES-52804;Lord of the Rings, The - The Third Age
SLES-52805;Lord of the Rings, The - The Third Age
SLUS-21027;Lord of the Rings, The - The Third Age
SLES-52803;Lord of the Rings, The - The Third Age [Der Herr der Ringe - Das dritte Zeitalter]
SLES-51252;Lord of the Rings, The - The Two Towers
SLES-51255;Lord of the Rings, The - The Two Towers
SLPS-29004;Lord of the Rings, The - The Two Towers
SLUS-20578;Lord of the Rings, The - The Two Towers
SLES-51254;Lord of the Rings, The - The Two Towers [Der Herr der Ringe - Die Zwei Turme]
SLES-51256;Lord of the Rings, The - The Two Towers [El Senor de Los Anillos - Las Dos Torres]
SLES-51253;Lord of the Rings, The - The Two Towers [Seigneur des Anneaux - Les Deux Tours]
SLPM-65846;Lord of the Rings, The - Uchitsu Kuni Daisanki
SLPM-65592;Lost Aya Sophia
SLPM-65591;Lost Aya Sophia [Limited Edition]
SLPM-65389;Lost Passage
SLPM-65388;Lost Passage [Limited Edition]
SCES-50230;Lotus Challenge
SLES-50230;Lotus Challenge
SLPS-20247;Lotus Challenge
SLPM-66727;Love Drops
SLPM-65292;Love Hina Gorgeous - Chiratto Happening!!
SLPM-65285;Love Hina Gorgeous [First Limited Edition]
SLPM-65394;Love Smash! 5
SLPM-65698;Love Songs - ADV Futaba Riho 14-sai Natsu
SLPM-65017;Love Songs - Idol is my Classmate
SLPM-65016;Love Songs [Limited Edition]
SLPM-65738;Love Songs Adv - Futaba Riho 19 Sai
SLPM-60101;Love Story [Demo]
SLPM-65002;Love Story [Disc 1]
SLPM-65003;Love Story [Disc 2]
SLPM-66470;Love-Com - Punch de Court
SLPM-66469;Love-Com - Punch de Court [Limited Edition]
SLPM-55010;LoveDrops [Best Selection]
SLPM-65969;Lovely Doll - Lovely Idol
SLPM-65968;Lovely Doll - Lovely Idol [Limited Edition]
SLPM-55149;Loveroot Zero - Kiss Kiss * Labyrinth
SLPS-20245;Low Rider
SLUS-20676;Lowrider
SLPM-55257;Lucian Bee's - Evil Violet
SLPM-55256;Lucian Bee's - Justice Yellow
SLPM-55194;Lucian Bee's - Resurrection Supernova
SLPM-66874;Lucky Star
SLPM-60282;Lucky Star - RAvish Romance
SLPM-66873;Lucky Star [DX Pack]
SCKA-20056;LuluRara - Powered by Zillerner [with USB microphone]
SCKA-20072;LuluRara 2 [with USB microphone]
SLES-54336;Lumines Plus
SLUS-21553;Lumines Plus
SLPS-25030;Lunatic Dawn - Tempest
SLPS-25430;Lupin III - Columbus no Isan wa Akenisomar
SLPS-25740;Lupin III - Lupin ni wa Shi o, Zenigata ni wa Koi o
SLPS-25171;Lupin III - Majutsu no Isan
SLPS-73419;Lupin III - Majutsu-Ou no Isan [PlayStation 2 The Best]
SLUS-20683;Lupin the 3rd - Treasure of the Sorcerer King
SLUS-21703;Luxor - Pharaoh's Challenge
SLUS-21875;M&M's Adventure
SLUS-21411;M2 Rock
SLPM-65941;Mabino Style
SLPM-66489;Mabino Style [2800 Collection]
SLPM-65940;Mabino x Style
SCES-51653;Mace Griffin - Bounty Hunter
SCES-51654;Mace Griffin - Bounty Hunter
SLES-51653;Mace Griffin - Bounty Hunter
SLES-51654;Mace Griffin - Bounty Hunter
SLUS-20505;Mace Griffin - Bounty Hunter
SLPM-62066;MACHI-ING MAKER
SLUS-20376;Mad Maestro
SCES-50770;Mad Maestro!
SLES-50770;Mad Maestro!
SCES-53227;Madagascar
SCES-53242;Madagascar
SCES-53246;Madagascar
SCES-53373;Madagascar
SLES-53227;Madagascar
SLES-53242;Madagascar
SLES-53246;Madagascar
SLES-53373;Madagascar
SLPS-20426;Madagascar
SLUS-21015;Madagascar
SLUS-21840;Madagascar - Escape 2 Africa
SLPM-66204;Madden NFL '06
SLUS-21213;Madden NFL '06
SCES-54248;Madden NFL '07
SLES-54248;Madden NFL '07
SLPM-66600;Madden NFL '07
SLUS-21476;Madden NFL '07
SLUS-21477;Madden NFL '07 [Hall of Fame Edition]
SLPM-66837;Madden NFL '08
SLUS-21638;Madden NFL '08
SLUS-21770;Madden NFL '09
SLUS-21893;Madden NFL '10
SCES-50021;Madden NFL 2001
SLES-50021;Madden NFL 2001
SLPS-20065;Madden NFL 2001
SLUS-20093;Madden NFL 2001
SCES-50422;Madden NFL 2002
SLES-50422;Madden NFL 2002
SLPS-25079;Madden NFL 2002
SLUS-20263;Madden NFL 2002
SCES-51154;Madden NFL 2003
SLES-51154;Madden NFL 2003
SLPS-25157;Madden NFL 2003
SLUS-20529;Madden NFL 2003
SCES-51797;Madden NFL 2004
SLES-51797;Madden NFL 2004
SLUS-20752;Madden NFL 2004
SCES-52581;Madden NFL 2005
SLES-52581;Madden NFL 2005
SLUS-21000;Madden NFL 2005
SLUS-21025;Madden NFL 2005 [Special Collectors Edition]
SCES-53510;Madden NFL 2006
SLES-53510;Madden NFL 2006
SLPM-65798;Madden NFL Superbowl 2005
SLES-54444;Made Man
SLUS-21587;Made Man
SLPM-62077;Maestro Music 2, The
SLPM-62078;Maestro Music 2, The
SCES-52278;Mafia
SCES-52279;Mafia
SCES-52280;Mafia
SCES-52282;Mafia
SLES-52278;Mafia
SLES-52279;Mafia
SLES-52280;Mafia
SLES-52282;Mafia
SLUS-20671;Mafia
SCED-53176;Magazine Ufficiale PlayStation 2 Demo 03/2005
SCED-53070;Magazine Ufficiale PlayStation 2 Demo 2005/01 ITA
SCED-53933;Magazine Ufficiale PlayStation 2 Demo Italia 01/2006
SCED-54090;Magazine Ufficiale PlayStation 2 Demo Italia 03/2006
SCED-51652;Magazine Ufficiale PlayStation 2 Demo Italia 04/03
SCED-54180;Magazine Ufficiale PlayStation 2 Demo Italia 05/2006
SCED-51752;Magazine Ufficiale PlayStation 2 Demo Italia 06/03
SCED-54314;Magazine Ufficiale PlayStation 2 Demo Italia 07-2006
SCED-51836;Magazine Ufficiale PlayStation 2 Demo Italia 07/03
SCED-51111;Magazine Ufficiale PlayStation 2 Demo Italia 08/02
SCED-51880;Magazine Ufficiale PlayStation 2 Demo Italia 08/03
SCED-51173;Magazine Ufficiale PlayStation 2 Demo Italia 09/02
SCED-51894;Magazine Ufficiale PlayStation 2 Demo Italia 09/03
SCED-54069;Magazine Ufficiale PlayStation 2 Demo Italia Special Racing
SCED-54543;Magazine Ufficiale PlayStation 2 Demo Special Cinema
SCED-52186;Magazine Ufficiale PlayStation 2 Italia 01/04 Demo
SCED-51411;Magazine Ufficiale PlayStation 2 Italia 02/03
SCED-54149;Magazine Ufficiale PlayStation 2 Italia 04/2006
SCED-52443;Magazine Ufficiale PlayStation 2 Italia 05/04
SCED-52580;Magazine Ufficiale PlayStation 2 Italia 06/04
SCED-54208;Magazine Ufficiale PlayStation 2 Italia 06/2006
SCED-52619;Magazine Ufficiale PlayStation 2 Italia 08/04
SCED-52855;Magazine Ufficiale PlayStation 2 Italia 09/04
SCED-53294;Magazine Ufficiale PlayStation 2 Italia 10/2005 - Italian Demo
SCED-52981;Magazine Ufficiale PlayStation 2 Italia 11/04
SCED-52057;Magazine Ufficiale PlayStation 2 Italia 12/03
SCED-52272;Magazine Ufficiale PlayStation 2 Italia Demo 02/04
SCED-52354;Magazine Ufficiale PlayStation 2 Italia Demo 03/04
SCED-53947;Magazine Ufficiale PlayStation 2 Italia Demo Speciale Horror
SCED-54602;Magazine Ufficiale PlayStation 2 Italia Speciale Wrestling
SCED-53516;Magazine Ufficiale PlayStation 2 Italian Demo 61 07/05
SCED-52183;Magazine Ufficiale PlayStation 2 Platinum Speciale 2003
SCED-53905;Magazine Ufficiale PlayStation 2 Special Sports Demo
SCED-52795;Magazine Ufficiale PlayStation 2 Speciale di Corso
SCED-53043;Magazine Ufficiale PlayStation 2 Speciale Platinum Italia
SLUS-20593;Magic Pengel - The Quest for Color
SLPM-65870;Magic Teacher Negima - Honor Version
SLPM-66258;Magic Teacher Negima - Honor Version [Konami The Best]
SLPM-65871;Magic Teacher Negima - Scholarship Version
SLPM-65457;Magical Nurse Witch Komugi-chan
SLPM-65456;Magical Nurse Witch Komugi-chan [Limited Edition]
SLPM-62293;Magical Pachinko Cotton - Pachinko Juuki Simulation
SLPS-20036;Magical Sports - 2000 Koushien
SLPS-20037;Magical Sports - Go Go Golf
SLPS-20098;Magical Sports - Hard Hitter
SLPS-20205;Magical Sports - Hard Hitter [NewPrice]
SLPS-20173;Magical Sports - Hard Hitter 2
SLPS-20270;Magical Sports - Hard Hitter 2 [New Price]
SLPS-20097;Magical Sports - Koshien
SLPS-20111;Magical Sports - Pro Baseball 2001
SLPS-20244;Magical Sports 2000 Koushien [NewPrice]
SLPS-20204;Magical Sports 2001 Koushien [NewPrice]
SLPM-65965;Magical Tale - Chitchana Mahoutsukai
SLPM-65964;Magical Tale - Chitchana Mahoutsukai [Limited Edition]
SLPS-25775;Magician's Academy, The
SLUS-20609;Magix Music Maker
SLUS-21034;Magix Music Maker [Deluxe Edition]
SCES-53767;Magna Carta
SCKA-20043;Magna Carta
SLES-53767;Magna Carta
SLPS-25401;Magna Carta
SLUS-21221;Magna Carta - Tears of Blood
SLPS-73216;Magna Carta [PlayStation 2 The Best]
SLUS-28053;Magna Carta [Trade Demo]
SCES-53483;Magne Carta
SCES-53949;Magne Carta
SLES-53483;Magne Carta
SLES-53949;Magne Carta
SLPS-20041;Mahjong Goku Taisei
SLPM-62629;Mahjong Haoh - Battle Royal
SLPM-62772;Mahjong Haoh - Battle Royal [Mycom Best]
SLPM-62782;Mahjong Haoh - Dankyuu Battle II [MyCom Best]
SLPM-62755;Mahjong Haoh - Shinken Battle [Mycom The Best]
SLPS-20134;Mahjong Haou - Jansou Battle
SLPS-20327;Mahjong Haou - Jansou Battle [Mycom Best]
SLPS-20224;Mahjong Haou - Kaikyuu Battle
SLPS-20313;Mahjong Haou - Taikai Battle
SLPS-20371;Mahjong Haou Shinken Battle
SLPS-20310;Mahjong Hiryu Densetsu - Tenpai
SLPM-62725;Mahjong Hoah - Shinken Battle II
SLPS-20349;Mahjong Party - Duel with The Idol
SCAJ-10010;Mahjong Party - Play Mahjong with Swimsuit Beauty
SLPM-62781;Mahjong San Goku Shi [MyCom Best]
SLPS-20407;Mahjong Sangokushi
SLPM-62030;Mahjong Sengen Kyoujin de Ron!
SLPM-62683;Mahjong Taikai Battle [Mycom The Best]
SLPM-62003;Mahjong Taikai III
SLPM-62191;Mahjong Taikai III
SLPM-62639;Mahjong Taikai III - Millennium League [Koei Selection Series]
SLPM-62004;Mahjong Yarouze 2
SLPM-62064;Mahjong Yarouze! 2
SLPM-62531;Mahjong Yarouze! 2 [Konami Palace Selection]
SLPM-66751;Mahoroba Stories
SLPM-65333;Mahoromatic Automatic Maiden
SLPM-65332;Mahoromatic Automatic Maiden [Limited Edition]
SLPS-20280;Mahou no Pumpkin
SLPM-64073;Mahou Sensei Negima! 1-Jikanme ~Okochama Sensei wa Mahoutsukai!~ [Konami the Best]
SLPM-66062;Mahou Sensei Negima! Gold Medal
SLPM-66329;Mahou Sensei Negima! Kagai Jugyou
SLPM-66063;Mahou Sensei Negima! Silver Medal
SLPM-66259;Mahou Sensei Negima! Silver Medal [Konami The Best]
SLPM-66164;Mahou Tsukai Kurohime
SLPS-25508;Mai-Hime - The Another
SLPS-25614;Mai-Hime - Unmei no Keitouju [Best Collection]
SLPS-25507;Mai-Hime [Limited Edition]
SLPS-25681;Mai-Kinoto Hime
SLPS-25680;Mai-Kinoto Hime [Limited Edition]
SLPM-62273;Mai-Shin 3
SLPM-62609;Majhong Haoh - Shinken Battle [Mycom The Best]
SLPM-55031;Majin Tantei Nougami Neuro - Battle de Yo!
SLPM-55030;Majin Tantei Nougami Neuro - Battle de Yo! [Limited Edition]
SLPM-66755;Majommusume - A La Mode II
SLPS-25435;Majommusume A La Mode
SLPS-25432;Majommusume A La Mode [Magical Box]
SLPM-66990;Majommusume A La Mode II [Best Version]
SLUS-21035;Major League Baseball 2K5
SLUS-21324;Major League Baseball 2K5 [World Series Edition]
SLPM-66451;Major League Baseball 2K6
SLPM-66829;Major League Baseball 2K7
SLUS-21561;Major League Baseball 2K7
SLPM-55109;Major League Baseball 2K8
SLUS-21729;Major League Baseball 2K8
SLPS-25930;Major League Baseball 2K9
SLUS-21871;Major League Baseball 2K9
SLPM-65367;Makai Eiyuuki Maximo - Machine Monster no Yabou
SLUS-21170;Makai Kingdom - Chronicles of the Sacred Tome
SCES-53690;Makai Kingdon - Chronicle of the Sacred Stone
SLES-53690;Makai Kingdon - Chronicle of the Sacred Stone
SLPS-20251;Makai Senki Disaea
SLPS-20250;Makai Senki Disaea [Limited Edition]
SCAJ-10001;Makai Senki Disgaea
SLPS-73103;Makai Senki Disgaea [PlayStation 2 The Best]
SLPS-25608;Makai Senki Disgaea 2
SLPS-25607;Makai Senki Disgaea 2 [Limited Edition]
SLPM-65329;Makai Tensei
SLPS-20177;Make Your Dream Home
SLPS-25043;Maken Shao
SCES-51058;Maken Shao - Demon Sword
SLES-51058;Maken Shao - Demon Sword
SLPM-65144;MAKEN SHAO [ATLUS BEST COLLECTION]
SLPS-25042;Maken Shao [Limited Edition]
SCES-52413;Malice
SLES-52413;Malice
SLUS-20358;Malice
SLUS-20544;Malice
SLPS-20061;Mamimune * Mogacho no Print Hour
SLES-55443;Mana Khemia - Alchemists of Al-Revis
SLUS-21735;Mana Khemia - Alchemists of Al-Revis
SLUS-21890;Mana Khemia 2 - Fall of Alchemy
SLPM-55005;Mana Khemia 2 - Ochita Gakuen to Renkinjutsushi Tachi
SLPM-55114;Mana Khemia 2 - Ochita Gakuen to Renkinjutsushi Tachi [Gust Best Price]
GUST-00010;Mana Khemia 2 - Ochita Gakuen to Renkinjutsushi Tachi [Premium Box]
SLPM-66748;Mana-Khemia - Gakuen no Renkinjutsu Shitachi
SLPM-66994;Mana-Khemia - Gakuen no Renkinjutsu Shitachi [Best Version]
GUST-00009;Mana-Khemia - Gakuen no Renkinjutsushi-tachi [Premium Box]
SCES-50550;Manager de Liga 2002
SLES-50550;Manager de Liga 2002
SLPM-66895;Manea Sugoroku - Kabukuro
SCES-52023;Manhunt
SLES-52023;Manhunt
SLUS-20827;Manhunt
SLES-54819;Manhunt 2
SLUS-21613;Manhunt 2
SLPM-65934;Maple Colors
SCES-53459;Marc Ecko's Getting Up - Contents Under Pressure
SLES-53459;Marc Ecko's Getting Up - Contents Under Pressure
SLKA-25331;Marc Ecko's Getting Up - Contents Under Pressure
SLUS-21032;Marc Ecko's Getting Up - Contents Under Pressure
SCES-50853;Marcel DeSaily Pro Football
SLES-50853;Marcel DeSaily Pro Football
SLPM-66630;Marheaven - Arm Fight Dream [Konami the Best]
SLPM-66156;Marheaven Arm Fight Dream
SCES-51749;Mark Davis Pro Bass Challenge
SLES-51749;Mark Davis Pro Bass Challenge
SLUS-20646;Mark Davis Pro Bass Challenge
SLUS-21294;Mark Ecko's Getting Up - Contents Under Pressure [Special Edition]
SLES-51164;Mark of Kri
SCUS-97222;Mark of Kri [Demo]
SCES-51164;Mark of Kri, The
SCUS-97140;Mark of Kri, The
SCUS-97201;Mark of Kri, The
SLPS-20129;Marl de Jigsaw
SLPS-20284;Marl de Jigsaw
SLPM-65997;Mars of Destruction
SLPM-65996;Mars of Destruction [Limited Edition]
SLUS-21910;Marvel - Super Hero Squad
SCES-54123;Marvel - Ultimate Alliance
SLES-54123;Marvel - Ultimate Alliance
SLUS-21374;Marvel - Ultimate Alliance
SLUS-21879;Marvel - Ultimate Alliance 2
SCES-53585;Marvel Nemesis - Rise of the Imperfects
SLES-53585;Marvel Nemesis - Rise of the Imperfects
SLKA-25311;Marvel Nemesis - Rise of the Imperfects
SLUS-21281;Marvel Nemesis - Rise of the Imperfects
SLUS-29156;Marvel Nemesis - Rise of the Imperfects [Demo]
SCES-51174;Marvel vs Capcom 2
SLES-51174;Marvel vs Capcom 2
SLPM-62227;Marvel vs Capcom 2
SLPM-64523;Marvel vs Capcom 2
SLUS-20486;Marvel vs Capcom 2
CPCS-01004;Marvel vs Capcom 2 [Modem Pack]
SLUS-20603;Mary-Kate & Ashley - Sweet Sixteen - Licensed to Drive
SCES-50882;Mary-Kate and Ashley - Sweet 16
SLES-50882;Mary-Kate and Ashley - Sweet 16
SCES-52446;Mashed
SLES-52446;Mashed
SCES-53152;Mashed Fully Loaded
SLES-53152;Mashed Fully Loaded
SLPS-25302;Masked Rider - Geneology of Justice
SCES-52295;Master Chess
SLES-52295;Master Chess
SCES-50906;Master Rally
SLES-50906;Master Rally
SCES-53035;Masters of the Universe - He-Man - Defender of Greyskull
SLES-53035;Masters of the Universe - He-Man - Defender of Greyskull
SCES-50870;Mat Hoffman's Pro BMX 2
SCES-50871;Mat Hoffman's Pro BMX 2
SCES-50872;Mat Hoffman's Pro BMX 2
SLES-50870;Mat Hoffman's Pro BMX 2
SLES-50871;Mat Hoffman's Pro BMX 2
SLES-50872;Mat Hoffman's Pro BMX 2
SLPM-65417;Mat Hoffman's Pro BMX 2003
SLPM-66141;Matantei Loki Ragnarok Mayoukaku
TCPS-10114;Matantei Loki Ragnarok Mayoukaku
SLPS-20469;Matching Maker 2
SCES-53462;Matrix
SCES-53759;Matrix
SCES-53799;Matrix
SLAJ-25072;Matrix, The - Path of Neo
SLES-53462;Matrix, The - Path of Neo
SLES-53759;Matrix, The - Path of Neo
SLES-53799;Matrix, The - Path of Neo
SLUS-21273;Matrix, The - Path of Neo
SLPM-66177;Matrix,The - Path of Neo
SLUS-20335;Matt Hoffman's Pro BMX 2
SLUS-28014;Matt Hoffman's Pro BMX 2 [Trade Demo]
SCPS-11027;Mawaza
SCES-50325;Max Payne
SCES-50326;Max Payne
SLES-50325;Max Payne
SLES-50326;Max Payne
SLPS-25244;Max Payne
SLUS-20230;Max Payne
SLUS-20814;Max Payne 2 - Fall of Max Payne
SCES-51954;Max Payne 2 - The Fall of Max Payne
SCES-52336;Max Payne 2 - The Fall of Max Payne
SCES-52337;Max Payne 2 - The Fall of Max Payne
SCES-52338;Max Payne 2 - The Fall of Max Payne
SLES-51954;Max Payne 2 - The Fall of Max Payne
SLES-52256;Max Payne 2 - The Fall of Max Payne
SLES-52336;Max Payne 2 - The Fall of Max Payne
SLES-52337;Max Payne 2 - The Fall of Max Payne
SLES-52338;Max Payne 2 - The Fall of Max Payne
SCES-50703;Maximo
SLES-50703;Maximo
SLPM-62127;Maximo
SLUS-20017;Maximo - Ghosts to Glory [Beta]
SLPM-74004;Maximo - Ghosts to Glory [PlayStation 2 The Best]
SCES-51759;Maximo vs Army of Zin
SLES-51759;Maximo vs Army of Zin
SLUS-20722;Maximo vs Army of Zin
SLUS-29083;Maximo vs The Army of Zin [Demo]
SCES-51622;Maxxed Out Racing
SLES-51622;Maxxed Out Racing
SCES-51863;Maze Action
SLES-51863;Maze Action
SCPM-85101;McDonald's Original Happy Disc
SLUS-20657;McFarlane Evil Prophecy
SCES-52710;McFarlane's Evil Prophecy
SLES-52710;McFarlane's Evil Prophecy
SCES-50248;MDK 2 - Armageddon
SLES-50248;MDK 2 - Armageddon
SLUS-20105;MDK 2 - Armageddon
SLPS-20031;Mechsmith, The - Run-Dim
SLPM-66079;MEDAL OF HONOR - EUROPA KYOUSHUU
SLPM-55037;Medal of Honor - Europa Kyoushuu [EA:SY! 1980]
SCES-53332;Medal of Honor - European Assault
SCES-53334;Medal of Honor - European Assault
SCES-53335;Medal of Honor - European Assault
SCES-53336;Medal of Honor - European Assault
SLES-53332;Medal of Honor - European Assault
SLES-53334;Medal of Honor - European Assault
SLES-53335;Medal of Honor - European Assault
SLES-53336;Medal of Honor - European Assault
SLKA-25243;Medal of Honor - European Assault
SLUS-21199;Medal of Honor - European Assault
SLPM-66514;Medal of Honor - European Assault [EA Best Hits]
SCES-50684;Medal of Honor - Frontline
SCES-50846;Medal of Honor - Frontline
SLES-50684;Medal of Honor - Frontline
SLES-50846;Medal of Honor - Frontline
SLUS-20368;Medal of Honor - Frontline
SLPM-65648;Medal of Honor - Frontline [EA Best Hits]
SLPM-66963;Medal of Honor - Frontline [EA-SY! 1980]
SLPS-25151;Medal of Honor - Jishousaidai no Sakusen
SCES-53333;Medal of Honor - Les Faucons de Guerre
SLES-53333;Medal of Honor - Les Faucons de Guerre
SCES-51873;Medal of Honor - Rising Sun
SCES-51874;Medal of Honor - Rising Sun
SCES-51875;Medal of Honor - Rising Sun
SCES-51876;Medal of Honor - Rising Sun
SLES-51873;Medal of Honor - Rising Sun
SLES-51874;Medal of Honor - Rising Sun
SLES-51875;Medal of Honor - Rising Sun
SLES-51876;Medal of Honor - Rising Sun
SLPM-65469;Medal of Honor - Rising Sun
SLPM-67004;Medal of Honor - Rising Sun
SLUS-20753;Medal of Honor - Rising Sun
SLPM-65757;Medal of Honor - Rising Sun [EA Best Hits]
SLPM-55002;Medal of Honor - Rising Sun [EA:SY! 1980]
SLPM-66613;Medal of Honor - Rising Sun & Frontline [EA Best Hits]
SLAJ-25095;Medal of Honor - Vanguard
SLES-54683;Medal of Honor - Vanguard
SLPM-66752;Medal of Honor - Vanguard
SLUS-21597;Medal of Honor - Vanguard
SLPM-55076;Medal of Honor - Vanguard [EA:SY! 1980]
SCES-50845;Medal of Honour - Frontline
SLES-50845;Medal of Honour - Frontline
SLPS-25526;Medical 91
SLUS-20833;MegaMan Anniversary Collection
SCES-52832;MegaMan X - Command Mission
SLES-52832;MegaMan X - Command Mission
SLUS-20903;MegaMan X - Command Mission
SLUS-21370;MegaMan X Collection
SCES-51885;MegaMan X7
SLES-51885;MegaMan X7
SLUS-20487;MegaMan X7
SCES-52988;MegaMan X8
SLES-52988;MegaMan X8
SLUS-20960;MegaMan X8
SLPM-65684;Meine Liebe - Yuubinaru Kioku
SLPM-66076;Meine Liebe - Yuubinaru kioku [Konami the Best]
SLPM-66247;Meine Liebe II - Hokori to Seigi to Ai
SLPM-66667;Meine Liebe II [Konami Palace Selection]
SLPS-25588;Meitantei Conan - Daiei Teikoku no Isan [Bandai The Best]
SLPM-66574;Meitantei Evangelion
SLPM-65642;Meiwaku Seijin Panic Maker
SLPM-66438;Melty Blood - Act Cadenza
SLPM-55184;Melty Blood - Actress Again
SLPM-55183;Melty Blood - Actress Again [First Print Limited Edition]
SLPS-25144;Memorial Song
SCPS-55041;Memories Off
SLPM-65858;Memories Off - After Rain Vol.1
SLPM-65857;Memories Off - After Rain Vol.1 [Special Edition]
SLPM-65903;Memories Off - After Rain Vol.2 Souen
SLPM-65902;Memories Off - After Rain Vol.2 Souen [Special Edition]
SLPM-65939;Memories Off - After Rain Vol.3
SLPM-65938;Memories Off - After Rain Vol.3 [Special Edition]
SLPS-25226;Memories Off - Duet
SLPS-25278;Memories Off - Mix
SLPM-66353;Memories Off - Sorekara Again
SLPM-66352;Memories Off - Sorekara Again [Limited Edition]
SLPM-66571;Memories Off #5 - Togireta [Superlite 2000 Series]
SLPM-66147;Memories Off #5 - Togireta Film
SLPM-66146;Memories Off #5 - Togireta Film [Limited Edition]
SLPM-66791;Memories Off #5 Encore
CF00-15022;Memories Off #5 Encore [Limited Edition]
SLPM-55197;Memories Off 6 - Next Relation
SLPM-66988;Memories Off 6 - T-Wave
SLPM-66273;Memories Off After Rain Vol.1 - Ensou [Superlite 2000]
SLPM-66282;Memories Off After Rain Vol.2 - Souen [Superlite 2000]
SLPM-55101;Memories Off Duet - 1st & 2nd Stories [Renai Game Selection]
SLPM-55100;Memories Off Sorekara [Renai Game Selection]
SLPM-65610;Memories Off... - Sorekara
SLPM-65609;Memories Off... - Sorekara [Limited Edition]
SLPM-65664;Memories Off... Duet [SuperLite 2000 Series]
SLPM-65765;Men at Work! 3
SLPM-65764;Men at Work! 3 [Limited Edition]
SLUS-20373;Men in Black 2 - Alien Escape
SCES-51881;Mercedes Bens World Racing
SLES-51881;Mercedes Bens World Racing
SCES-52588;Mercenaries
SCES-52590;Mercenaries
SLES-52588;Mercenaries
SLES-52590;Mercenaries
SLPM-65942;Mercenaries
SLUS-20932;Mercenaries - Playground of Destruction
SLUS-29137;Mercenaries [Demo]
SLPM-66465;Mercenaries [EA Best Hits]
SLPM-55110;Mercenaries 2 - World in Flames
SLUS-21650;Mercenaries 2 - World in Flames
SLPM-55230;Mercenaries 2 - World in Flames [EA:SY! 1980]
SLUS-21548;Mercury Meltdown - Remix
SCES-54432;Mercury Meltdown Remix
SLES-54432;Mercury Meltdown Remix
SLPM-65291;Merge Marginal
SLPM-65290;Merge Marginal [Limited Edition]
SLPS-25696;Mermaid Prism
SLPS-25684;Mermaid Prism [Limited Edition]
SLPM-65737;Meshimase Roman Sabou
SCES-51758;Metal Arms - Glitch in the System
SLES-51758;Metal Arms - Glitch in the System
SLUS-20786;Metal Arms - Glitch in the System
SLUS-29081;Metal Arms - Glitch in the System [Demo]
SLPM-66796;Metal Gear Solid - 20th Anniversary Collection
SLUS-20543;Metal Gear Solid 2
SCES-50383;Metal Gear Solid 2 - Sons of Liberty
SCES-50385;Metal Gear Solid 2 - Sons of Liberty
SLES-50383;Metal Gear Solid 2 - Sons of Liberty
SLES-50385;Metal Gear Solid 2 - Sons of Liberty
SLPM-65078;Metal Gear Solid 2 - Sons of Liberty
SLUS-20144;Metal Gear Solid 2 - Sons of Liberty
SLPM-66792;Metal Gear Solid 2 - Sons of Liberty [20th Anniversary Edition]
ULKS-25471;Metal Gear Solid 2 - Sons of Liberty [Big Hit Series]
SLUS-29003;Metal Gear Solid 2 - Sons of Liberty [Demo]
SLED-50117;Metal Gear Solid 2 - Sons of Liberty [Demo] [Zone of the Enders Bonus Disc]
SLPM-74255;Metal Gear Solid 2 - Sons of Liberty [PlayStation 2 the Best]
SLPM-74256;Metal Gear Solid 2 - Sons of Liberty [PlayStation 2 the Best]
SLPM-65077;Metal Gear Solid 2 - Sons of Liberty [Premium Package]
SLPM-68503;Metal Gear Solid 2 - Sons of Liberty [Shareholder Edition]
SLPM-62043;Metal Gear Solid 2 - Sons of Liberty [Trial Version]
SLES-82009;Metal Gear Solid 2 - Substance
SLPM-67002;Metal Gear Solid 2 - Substance
SLUS-20554;Metal Gear Solid 2 - Substance
SLPM-67008;Metal Gear Solid 2 - Substance [Konami Dendou Collection]
SLPM-74901;Metal Gear Solid 2 - Substance [PlayStation 2 the Best]
SLPM-65754;Metal Gear Solid 2 [Konami Dendou Collection]
SLPM-66503;Metal Gear Solid 2 [Mega Hits]
SLES-82010;Metal Gear Solid 2, Document of
SLES-82013;Metal Gear Solid 3 - Snake Eater
SLES-82024;Metal Gear Solid 3 - Snake Eater
SLES-82026;Metal Gear Solid 3 - Snake Eater
SLES-82032;Metal Gear Solid 3 - Snake Eater
SLKA-25251;Metal Gear Solid 3 - Snake Eater
SLPM-65790;Metal Gear Solid 3 - Snake Eater
SLUS-20915;Metal Gear Solid 3 - Snake Eater
SLPM-66794;Metal Gear Solid 3 - Snake Eater [20th Anniversary Edition]
ULKS-25472;Metal Gear Solid 3 - Snake Eater [Big Hit Series]
SLPM-74257;Metal Gear Solid 3 - Snake Eater [PlayStation 2 the Best]
SLPM-74258;Metal Gear Solid 3 - Snake Eater [PlayStation 2 the Best]
SLPM-65789;Metal Gear Solid 3 - Snake Eater [Premium Pack]
SLPM-68516;Metal Gear Solid 3 - Snake Eater [Shareholder Edition]
SLES-82042;Metal Gear Solid 3 - Subsistance [Disc 1]
SLES-82044;Metal Gear Solid 3 - Subsistance [Disc 1]
SLES-82046;Metal Gear Solid 3 - Subsistance [Disc 1]
SLES-82048;Metal Gear Solid 3 - Subsistance [Disc 1]
SLES-82050;Metal Gear Solid 3 - Subsistance [Disc 1]
SLES-82052;Metal Gear Solid 3 - Subsistance [Disc 1]
SLES-82043;Metal Gear Solid 3 - Subsistance [Disc 2]
SLES-82045;Metal Gear Solid 3 - Subsistance [Disc 2]
SLES-82047;Metal Gear Solid 3 - Subsistance [Disc 2]
SLES-82049;Metal Gear Solid 3 - Subsistance [Disc 2]
SLES-82051;Metal Gear Solid 3 - Subsistance [Disc 2]
SLES-82053;Metal Gear Solid 3 - Subsistance [Disc 2]
SLKA-25353;Metal Gear Solid 3 - Subsistance [Limited Edition] [Disc 1]
SLKA-25354;Metal Gear Solid 3 - Subsistance [Limited Edition] [Disc 2]
SLUS-21243;Metal Gear Solid 3 - Subsistence
SLPM-66223;Metal Gear Solid 3 - Subsistence [Disc 1]
SLPM-66224;Metal Gear Solid 3 - Subsistence [Disc 2]
SLPM-66220;Metal Gear Solid 3 - Subsistence [First Print Limited Edition] [Disc1of3]
SLPM-66221;Metal Gear Solid 3 - Subsistence [First Print Limited Edition] [Disc2of3]
SLPM-66222;Metal Gear Solid 3 - Subsistence [First Print Limited Edition] [Disc3of3]
SLUS-21359;Metal Gear Solid 3 - Subsistence [Limited Edition] [Disc2of3]
SLUS-21360;Metal Gear Solid 3 - Subsistence [Limited Edition] [Disc3of3]
SLPM-66117;Metal Gear Solid 3 - Subsistence [with Headset]
SLPM-66118;Metal Gear Solid 3 - Subsistence [with Headset]
SLPM-66119;Metal Gear Solid 3 - Subsistence [with Headset]
SLUS-21293;Metal Saga
SLPM-65868;Metal Saga - Chain of Cloud
SLPM-74226;Metal Saga - Sajin no Kusari [PlayStation 2 The Best]
SLPS-25788;Metal Slug [SNK Best Collection]
SCAJ-20021;Metal Slug 3
SCES-52599;Metal Slug 3
SLES-52599;Metal Slug 3
SLKA-25049;Metal Slug 3
SLPS-25209;Metal Slug 3
SLPS-25428;Metal Slug 3 [SNK Best Collection]
SLPS-25650;Metal Slug 3D
SCES-53380;Metal Slug 4
SLES-53380;Metal Slug 4
SLPS-25376;Metal Slug 4
SLPS-25571;Metal Slug 4 [SNK Best Collection]
SLUS-20971;Metal Slug 4 & 5 [Disc 1]
SLUS-20990;Metal Slug 4 & 5 [Disc 2]
SLKA-25287;Metal Slug 4&5
SCES-53383;Metal Slug 5
SLES-53383;Metal Slug 5
SLPS-25495;Metal Slug 5
SLPS-25634;Metal Slug 5 [SNK Best Collection]
SLPS-25674;Metal Slug 6
SLES-54677;Metal Slug Anthology
SLUS-21550;Metal Slug Anthology
SLKA-25333;Metal Slug Complete
SLPS-25762;Metal Slug Complete
SLPS-25937;Metal Slug Complete [SNK Best Collection]
SLPM-65553;Metal Wolf Rev
SLPM-65552;Metal Wolf Rev [Limited Edition]
SCES-51162;Metropolismania
SLES-51162;Metropolismania
SLUS-20377;Metropolismania
SLES-54898;MetropolisMania 2
SLUS-21606;Metropolismania 2
SLPS-25253;Mezamashi Telebi 10th Anniversary - Kyo-no Wanko
SLPS-20110;Mezase! Meimon Yakyuubu 2
SLPS-20179;Mezase! Meimon Yakyuubu 2 [Reprint]
SCES-52853;Miami Vice
SLES-52853;Miami Vice
SLPM-65480;Michigan
SLES-53073;Michigan - Report from Hell
SCES-50620;Micro Machines
SCES-50820;Micro Machines
SLES-50620;Micro Machines
SLES-50820;Micro Machines
SLUS-20472;Micro Machines
SCES-53668;Micro Machines v4
SLES-53668;Micro Machines v4
SLUS-21402;Micro Machines v4
SCES-50054;Midnight Club
SLES-50054;Midnight Club
SCES-50071;Midnight Club - Street Racing
SLES-50071;Midnight Club - Street Racing
SLPS-20068;Midnight Club - Street Racing
SLUS-20063;Midnight Club - Street Racing
SLPM-62189;MIDNIGHT CLUB - STREET RACING [SYSCOM GAME GALLERY]
SCES-51054;Midnight Club 2
SLES-51054;Midnight Club 2
SCES-52942;Midnight Club 3 - DUB Edition
SLES-52942;Midnight Club 3 - DUB Edition
SLUS-21029;Midnight Club 3 - DUB Edition
SCES-53717;Midnight Club 3 - DUB Edition Remix
SLES-53717;Midnight Club 3 - DUB Edition Remix
SLUS-21355;Midnight Club 3 - DUB Edition Remix
SLUS-20209;Midnight Club II
SCES-51927;Midway Arcade Treasures
SCES-52343;Midway Arcade Treasures
SLES-51927;Midway Arcade Treasures
SLES-52343;Midway Arcade Treasures
SLUS-20801;Midway Arcade Treasures
SLPM-66467;Midway Arcade Treasures - The Game Center of USA
SCES-52844;Midway Arcade Treasures 2
SLES-52844;Midway Arcade Treasures 2
SLUS-20997;Midway Arcade Treasures 2
SCES-53666;Midway Arcade Treasures 3
SLES-53666;Midway Arcade Treasures 3
SLUS-21094;Midway Arcade Treasures 3
SLPS-25031;Might and Magic - Day of the Destroyer
SLPM-66407;Mighty Heart
SLUS-20345;Mike Tyson - Heavyweight Boxing
SCES-50396;Mike Tyson Heavyweight Boxing
SLES-50396;Mike Tyson Heavyweight Boxing
SLPM-66052;Miko Mai - Eien no Omoi
SCED-52355;Military Multi Demo
SLPS-20255;Million God
SCES-53569;Mini Mini Desktop Racing
SLES-53569;Mini Mini Desktop Racing
SLPS-25467;Minna Daisuki Katamaki Damacy
SCAJ-20135;Minna Daisuki Katamari Damacy
SCKA-20051;Minna Daisuki Katamari Damacy
SLPS-73241;Minna Daisuki Katamari Damacy [PlayStation 2 The Best]
SCPS-15016;Minna no Golf 3
SCPS-72002;Minna no Golf 3 [Mega Hits!]
SCAJ-20059;Minna no Golf 4
SCPS-15059;Minna no Golf 4
SCAJ-20094;Minna no Golf 4 [PlayStation 2 The Best]
SCAJ-20194;Minna no Golf 4 [PlayStation 2 the Best]
SCPS-19301;Minna no Golf 4 [PlayStation 2 The Best]
SCPS-19319;Minna no Golf 4 [PlayStation 2 The Best]
SCPS-15049;Minna no Golf Online
SCPS-15071;Minna no Golf Online
PCPX-98042;Minna no Tennis
SCAJ-20181;Minna no Tennis
SCPS-15113;Minna no Tennis
SCPS-19332;Minna no Tennis [PlayStation 2 the Best]
SCES-51230;Minority Report
SCES-51317;Minority Report
SCES-51318;Minority Report
SLES-51230;Minority Report
SLES-51317;Minority Report
SLES-51318;Minority Report
SLUS-20331;Minority Report - Everybody Runs
TCES-10001;Mirage
SLPM-65973;Mirai Shounen Conan
SLPS-25051;Missing Blue
SLPS-25365;Missing Blue [Best Price]
SLPS-25039;Missing Blue [First Limited Edition]
SLPS-25340;Missing Parts - Side B
SLPS-25301;Missing Parts - The Tantei Stories - Side A
SLPM-66768;Missing Parts - The Tantei Stories - Side A [Best Version]
SLPM-66769;Missing Parts - The Tantei Stories - Side B [Best Version]
SCES-52001;Mission Impossible - Operation Surma
SLES-52001;Mission Impossible - Operation Surma
SLPM-65529;Mission Impossible - Operation Surma
SLUS-20400;Mission Impossible - Operation Surma
SLUS-20375;Mister Mosquito
SLPM-66381;Mitsu x Mitsu Drops - Love x Love Honey Life
SLPM-66380;Mitsu x Mitsu Drops - Love x Love Honey Life [Limited Edition]
SLPM-65841;Mizuiro [Best]
SLPS-25191;Mizuiro Light Blue
SCAJ-20084;MLB '04
SCKA-20071;MLB '06 - The Show
SCUS-97500;MLB '06 - The Show
SCUS-97503;MLB '06 - The Show [Demo]
SCUS-97556;MLB '07 - The Show
SCUS-97568;MLB '07 - The Show [Demo]
SCUS-97583;MLB '08 - The Show
SCUS-97644;MLB '09 - The Show
SCUS-97653;MLB '10 - The Show
SCPS-15051;MLB 2003
SCPS-15068;MLB 2004
SCUS-97256;MLB 2004
SCUS-97257;MLB 2004 [Demo]
SCUS-97326;MLB 2005
SCUS-97327;MLB 2005 [Demo]
SCUS-97347;MLB 2006
SCUS-97460;MLB 2006 [Demo]
SLUS-21235;MLB 2k6
SLUS-21671;MLB Power Pros
SLUS-21748;MLB Power Pros 2008
SLUS-20889;MLB Slugfest - Loaded
SLUS-20049;MLB Slugfest 2003
SLUS-20618;MLB Slugfest 2004
SLUS-21342;MLB Slugfest 2006
SCES-51698;Mobile Light Force 2
SLES-51698;Mobile Light Force 2
SLUS-20608;Mobile Light Force 2
SLPS-20300;Mobile Suit - Gundam Seed
SLPS-25020;Mobile Suit Gundam
SLKA-25364;Mobile Suit Gundam - Climax U.C.
SLUS-20740;Mobile Suit Gundam - Encounters in Space
SCES-51271;Mobile Suit Gundam - Federation vs Zeon
SLES-51271;Mobile Suit Gundam - Federation vs Zeon
SLUS-20382;Mobile Suit Gundam - Federation vs Zeon
SLKA-25268;Mobile Suit Gundam - Gundam vs Z-Gundam
SLPS-25419;Mobile Suit Gundam - Gundam vs Z-Gundam
SLUS-20821;Mobile Suit Gundam - Gundam vs Zeta Gundam
SLUS-20175;Mobile Suit Gundam - Journey to Jaburo
SLKA-25035;Mobile Suit Gundam - Lost War Chronicles
SLPS-25123;Mobile Suit Gundam - Lost War Chronicles
SLPS-25486;Mobile Suit Gundam - Lost War Chronicles [Gundam the Best]
SLPS-25122;Mobile Suit Gundam - Lost War Chronicles [Limited Edition]
SLPS-25487;Mobile Suit Gundam - Megurial Sora [Gundam the Best]
SLPS-25060;Mobile Suit Gundam - Megurial Sora [Limited Edition]
SLPS-25478;Mobile Suit Gundam - One Year War
SLKA-25255;Mobile Suit Gundam - Seed - Never Ending Tomorrow
SLKA-25165;Mobile Suit Gundam - Seed Destiny - Rengou vs Z.A.F.T. II Plus
SLUS-20233;Mobile Suit Gundam - Zeonic Front
SLPS-25627;Mobile Suit Gundam Climax U.C.
SLUS-21140;Mobile Suit Gundam Seed - Never Ending Tomorrow
SLPS-25718;Mobile Suit Gundam Seed Destiny - Rengou vs Z.A.F.T. II Plus
SLPS-25485;Mobile Suit Gundam Ver.1.5 [Gundam the Best]
SLPS-25305;Mobile Suit Z Gundam - AEUG vs Titans
SCES-50253;Modern Groove - Ministry of Sound Edition
SLES-50253;Modern Groove - Ministry of Sound Edition
SLPS-25956;Moe Moe 2-Ji Daisenryaku 2
SLPS-25955;Moe Moe 2-Ji Daisenryaku 2 [Premium Edition]
SLPS-25896;Moe Moe 2-ji Daisenryaku Deluxe
SLPS-25977;Moe Moe 2-ji Daisenryaku Deluxe [SystemSoft Selection]
SLPM-65425;Moekko Company
SLPM-65424;Moekko Company [Limited Edition]
SCPS-11033;Mojib-Ribbon
SCES-52111;Mojo!
SLES-52111;Mojo!
SLUS-20741;Mojo!
SLPM-62555;Momotaro Densetsu
SLPM-74102;Momotaro Densetsu 12 [PlayStation 2 The Best]
SLPM-62702;Momotaro Densetsu 15
SLPM-62750;Momotaro Densetsu 16
SLPM-62266;Momotaro Densetsu XI
SLPM-62475;Momotaro Densetsu XI [Hudson The Best]
SLPM-62416;Momotaro Densetsu XII - West Japan Hen
SLPM-74103;Momotaro Dentetsu USA [PlayStation 2 The Best]
SLPM-62117;Momotaro Train X
SLPM-74104;Momotarou Densetsu 15 [PlayStation 2 the Best]
SLPM-74105;Momotarou Dentetsu 16 [PlayStation 2 the Best]
SLPM-55200;Momotsuki - Koufuu no Misasagi-Ou
SLES-51614;Monde des Bleus 2004
SCES-51614;Monde des Bleus 2004, Le - Nouvelle Generation
SCES-50229;Monkey Island 4
SLES-50229;Monkey Island 4
SLPS-20381;Monkey Turn V
SLPS-20428;Monkey Turn V [Bandai the Best]
SLPM-65682;Monochrome
SLPM-65681;Monochrome [Limited Edition]
SLPM-55103;Monochrome Factor - Cross Road
SLUS-21753;Monopoly
SLPS-20281;Monopoly - Mezase!! Daifugou Jinsei!!
SCES-51145;Monopoly Party
SLES-51145;Monopoly Party
SLUS-20348;Monopoly Party
SLUS-20796;Monster 4x4 - Masters of Metal
SCES-51856;Monster Attack
SLES-51856;Monster Attack
SLPM-62286;MONSTER BASS
SLPS-25035;Monster Farm 3
SCAJ-20037;Monster Farm 4
SLPS-25263;Monster Farm 4
SLPS-73423;Monster Farm 4 [PlayStation 2 The Best]
SLPS-25585;Monster Farm 5
SCES-54215;Monster House
SCES-54216;Monster House
SCES-54217;Monster House
SLES-54215;Monster House
SLES-54216;Monster House
SLES-54217;Monster House
SLUS-21400;Monster House
SCES-52707;Monster Hunter
SLES-52707;Monster Hunter
SLPM-65495;Monster Hunter
SLUS-20896;Monster Hunter
TLES-52707;Monster Hunter
SLED-53083;Monster Hunter [Demo]
SLUS-29110;Monster Hunter [Public Beta Vol.1 - Ver.1.01]
SLPM-66280;Monster Hunter 2
CPCS-01020;Monster Hunter 2 [DX Hunters Box]
SLPM-74245;Monster Hunter 2 [PlayStation 2 the Best]
SLPM-65869;Monster Hunter G
SLKA-25219;Monster Hunter G
SLPM-74248;Monster Hunter G [PlayStation 2 the Best]
SLUS-21635;Monster Jam
SCES-50908;Monster Jam - Maximum Destruction
SLES-50908;Monster Jam - Maximum Destruction
SLUS-20186;Monster Jam - Maximum Destruction
SLUS-21807;Monster Jam - Urban Assault
SLES-55169;Monster Lab
SLUS-21838;Monster Lab
SLUS-20190;Monster Rancher 3
SLUS-20702;Monster Rancher 4
SLUS-21330;Monster Rancher 5
SCES-53005;Monster Trux - Off-Road Edition
SLES-53005;Monster Trux - Off-Road Edition
SCES-54110;Monster Trux Arenas [Special Edition]
SLES-54110;Monster Trux Arenas [Special Edition]
SCES-52750;Monster Trux Extreme
SLES-52750;Monster Trux Extreme
SCES-50598;Monsterit Oy
SLES-50598;Monsterit Oy
SCES-50596;Monsters Inc.
SCES-50597;Monsters Inc.
SCES-50599;Monsters Inc.
SCES-50601;Monsters Inc.
SCES-50602;Monsters Inc.
SCES-50604;Monsters Inc.
SCES-50605;Monsters Inc.
SLES-50596;Monsters Inc.
SLES-50597;Monsters Inc.
SLES-50599;Monsters Inc.
SLES-50601;Monsters Inc.
SLES-50602;Monsters Inc.
SLES-50604;Monsters Inc.
SLES-50605;Monsters Inc.
SCES-50603;Monstruos S.A - La Isla de los Sustos
SLES-50603;Monstruos S.A - La Isla de los Sustos
SLPS-20008;Morita Shogi
SCES-54156;Mortal Kombat - Armageddon
SLES-54156;Mortal Kombat - Armageddon
SLUS-21410;Mortal Kombat - Armageddon
SLUS-21543;Mortal Kombat - Armageddon [Kollector's Edition]
SCES-50717;Mortal Kombat - Deadly Alliance
SLES-50717;Mortal Kombat - Deadly Alliance
SLUS-20423;Mortal Kombat - Deadly Alliance
SCES-52705;Mortal Kombat - Deception
SCES-52706;Mortal Kombat - Deception
SLES-52705;Mortal Kombat - Deception
SLES-52706;Mortal Kombat - Deception
SLUS-20881;Mortal Kombat - Deception
SLUS-21081;Mortal Kombat - Deception [Premium Pack]
SLUS-21101;Mortal Kombat - Deception [Premium Pack]
SCES-53524;Mortal Kombat - Shaolin Monks
SLES-53524;Mortal Kombat - Shaolin Monks
SLUS-21087;Mortal Kombat - Shaolin Monks
SCAJ-20032;Mosquito - Let's Go Hawaiian
SCPS-19101;Mosquito [PlayStation 2 The Best]
SLPS-25243;Motion Gravure Series - Harumi Nemoto
SLPS-25241;Motion Gravure Series - Hiroko Mori
SLPS-25240;Motion Gravure Series - Megumi
SLPS-25242;Motion Gravure Series - Tomomi Kitagawa
SLPS-20040;Moto GP
SLUS-20058;Moto GP
SCPS-51001;Moto GP 2
SLPS-20155;Moto GP 2
SLUS-20285;Moto GP 2
SCAJ-20013;Moto GP 3
SCES-50982;Moto GP 3
SLES-50982;Moto GP 3
SLUS-20625;Moto GP 3
SCES-52892;Moto GP 4
SLES-52892;Moto GP 4
SLUS-21159;Moto GP 4
SLPS-25204;Moto GP3
SCES-53092;Motocross Mania 3
SLES-53092;Motocross Mania 3
SLUS-21229;Motocross Mania 3
SCES-50034;MotoGP
SLES-50034;MotoGP
SLPM-66867;MotoGP '07
SLUS-21688;MotoGP '07
SLUS-21811;MotoGP '08
SLES-55266;MotoGP 08
SCES-50409;MotoGP 2
SLES-50409;MotoGP 2
SCED-51669;MotoGP 3
SCAJ-20151;MotoGP 4
SLPS-25561;MotoGP 4
SCES-50438;Motor Mayhem
SLES-50438;Motor Mayhem
SLUS-20171;Motor Mayhem - Vehicular Combat League
SCES-52518;Motorbike King
SLES-52518;Motorbike King
SCES-51605;Motorsiege - Warriors of Prime Time
SLES-51605;Motorsiege - Warriors of Prime Time
SCUS-97654;Motorstorm - Arctic Edge
SCES-55573;MotorStorm Arctic Edge
SLPS-20183;Motto Golful Golf
SLPM-55287;Moujuutsukai to Oujisama
SLPM-55286;Moujuutsukai to Oujisama - Snow Bride [Limited Edition]
MTP2-11021;Moujuutsukai to Oujisama Twin Pack
SLUS-21666;Mountain Bike Adrenaline
SCES-52370;Mouse Police
SLES-52370;Mouse Police, The
SCES-52525;Mouse Trophy
SLES-52525;Mouse Trophy
SLES-54666;Mr. Bean
SCES-51493;Mr. Golf
SLES-51493;Mr. Golf
SLPM-65759;Mr. Incredible
SLPM-66248;Mr. Incredible - Kyouteki Underminer Toujou
SCES-50769;Mr. Moskeeto
SLES-50769;Mr. Moskeeto
SLUS-21270;MS Saga - A New Dawn
SLUS-20222;MTV - Music Generator 2
SCES-50182;MTV Music Generator 2
SLES-50182;MTV Music Generator 2
SCES-52404;MTV Music Generator 3
SLES-52404;MTV Music Generator 3
SLUS-20861;MTV Music Generator 3 - This is the Remix
SCES-51189;MTV's Celebrity Deathmatch
SLES-51189;MTV's Celebrity Deathmatch
SLUS-20604;MTV's Celebrity Deathmatch
SCES-52289;MTX Mototrax
SCES-52290;MTX Mototrax
SLES-52289;MTX Mototrax
SLES-52290;MTX Mototrax
SLUS-20399;MTX Mototrax
SCES-52835;Mummy
SCES-50510;Mummy Returns
SLES-50510;Mummy Returns, The
SLUS-20253;Mummy Returns, The
SLES-52835;Mummy, The
SLUS-21775;Mummy, The - Tomb of the Dragon Emperor
SCES-52230;Muppets Party Cruise
SLES-52230;Muppets Party Cruise
SLUS-20635;Muppets Party Cruise, Jim Henson's
SLPM-55053;Murasaki no Honoo
SLPM-55111;Murasaki no Honoo [Limited Edition]
SCES-53521;Musashi - Samurai Legend
SLES-53521;Musashi - Samurai Legend
SLUS-20983;Musashi Samurai Legend
SCAJ-20137;Musashiden II - Blademaster
SLPM-66008;Musashiden II - Blademaster
SLPM-66056;Mushihime Sama
TCPS-10113;Mushihime-sama
TCPS-10117;Mushihime-sama [Limited Edition]
TCPS-10168;Mushihime-sama [Taito The Best]
SLPM-66403;Mushihimesama [Taito Best]
SLPM-66483;Mushihimesama [Taito Best]
SCES-51363;Music 3000
SLES-51363;Music 3000
SCES-50590;Music Maker
SCES-50765;Music Maker
SLES-50590;Music Maker
SLES-50765;Music Maker
SLES-55509;Music Maker Rockstar
SLAJ-25096;Musou Orochi
SLPM-66721;Musou Orochi
SLPM-66953;Musou Orochi - Maou Sairin
SLPM-74282;Musou Orochi - Maou Sairin [PlayStation 2 the Best]
KOEI-20147;Musou Orochi - Maou Sairin [Premium Box]
SLPM-74285;Musou Orochi [PlayStation 2 the Best Reprint]
SLPM-74271;Musou Orochi [PlayStation 2 the Best]
KOEI-20125;Musou Orochi [Super Premium Pack]
KOEI-20123;Musou Orochi [Treasure Box]
SLPM-66359;Mutsuzaki Hoshi Kikari
SLUS-21367;MVP '06 - NCAA Baseball
SLUS-21582;MVP '07 - NCAA Baseball
SLPS-25251;MVP Baseball 2003
SLUS-20650;MVP Baseball 2003
SLUS-20868;MVP Baseball 2004
SLAJ-25064;MVP Baseball 2005
SLPM-66044;MVP Baseball 2005
SLUS-21135;MVP Baseball 2005
SLPM-66464;MVP Baseball 2005 [EA Best Hits]
SLUS-20072;MX 2002 - featuring Ricky Carmichael
SLUS-29006;MX 2002 - featuring Ricky Carmichael [Demo]
SCES-50428;MX 2002 featuring Ricky Carmichael
SLES-50428;MX 2002 featuring Ricky Carmichael
SCES-50132;MX Rider
SLES-50132;MX Rider
SLUS-20234;MX Rider
SLUS-20381;MX Superfly
SLUS-29026;MX Superfly [Demo]
SCES-51038;MX Superfly featuring Ricky Carmichael
SLES-51038;MX Superfly featuring Ricky Carmichael
SLUS-20767;MX Unleashed
SLUS-29091;MX Unleashed [Demo]
SCES-52043;MX Unleashed Migrated
SLES-52043;MX Unleashed Migrated
SLUS-21701;MX vs ATV - Untamed
SCES-53106;MX vs ATV Unleashed
SLES-53106;MX vs ATV Unleashed
SLUS-21104;MX vs ATV Unleashed
SLUS-29140;MX vs ATV Unleashed [Demo]
SCES-52864;MX World Tour
SLES-52864;MX World Tour
SLUS-21097;MX World Tour featuring Jamie Little
SLPS-25826;My Home o Tsukurou 2! Easy Design [Best Collection]
SLPS-25463;My Home o Tsukurou 2! Takumi
SLPS-25613;My Home o Tsukurou 2! Takumi [Best Collection]
SLPS-25615;My Home wo Tsukurou 2! Kantan Sekkei!!
SLPS-25192;My Merry May
SLPS-25193;My Merry May
SLPM-66045;My Merry May with be
SLPM-66488;My Merry May With Be [2800 Collection]
SLPS-25238;My Merry Maybe
SCES-51677;My Street
SLES-51677;My Street
SCUS-97263;My Street [Demo]
SCUS-97212;My Street [Online]
SLPM-55162;Myself
SLPM-55163;Myself
SLPM-55164;Myself
SLPM-66892;Myself, Yourself
SLPM-66891;Myself, Yourself [Limited Edition]
SCES-50726;Myst III - Exile
SLES-50726;Myst III - Exile
SLPS-25231;Myst III - Exile
SLUS-20434;Myst III - Exile
SLPM-66416;Mystereet
SLPM-66415;Mystereet [First Print - Limited Edition]
SCES-51358;Mystic Heroes
SCES-51476;Mystic Heroes
SCES-51477;Mystic Heroes
SLES-51358;Mystic Heroes
SLES-51476;Mystic Heroes
SLES-51477;Mystic Heroes
SLUS-20521;Mystic Heroes
SCKA-20055;Mystic Nights
SCES-52241;Myth Makers - Orbs of Doom
SCES-54112;Myth Makers - Orbs of Doom
SLES-52241;Myth Makers - Orbs of Doom
SLES-54112;Myth Makers - Orbs of Doom
SCES-54113;Myth Makers - Super Kart GP
SLES-54113;Myth Makers - Super Kart GP
SCES-52159;Myth Makers Super Kart GP
SLES-52159;Myth Makers Super Kart GP
SLPM-55223;NadePro!! Kisama no Seiyuu Yatte Miro!
SLPS-25500;Namco 50th Anniversary Collection
SLUS-20273;Namco Museum
SLUS-21164;Namco Museum - 50th Anniversary
SLES-53957;Namco Museum 50th Anniversary
SLPS-25590;Namco Museum Arcade Hits
SLUS-29071;Namco Transmission Demo Disc Vol.1.3 [Regular Release]
SLUS-29134;Namco Transmission Demo Disc Vol.2
SLUS-29174;Namco Transmission Demo Disc Vol.3.1
SLUS-29175;Namco Transmission Demo Disc Vol.3.2
SCAJ-20130;Namco X Capcom
SLPS-25505;Namco X Capcom
SLPS-73243;Namco X Capcom [PlayStation 2 The Best]
SCAJ-20131;namCollection - Namco 50th Anniversary
SLPM-65914;Nana
SLPM-66256;Nana
SLPS-25758;Nanatsu Iro - Drops Pure!!
SLPS-25757;Nanatsu Iro - Drops Pure!! [First Print Limited Edition]
SLPM-62388;Nankuro
SLPM-66154;Nano Breaker
SLUS-21010;Nano Breaker
SCES-52964;Nanobreaker
SLES-52964;Nanobreaker
SLPM-65809;Nanobreaker
SLPS-25848;Naraku no Shiro
SLPS-25913;Naraku no Shiro [The Best Price]
SLUS-20730;NARC
SLPS-25714;Naruto - Konoha Spirits
SLPS-25293;Naruto - Narutimett Hero
SLPS-25398;Naruto - Narutimett Hero 2
SLPS-73251;Naruto - Narutimett Hero 3 [PlayStation 2 The Best]
SCES-54163;Naruto - Ultimate Ninja
SLES-54163;Naruto - Ultimate Ninja
SLUS-21358;Naruto - Ultimate Ninja
SLES-54878;Naruto - Ultimate Ninja 2
SLUS-21575;Naruto - Ultimate Ninja 2
SLES-55237;Naruto - Ultimate Ninja 3
SLUS-21727;Naruto - Ultimate Ninja 3
SLES-54727;Naruto - Uzumaki Chronicles
SLUS-21498;Naruto - Uzumaki Chronicles
SLES-55090;Naruto - Uzumaki Chronicles 2
SLUS-21594;Naruto - Uzumaki Chronicles 2
SLPS-73212;Naruto Narutimett Hero [PlayStation 2 The Best]
SLPS-73221;Naruto Narutimett Hero 2 [PlayStation 2 The Best]
SLPS-25589;Naruto Narutimett Hero 3
SLUS-21862;Naruto Shippuden - Ultimate Ninja 4
SLES-55605;Naruto Shippuden - Ultimate Ninja 5
SLPS-25837;Naruto Shippuuden - Narutimate Accel 2
SLPS-25768;Naruto Shippuuden Narutimate Accel
SLPS-25542;Naruto Uzumaki Ninden
SLUS-20441;NASCAR - Dirt to Daytona
SLUS-20266;NASCAR - Thunder 2002
SCES-53635;NASCAR '06 - Total Team Control
SLES-53635;NASCAR '06 - Total Team Control
SLUS-21266;NASCAR '06 - Total Team Control
SCES-54223;NASCAR '07
SLES-54223;NASCAR '07
SLUS-21461;NASCAR '07
SLUS-21639;NASCAR '08
SLUS-21744;NASCAR '09
SLES-55199;NASCAR 09
SLUS-20101;NASCAR 2001
SLUS-21003;NASCAR 2005 - Chase for the Cup
SLUS-20176;NASCAR Heat 2002
SLUS-20535;NASCAR Thunder 2003
SLUS-20754;NASCAR Thunder 2004
SLUS-20824;NASCAR Thunder 2004
SLPM-65136;Natsu-iro no Sunadokei
SLPM-65786;Natsuiro - Hoshikuzu no Memory
SLPM-65785;Natsuiro - Hoshikuzu no Memory [Limited Edition]
SLPM-65356;Natsuiro Komachi
SLPM-65355;Natsuiro Komachi [First Print Limited Edition]
SLPM-65293;Natsuiro no Sunadokei
SLPM-65125;Natsuiro no Sunadokei [Limited Edition]
SLPS-25276;Natsuyume Ya Wa
SLPM-66383;Natsuyume Yobanashi [2800 Collection]
SLPM-55267;Natsuzora no Monologue
NMP2-00701;Natsuzora no Monologue [Limited Edition]
SLPM-65772;Natural 2 Duo
SLPM-65771;Natural 2 Duo - Sakurairo no Kisetsu [Deluxe Pack]
SCES-52471;Naval Ops - Commander
SLES-52471;Naval Ops - Commander
SLUS-20871;Naval Ops - Commander
SCES-51893;Naval Ops - Warship Gunner
SLES-51893;Naval Ops - Warship Gunner
SLUS-20663;Naval Ops - Warship Gunner
SLPM-55089;Naxat Soft Reachmania Vol.1 - CR Galaxy Angel
SLPM-55198;Naxat Soft Reachmania Vol.1 - CR Galaxy Angel [Naxat Best]
SCUS-97348;NBA '06
SCUS-97392;NBA '06 featuring The Life Vol.1 [Demo]
SCUS-97544;NBA '07 featuring The Life Vol.2
SCUS-97554;NBA '07 featuring The Life Vol.2 [Demo]
SCUS-97589;NBA '08 featuring The Life Vol.3
SCUS-97625;NBA '09 - The Inside
SCES-50025;NBA 2001
SCES-50026;NBA 2001
SLES-50025;NBA 2001
SLES-50026;NBA 2001
SLES-55576;NBA 2K10
SLUS-21908;NBA 2K10
SLES-55645;NBA 2K11
SLPM-65135;NBA 2K2
SLUS-20330;NBA 2K2 - Sega Sports
SCES-51340;NBA 2K3
SLAJ-25007;NBA 2K3
SLES-51340;NBA 2K3
SLPM-65269;NBA 2K3
SLUS-20476;NBA 2K3 - Sega Sports
SCES-51949;NBA 2K4
SLES-51949;NBA 2K4
SLES-53687;NBA 2K6
SLUS-21233;NBA 2K6
SCES-54210;NBA 2K7
SLES-54210;NBA 2K7
SLUS-21424;NBA 2K7
SLES-54880;NBA 2K8
SLUS-21669;NBA 2K8
SLES-55253;NBA 2K9
SLPS-25924;NBA 2K9
SLUS-21745;NBA 2K9
SCES-52628;NBA Ballers
SLES-52628;NBA Ballers
SLUS-20541;NBA Ballers
SLUS-21186;NBA Ballers - Phenom
SCES-50080;NBA Hoopz
SLES-50080;NBA Hoopz
SLUS-20050;NBA Hoopz
SCES-51972;NBA Jam 2004
SLES-51972;NBA Jam 2004
SLUS-20648;NBA Jam 2004
SCES-53547;NBA Live '06
SCES-53580;NBA Live '06
SCES-53581;NBA Live '06
SLES-53547;NBA Live '06
SLES-53580;NBA Live '06
SLES-53581;NBA Live '06
SLPM-66171;NBA Live '06
SLUS-21279;NBA Live '06
SLUS-29162;NBA Live '06 [Demo]
SLPM-66561;NBA Live '06 [EA Best Hits]
SCES-54250;NBA Live '07
SCES-54251;NBA Live '07
SCES-54252;NBA Live '07
SLAJ-25087;NBA Live '07
SLES-54250;NBA Live '07
SLES-54251;NBA Live '07
SLES-54252;NBA Live '07
SLPM-66589;NBA Live '07
SLUS-21460;NBA Live '07
SLPM-66946;NBA Live '07 [EA Best Hits]
SLAJ-25099;NBA Live '08
SLPM-66884;NBA Live '08
SLUS-21649;NBA Live '08
SLUS-21777;NBA Live '09
SLPM-55144;NBA Live 08 [EA Best Hits]
SLPM-55097;NBA Live 09
SCES-50022;NBA Live 2001
SCES-50023;NBA Live 2001
SCES-50024;NBA Live 2001
SLES-50022;NBA Live 2001
SLES-50023;NBA Live 2001
SLES-50024;NBA Live 2001
SLPS-20073;NBA Live 2001
SLUS-20102;NBA Live 2001
SCES-50534;NBA Live 2002
SCES-50535;NBA Live 2002
SCES-50536;NBA Live 2002
SCES-50537;NBA Live 2002
SCES-50538;NBA Live 2002
SLES-50534;NBA Live 2002
SLES-50535;NBA Live 2002
SLES-50536;NBA Live 2002
SLES-50537;NBA Live 2002
SLES-50538;NBA Live 2002
SLPS-20159;NBA Live 2002
SLUS-20303;NBA Live 2002
SCES-51198;NBA Live 2003
SLES-51198;NBA Live 2003
SLPM-65192;NBA Live 2003
SLPS-25168;NBA Live 2003
SLUS-20536;NBA Live 2003
SCES-52008;NBA Live 2004
SLES-52008;NBA Live 2004
SLPS-25297;NBA Live 2004
SLUS-20755;NBA Live 2004
SLPM-65666;NBA Live 2004 [EA Best Hits]
SCES-52713;NBA Live 2005
SCES-52726;NBA Live 2005
SCES-52727;NBA Live 2005
SLAJ-25046;NBA Live 2005
SLES-52713;NBA Live 2005
SLES-52726;NBA Live 2005
SLES-52727;NBA Live 2005
SLPM-65787;NBA Live 2005
SLUS-21058;NBA Live 2005
SLPM-66116;NBA Live 2005 [EA Best Hits]
SCES-53546;NBA Live 2006
SLES-53546;NBA Live 2006
SCUS-97114;NBA ShootOut 2001
SCUS-97217;NBA Shootout 2003
SCUS-97253;NBA Shootout 2003 [Demo]
SCUS-97318;NBA ShootOut 2004
SCUS-97325;NBA Shootout 2004 [Demo]
SCUS-97382;NBA Shootout 2004 [Demo]
SLPM-62255;NBA Starting Five
SLUS-20513;NBA Starting Five
SLPM-65767;NBA Starting Five 2005
SCES-50219;NBA Street
SLES-50219;NBA Street
SLPM-60152;NBA Street
SLPS-20107;NBA Street
SLUS-20187;NBA Street
SCES-51481;NBA Street 2
SLES-51481;NBA Street 2
SLUS-20651;NBA Street 2
SLPM-65649;NBA Street 2 [EA Best Hits]
SCES-53001;NBA Street 3
SLES-53001;NBA Street 3
SLAJ-25059;NBA Street V3
SLKA-25134;NBA Street v3
SLPM-66021;NBA Street v3
SLUS-21126;NBA Street v3
SLUS-29141;NBA Street v3 [Demo]
SLPS-25239;NBA Street Vol.2
SLUS-29053;NBA Street Vol.2 [Demo]
SLUS-21851;NCAA Basketball '09
SLUS-20538;NCAA Basketball 2K3 - Sega Sports
SCUS-97109;NCAA Final Four 2001
SCUS-97136;NCAA Final Four 2002
SCUS-97175;NCAA Final Four 2002 [Demo]
SCUS-97204;NCAA Final Four 2003
SCUS-97278;NCAA Final Four 2004
SLUS-21459;NCAA Football '07
SLUS-21620;NCAA Football '08
SLUS-21752;NCAA Football '09
SLUS-21892;NCAA Football '10
SLUS-20241;NCAA Football 2002
SLUS-20530;NCAA Football 2003
SLUS-20719;NCAA Football 2004
SLUS-20991;NCAA Football 2005
SLUS-21214;NCAA Football 2006
SLUS-20453;NCAA Football 2K3
SCUS-97107;NCAA GameBreaker 2001
SCUS-97214;NCAA GameBreaker 2003
SCUS-97226;NCAA GameBreaker 2003 [Demo]
SCUS-97277;NCAA GameBreaker 2004
SCUS-97315;NCAA GameBreaker 2004 [Demo]
SLUS-21298;NCAA March Madness '06
SLUS-29163;NCAA March Madness '06 [Demo]
SLUS-21481;NCAA March Madness '07
SLUS-21698;NCAA March Madness '08
SLUS-20332;NCAA March Madness 2002
SLUS-20574;NCAA March Madness 2003
SLUS-20771;NCAA March Madness 2004
SLUS-29079;NCAA March Madness 2004 [Demo]
SLUS-21100;NCAA March Madness 2005
SCAJ-20064;Nebula - Echo Night
SLPS-25314;Nebula - Echo Night
SCES-54321;Need for Speed - Carbon
SCES-54322;Need for Speed - Carbon
SCES-54323;Need for Speed - Carbon
SCES-54324;Need for Speed - Carbon
SLAJ-25091;Need for Speed - Carbon
SLES-54321;Need for Speed - Carbon
SLES-54322;Need for Speed - Carbon
SLES-54323;Need for Speed - Carbon
SLES-54324;Need for Speed - Carbon
SLPM-66617;Need for Speed - Carbon
SLUS-21493;Need for Speed - Carbon
SCES-54402;Need for Speed - Carbon [Collector's Edition]
SCES-54492;Need for Speed - Carbon [Collector's Edition]
SCES-54493;Need for Speed - Carbon [Collector's Edition]
SLES-54402;Need for Speed - Carbon [Collector's Edition]
SLES-54492;Need for Speed - Carbon [Collector's Edition]
SLES-54493;Need for Speed - Carbon [Collector's Edition]
SLUS-21494;Need for Speed - Carbon [Collector's Edition]
SLED-54312;Need for Speed - Carbon [Demo]
SLUS-29193;Need for Speed - Carbon [Demo]
SLPM-66869;Need for Speed - Carbon [EA Best Hits]
SCES-50731;Need for Speed - Hot Pursuit 2
SLES-50731;Need for Speed - Hot Pursuit 2
SLUS-20362;Need for Speed - Hot Pursuit 2
SCES-53557;Need for Speed - Most Wanted
SCES-53558;Need for Speed - Most Wanted
SCES-53559;Need for Speed - Most Wanted
SLES-53557;Need for Speed - Most Wanted
SLES-53558;Need for Speed - Most Wanted
SLES-53559;Need for Speed - Most Wanted
SLPM-66232;Need for Speed - Most Wanted
SLUS-21267;Need for Speed - Most Wanted
SCES-53857;Need for Speed - Most Wanted [Black Edition]
SLAJ-25075;Need for Speed - Most Wanted [Black Edition]
SLES-53857;Need for Speed - Most Wanted [Black Edition]
SLUS-21351;Need for Speed - Most Wanted [Black Edition]
SLUS-29155;Need for Speed - Most Wanted [Demo]
SLPM-66562;Need for Speed - Most Wanted [EA Best Hits]
SLPM-66932;Need for Speed - ProStreet
SLUS-21658;Need for Speed - ProStreet
SLUS-21801;Need for Speed - Undercover
SLES-55352;Need for Speed - Undercover [Scandinavia]
SCES-51967;Need for Speed - Underground
SLES-51967;Need for Speed - Underground
SLKA-25136;Need for Speed - Underground
SLUS-20811;Need for Speed - Underground
SLUS-29073;Need for Speed - Underground [Demo]
SCES-52725;Need for Speed - Underground 2
SLES-52725;Need for Speed - Underground 2
SLUS-21065;Need for Speed - Underground 2
SLUS-29118;Need for Speed - Underground 2 [Demo]
SLPM-66960;Need for Speed - Underground 2 [EA-SY! 1980]
SLPM-55061;Need for Speed Carbon [EA:SY! 1980]
SLPM-55003;Need for Speed Most Wanted [EA:SY! 1980]
SLES-55002;Need for Speed ProStreet
SLPM-55151;Need for Speed ProStreet [EA:SY! 1980]
SLES-55349;Need for Speed Undercover
SLPM-55127;Need for Speed Undercover
SLPM-55244;Need for Speed Undercover [EA:SY! 1980]
SLPM-65471;Need for Speed Underground
SLPM-65766;Need for Speed Underground 2
SLPM-66051;Need for Speed Underground 2 [EA Best Hits]
SLPM-65614;Need for Speed Underground J-Tune [EA Best Hits]
SLPM-66593;Negima! 3-Jikanme [Live Version]
SLPM-66592;Negima! 3-Jikanme [Theater Version]
SLPM-66704;Negima! Dream Tactic Yumemiru Otome Princess [Maihime Edition]
SLPM-66705;Negima! Dream Tactic Yumemiru Otome Princess [Utahime Edition]
SLPM-66340;Neo Angelique
SLPM-66956;Neo Angelique - Full Voice
SLPM-66758;Neo Angelique [Koei the Best]
SLPM-66339;Neo Angelique [Premium Box]
KOEI-20152;Neo Angelique Full Voice [Premium Box]
SLPM-66955;Neo Angelique Full Voice [Premium Box]
KOEI-20153;Neo Angelique Full Voice [Super Premium Box]
SLPS-25016;Neo Atlas 3
SCES-52510;Neo Contra
SLES-52510;Neo Contra
SLKA-25227;Neo Contra
SLPM-65752;Neo Contra
SLUS-20961;Neo Contra
SLPM-65990;Neo Contra [Konami Palace Selection]
SLPS-25737;Neo Geo Battle Coliseum [SNK Best]
SCES-54395;NeoGeo Battle Coliseum
SLPS-25558;NeoGeo Battle Coliseum
SLUS-21708;NeoGeo Battle Coliseum
SLES-54395;NeoGeo Battle Coliseum [Review]
SLUS-21537;NeoGeo Fatal Fury Collection
SLPS-25664;NeoGeo Online Collection - Garou Densetsu Battle Archives Vol.1
SLPS-25503;NeoGeo Online Collection Vol.2 - Bakumatsu Roman - Gekka no Kenshi 1&2
SLPS-25605;NeoGeo Online Collection Vol.3 - The King of Fighters - Orochi Collection
SLPS-25535;NeoGeo Online Collection Vol.3 - The King of Fighters - Orochi Collection [Special Pack]
SLPM-66763;Neon Genesis Evangelion - Battle Orchestra
SLPM-66957;Neon Genesis Evangelion - Battle Orchestra [Broccoli Best Quality]
SLKA-25103;Neon Genesis Evangelion 2
SCUS-97367;Neopets - The Darkest Faerie
SCUS-97469;Neopets - The Darkest Faerie [Demo]
KOEI-00107;Neoromance Box - Angelique Selection
KOEI-00106;Neoromance Box - Triple Selection
SLPS-20212;Neppachi Gold - CR Monster Mansion
SLPS-20343;Net de Bomberman
SLPN-40005;Net de Bomberman [PlayStation BB Pack]
SLPM-62136;NetFront for Delta
SLPS-20273;Netsu Chu! Pro Baseball 2003
SLPS-20322;Netsu Chu! Pro Baseball 2003 Fall
SLPS-25350;Netsu Chu! Pro Baseball 2004
SLPS-25769;Netsu Chu! Pro Baseball 2007
SLPS-20190;Netsu Chu! Pro Yakyuu 2002
SLPM-66861;Nettai Teikiatsu Otome
SLPM-66860;Nettai Teikiatsu Otome [Limited Edition]
SLES-51578;Network Access Disc [Original
SCES-51578;Network Access Disc [Original, v4.02 & v4.03]
PBPX-95517;Network Adapter Start-Up Disc
SCUS-97097;Network Adapter Start-Up Disc
SCUS-97862;Network Adapter Start-Up Disc v2.0 [Beta]
SCUS-97356;Network Adapter Start-Up Disc Ver.2.5
SCUS-97425;Network Adapter Start-Up Disc Ver.3.0
PBPX-95519;Network Adaptor Start-Up Disc v2.0
SLPS-25256;Never 7 - The End of Infinity
SLPM-65689;Never 7 - The End of Infinity [SuperLite 2000 Series]
SLPM-55088;Never7 - The End of Infinity [Renai Game Selection]
SLPM-62699;Neverland Card War Cardinal Arc - Konton no Fuusatsu [Idea Factory Collection]
SLPM-66552;Neverland Reportage
SLPS-20130;New Best Play Professional Baseball
SLPS-25307;New Century GPX Cyber Formula - Road to the Infinity
SLPS-25541;New Century GPX Cyber Formula - Road to the Infinity 2
SLPS-25695;New Century GPX Cyber Formula - Road to the Infinity 3
SLPM-66319;New Choro Q [Atlus Best Collection]
SLPM-65799;New Jinsei Game
SLPM-74273;New Jinsei Game [PlayStation 2 the Best Reprint]
SLPM-74237;New Jinsei Game [PlayStation 2 The Best]
SLPS-20243;New Price Go Go Golf
SLPM-65235;New Roommania - Porori Seishun
SCES-50556;New York Race
SLES-50556;New York Race
SCAJ-20139;New Zero - Rei - Irezumi no Sei
SCES-52662;Newcastle United - Club Football 2005
SLES-52662;Newcastle United - Club Football 2005
SCES-50809;Next Generation Tennis 2003
SCES-51547;Next Generation Tennis 2003
SLES-50809;Next Generation Tennis 2003
SLES-51547;Next Generation Tennis 2003
SLPM-65111;NFL 2K2
SLUS-20322;NFL 2K2 - Sega Sports
SCES-51339;NFL 2K3
SLES-51339;NFL 2K3
SLPM-65224;NFL 2K3
SLUS-20457;NFL 2K3 - Sega Sports
SLUS-20051;NFL Blitz 2002
SLUS-20474;NFL Blitz 2003
SLUS-20631;NFL Blitz Pro
SCUS-97106;NFL GameDay 2001
SCUS-97118;NFL GameDay 2001 [Demo]
SCUS-97131;NFL GameDay 2002
SCUS-97194;NFL GameDay 2003
SCUS-97223;NFL GameDay 2003 [Demo]
SCUS-97276;NFL GameDay 2004
SCUS-97317;NFL GameDay 2004 [Demo]
SLUS-21407;NFL Head Coach
SCES-50213;NFL Quarterback Club 2002
SLES-50213;NFL Quarterback Club 2002
SLUS-20154;NFL Quarterback Club 2002
SCES-52025;NFL Street
SLES-52025;NFL Street
SLUS-20841;NFL Street
SLUS-29093;NFL Street [Demo]
SCES-52982;NFL Street 2
SLES-52982;NFL Street 2
SLUS-21118;NFL Street 2
SLES-54379;NFL Street 3
SLUS-21482;NFL Street 3
SLPM-65362;NHK Tensai Bit-Kun: Gramon Battle
SLPM-61056;NHK Tensai Bit-Kun: Gramon Battle
TCPS-10072;NHK Tensai Bit-Kun: Gramon Battle
SCES-53433;NHL '06
SCES-53463;NHL '06
SLES-53433;NHL '06
SLES-53463;NHL '06
SLPM-66510;NHL '06
SLUS-21241;NHL '06
SLUS-29154;NHL '06 [Demo]
SCES-54245;NHL '07
SLES-54245;NHL '07
SLUS-21458;NHL '07
SLUS-21647;NHL '08
SLUS-21771;NHL '09
SLES-54893;NHL 08
SCES-50027;NHL 2001
SLES-50027;NHL 2001
SLUS-20100;NHL 2001
SCES-50425;NHL 2002
SCES-50426;NHL 2002
SCES-50427;NHL 2002
SLES-50425;NHL 2002
SLES-50426;NHL 2002
SLES-50427;NHL 2002
SLPS-20168;NHL 2002
SLUS-20281;NHL 2002
SCES-51151;NHL 2003
SLES-51151;NHL 2003
SLUS-20531;NHL 2003
SCES-51798;NHL 2004
SLES-51798;NHL 2004
SLUS-20756;NHL 2004
SCES-52673;NHL 2005
SLES-52673;NHL 2005
SLUS-21001;NHL 2005
SLUS-21914;NHL 2K10
SCES-51341;NHL 2K3
SLES-51341;NHL 2K3
SLUS-20477;NHL 2K3 - Sega Sports
SLUS-21234;NHL 2K6
SCES-54211;NHL 2K7
SLES-54211;NHL 2K7
SLUS-21425;NHL 2K7
SLUS-21632;NHL 2K8
SLPS-25925;NHL 2K9
SLUS-21763;NHL 2K9
SCUS-97110;NHL FaceOff 2001
SCUS-97220;NHL FaceOff 2003
SCUS-97259;NHL FaceOff 2003 [Demo]
SLES-50712;NHL Hitz 20-03
SCES-50451;NHL Hitz 2002
SLES-50451;NHL Hitz 2002
SLUS-20140;NHL Hitz 2002
SLUS-20438;NHL Hitz 2003
SCES-51840;NHL Hitz Pro
SLES-51840;NHL Hitz Pro
SLUS-20691;NHL Hitz Pro
SCES-53686;NHL Hockey 2K6
SLES-53686;NHL Hockey 2K6
SLUS-21547;NHRA - Countdown to the Championship 2007
SLUS-21114;NHRA Championship Drag Racing
SLPS-25101;Nichibeikan Pro Yakyuu - Final League
SLES-54991;Nicktoons - Attack of the Toybots
SLUS-21605;Nicktoons - Attack of the Toybots
SLUS-21469;Nicktoons - Battle for Volcano Island
SLUS-21073;Nicktoons Movin
SLUS-21284;Nicktoons Unite!
SLPM-66936;Night Wizard - The Video Game - Denial of the World
SCES-53192;Nightmare Before Christmas
SLPM-65739;Nightmare Before Christmas
SLES-53192;Nightmare Before Christmas, The - Tim Burton's
SLPM-66697;Nightmare Before Christmas, The [CapKore]
SLUS-20860;Nightmare Before Christmas, Tim Burton's The - Oogie's Revenge
SLUS-21071;Nightmare of Druaga
SLPS-25377;Nightmare of Druaga, The - Fushigi no Dungeon
SLPM-66926;NiGHTS into Dreams...
SCES-52238;Nightshade
SLES-52238;Nightshade
SLUS-20810;Nightshade
SLPM-62194;Nihon Sumou Kyoukai Kounin - Nihon Oozumou - Gekitou Honbasho-hen
SLPM-62099;Nihon Sumou Kyoukai Kounin - Nihon Oozumou - Kakutou-hen
SCPS-17010;Nike - Gran Turismo [Limited Edition - 10 inch]
SCPS-17011;Nike - Gran Turismo [Limited Edition - 11 inch]
SCPS-17008;Nike - Gran Turismo [Limited Edition - 8 inch]
SCPS-17009;Nike - Gran Turismo [Limited Edition - 9 inch]
SCES-50889;Ninja Assault
SCPS-51014;Ninja Assault
SCPS-56015;Ninja Assault
SLES-50889;Ninja Assault
SLPS-20218;Ninja Assault
SLUS-20492;Ninja Assault
SCES-53570;Ninjabread Man
SLES-53570;Ninjabread Man
SLPM-66274;Ninkyouden Toseinin Ichidaiki
SLPS-25325;Nishikaze no Kyoushikyouku - The Rhapsody of Zephyr
SLPM-66115;Nizu no Senritsu
SLPM-66563;Nizu no Senritsu [2800 Collection]
SLPM-66114;Nizu no Senritsu [Limited Edition]
SLPM-66532;Nizu no Senritsu 2
SLPM-66840;Nizu no Senritsu 2 [Best Hit Selection]
SLPM-66531;Nizu no Senritsu 2 [Limited Edition]
SCES-50592;No One Lives Forever
SLES-50592;No One Lives Forever
SLUS-20028;No One Lives Forever
SLES-53958;Noble Racing
SLPM-66279;Nobunaga no Yabou - Kakushin
SLPM-74281;Nobunaga no Yabou - Kakushin [PlayStation 2 the Best Reprint]
SLPM-74265;Nobunaga no Yabou - Kakushin [PlayStation 2 the Best]
KOEI-00066;Nobunaga no Yabou - Kakushin [Premium Box]
SLPM-66948;Nobunaga no Yabou - Kakushin [with Power-Up Kit and Sangokushi XI]
SLPM-66947;Nobunaga no Yabou - Kakushin [with Power-Up Kit]
SLPM-55268;Nobunaga no Yabou - Kakushin with Power-Up Kit [Koei Tecmo the Best]
SLPM-66954;Nobunaga no Yabou - Online - Souha no Shou
SLPM-62148;Nobunaga no Yabou - Ranseiki
SLPM-62681;Nobunaga no Yabou - Ranseiki [Koei Selection Series]
SLPM-62473;Nobunaga no Yabou - Ranseiki [Koei The Best]
SLPM-62642;Nobunaga no Yabou - Ranseiki [with Power-Up Kit] [Koei The Best]
SLPM-62748;Nobunaga no Yabou - Renseiki [with Power-Up Kit] [Koei Selection Series]
SLPM-62520;Nobunaga no Yabou - Soutenroku
SLPM-62283;Nobunaga no Yabou - Soutenroku [Koei The Best]
SLPM-66425;Nobunaga no Yabou - Soutenroku with Power-Up Kit
SLPM-62759;Nobunaga no Yabou - Soutensoku [Koei Selection Series]
SLPM-65455;Nobunaga no Yabou - Soutensoku [with Power-Up Kit]
SLPM-66760;Nobunaga no Yabou - Soutensoku [with Power-Up Kit] [Koei Selection]
SLPM-65556;Nobunaga no Yabou - Tenka Sousei
SLPM-74263;Nobunaga no Yabou - Tenka Sousei [PlayStation 2 the Best Reprint]
SLPM-74225;Nobunaga no Yabou - Tenka Sousei [PlayStation 2 The Best]
SLPM-66528;Nobunaga no Yabou - Tenka Sousei [with Power Up Kit] [KOEI the Best]
SLPM-65864;Nobunaga no Yabou - Tenka Sousei [with Power-Up Kit]
SLPM-55232;Nobunaga no Yabou - Tenka Sousei with Power Up Kit [Koei Teiban Series]
SLPM-62719;Nobunaga no Yabou - Tenka Souyo
SLPM-62225;Nobunaga no Yabou Arashi Seiki [with Power-Up Kit]
SLPM-66539;Nobunaga no Yabou Online - Haten no Shou
SLPM-65783;Nobunaga no Yabou Online - Tappi no Shou
SLPM-62502;Nobunaga Senki
SLUS-21868;Nobunaga's Ambition - Iron Triangle
SLUS-21721;Nobunaga's Ambition - Rise to Power
SLPM-65197;Nobunaga's Ambition Online
KOEI-00012;Nobunaga's Ambition Online [Excellent Box]
SLPS-25780;Nodame Cantabile
SCES-54311;Noddy and The Magic Book
SLES-54311;Noddy and The Magic Book
SLUS-21651;Noddy and the Magic Book
SLPS-25892;Nogizaka Haruka no Himitsu Cosplay
SLPS-25891;Nogizaka Sunkou no Himitsu Cosplay
SLPM-65961;North Wind Promise Forever
SLPM-65960;North Wind Promise Forever [Limited Edition]
SLUS-21855;NPPL Championship Paintball 2009
SLUS-21432;NRA Gun Club
SLES-52100;NRL Rugby League
SLES-52919;NRL Rugby League 2
SLPM-55193;Nuga-Cel!
SLPM-55192;Nuga-Cel! [Limited Edition]
SCES-52508;Obscure
SCES-52737;Obscure
SCES-52738;Obscure
SCES-53322;Obscure
SLES-52508;Obscure
SLES-52737;Obscure
SLES-52738;Obscure
SLES-53322;Obscure
SLUS-20777;Obscure
SLUS-21709;Obscure - The Aftermath
SCKA-20114;Obscure II - The Aftermath
SLES-55047;Ocean Commander
SCKA-20107;Odin Sphere
SLES-55110;Odin Sphere
SLPM-66474;Odin Sphere
SLUS-21577;Odin Sphere
SLPM-74259;Odin Sphere [PlayStation 2 the Best]
SLUS-28065;Odin Sphere [Trade Demo]
SLES-55032;Off Road
SCES-54109;Off-Road Extreme! [Special Edition]
SLES-54109;Off-Road Extreme! [Special Edition]
SCES-50232;Off-Road Wide Open
SLES-50232;Off-Road Wide Open
SCED-50732;Official Demo Disc Retail Edition February 02
PAPX-90507;Official Disc 2003
SCED-53662;Official PlayStation 2 Germany Special 2/2005
SCED-53938;Official PlayStation 2 Germany Special 3/2005
SCED-50506;Official PlayStation 2 Magazine 11-2001
SCED-51485;Official PlayStation 2 Magazine Australia - Demo Disc 12
SCED-51444;Official PlayStation 2 Magazine Crime Special
SCED-52085;Official PlayStation 2 Magazine Demo 05-2004 Uncut
SCED-51568;Official PlayStation 2 Magazine Demo 06-2003
SCED-50065;Official PlayStation 2 Magazine Demo 1
SCED-50543;Official PlayStation 2 Magazine Demo 10
SCED-50145;Official PlayStation 2 Magazine Demo 10 [Europe]
SCED-50404;Official PlayStation 2 Magazine Demo 10 [Germany]
SCED-55119;Official PlayStation 2 Magazine Demo 100
SCED-55120;Official PlayStation 2 Magazine Demo 101
SCED-50146;Official PlayStation 2 Magazine Demo 11
SCES-50460;Official PlayStation 2 Magazine Demo 11
SLES-50460;Official PlayStation 2 Magazine Demo 11
SCED-50460;Official PlayStation 2 Magazine Demo 11 [Germany]
SCED-50147;Official PlayStation 2 Magazine Demo 12
SCED-50594;Official PlayStation 2 Magazine Demo 12
SCED-52037;Official PlayStation 2 Magazine Demo 12-2003
SCED-50148;Official PlayStation 2 Magazine Demo 13
SCED-50593;Official PlayStation 2 Magazine Demo 13
SCED-51575;Official PlayStation 2 Magazine Demo 13-2003
SCED-50149;Official PlayStation 2 Magazine Demo 14
SCED-50622;Official PlayStation 2 Magazine Demo 14
SCED-50150;Official PlayStation 2 Magazine Demo 15
SCED-50685;Official PlayStation 2 Magazine Demo 15
SCED-50151;Official PlayStation 2 Magazine Demo 16
SCED-50675;Official PlayStation 2 Magazine Demo 16
SCED-50736;Official PlayStation 2 Magazine Demo 16
SCED-50152;Official PlayStation 2 Magazine Demo 17
SCED-50697;Official PlayStation 2 Magazine Demo 17
SCED-50153;Official PlayStation 2 Magazine Demo 18
SCED-50698;Official PlayStation 2 Magazine Demo 18
SCED-50825;Official PlayStation 2 Magazine Demo 18
SCED-50154;Official PlayStation 2 Magazine Demo 19
SCED-50699;Official PlayStation 2 Magazine Demo 20
SCED-50743;Official PlayStation 2 Magazine Demo 20
SCED-50945;Official PlayStation 2 Magazine Demo 20
SCED-50700;Official PlayStation 2 Magazine Demo 21
SCED-50742;Official PlayStation 2 Magazine Demo 21
SCED-50701;Official PlayStation 2 Magazine Demo 22
SCED-50744;Official PlayStation 2 Magazine Demo 22
SCED-51016;Official PlayStation 2 Magazine Demo 22/23
SCED-50745;Official PlayStation 2 Magazine Demo 23
SCED-50746;Official PlayStation 2 Magazine Demo 24
SCED-51147;Official PlayStation 2 Magazine Demo 24
SCED-51185;Official PlayStation 2 Magazine Demo 24
SCED-50747;Official PlayStation 2 Magazine Demo 25
SCED-51262;Official PlayStation 2 Magazine Demo 25
SCED-51279;Official PlayStation 2 Magazine Demo 25
SCED-50748;Official PlayStation 2 Magazine Demo 26
SCED-50749;Official PlayStation 2 Magazine Demo 27
SCED-51319;Official PlayStation 2 Magazine Demo 27
SCED-51359;Official PlayStation 2 Magazine Demo 27
SCED-50750;Official PlayStation 2 Magazine Demo 28
SCED-51376;Official PlayStation 2 Magazine Demo 28
SCED-51384;Official PlayStation 2 Magazine Demo 29
SCED-51432;Official PlayStation 2 Magazine Demo 29
SCED-51440;Official PlayStation 2 Magazine Demo 29
SCED-50066;Official PlayStation 2 Magazine Demo 3
SCED-51457;Official PlayStation 2 Magazine Demo 30
SCED-51483;Official PlayStation 2 Magazine Demo 30
SCED-51489;Official PlayStation 2 Magazine Demo 30
SCED-51529;Official PlayStation 2 Magazine Demo 31
SCED-51556;Official PlayStation 2 Magazine Demo 31
SCED-51566;Official PlayStation 2 Magazine Demo 31
SCED-51530;Official PlayStation 2 Magazine Demo 32
SCED-51558;Official PlayStation 2 Magazine Demo 32
SCED-51567;Official PlayStation 2 Magazine Demo 32
SCED-51531;Official PlayStation 2 Magazine Demo 33
SCED-51559;Official PlayStation 2 Magazine Demo 33
SCED-51532;Official PlayStation 2 Magazine Demo 34
SCED-51560;Official PlayStation 2 Magazine Demo 34
SCED-51569;Official PlayStation 2 Magazine Demo 34
SCED-51533;Official PlayStation 2 Magazine Demo 35
SCED-51561;Official PlayStation 2 Magazine Demo 35
SCED-51570;Official PlayStation 2 Magazine Demo 35
SCED-51534;Official PlayStation 2 Magazine Demo 36
SCED-51571;Official PlayStation 2 Magazine Demo 36
SCED-51537;Official PlayStation 2 Magazine Demo 37
SCED-51537;Official PlayStation 2 Magazine Demo 37
SCED-51572;Official PlayStation 2 Magazine Demo 37
SCED-51538;Official PlayStation 2 Magazine Demo 38
SCED-51573;Official PlayStation 2 Magazine Demo 38
SCED-51935;Official PlayStation 2 Magazine Demo 38 Uncut 11/03
SCED-51540;Official PlayStation 2 Magazine Demo 39
SCED-50067;Official PlayStation 2 Magazine Demo 4
SCED-51535;Official PlayStation 2 Magazine Demo 40
SCED-51565;Official PlayStation 2 Magazine Demo 40
SCED-51536;Official PlayStation 2 Magazine Demo 41
SCED-52068;Official PlayStation 2 Magazine Demo 41
SCED-52185;Official PlayStation 2 Magazine Demo 41
SCED-51539;Official PlayStation 2 Magazine Demo 42
SCED-52069;Official PlayStation 2 Magazine Demo 42
SCED-52273;Official PlayStation 2 Magazine Demo 42
SCED-52051;Official PlayStation 2 Magazine Demo 43
SCED-52083;Official PlayStation 2 Magazine Demo 43
SCED-52052;Official PlayStation 2 Magazine Demo 44
SCED-52377;Official PlayStation 2 Magazine Demo 44
SCED-52160;Official PlayStation 2 Magazine Demo 45
SCED-52442;Official PlayStation 2 Magazine Demo 45
SCED-52161;Official PlayStation 2 Magazine Demo 46
SCED-52087;Official PlayStation 2 Magazine Demo 47
SCED-52162;Official PlayStation 2 Magazine Demo 47
SCED-52549;Official PlayStation 2 Magazine Demo 47
SCED-52088;Official PlayStation 2 Magazine Demo 48
SCED-52163;Official PlayStation 2 Magazine Demo 48
SCED-52164;Official PlayStation 2 Magazine Demo 49
SCED-52728;Official PlayStation 2 Magazine Demo 49
SCED-50140;Official PlayStation 2 Magazine Demo 5
SCED-52165;Official PlayStation 2 Magazine Demo 50
SCED-52785;Official PlayStation 2 Magazine Demo 50
SCED-52796;Official PlayStation 2 Magazine Demo 50
SCED-52091;Official PlayStation 2 Magazine Demo 51
SCED-52166;Official PlayStation 2 Magazine Demo 51
SCED-52786;Official PlayStation 2 Magazine Demo 51
SCED-52092;Official PlayStation 2 Magazine Demo 52
SCED-52167;Official PlayStation 2 Magazine Demo 52
SCED-52938;Official PlayStation 2 Magazine Demo 52
SCED-52080;Official PlayStation 2 Magazine Demo 53
SCED-52168;Official PlayStation 2 Magazine Demo 53
SCED-52990;Official PlayStation 2 Magazine Demo 53
SCED-52991;Official PlayStation 2 Magazine Demo 53
SCED-52169;Official PlayStation 2 Magazine Demo 54
SCED-53056;Official PlayStation 2 Magazine Demo 54
SCED-53068;Official PlayStation 2 Magazine Demo 54
SCED-52120;Official PlayStation 2 Magazine Demo 55
SCED-52170;Official PlayStation 2 Magazine Demo 55
SCED-53123;Official PlayStation 2 Magazine Demo 55
SCED-53122;Official PlayStation 2 Magazine Demo 56
SCED-53132;Official PlayStation 2 Magazine Demo 56
SCED-53159;Official PlayStation 2 Magazine Demo 57
SCED-53160;Official PlayStation 2 Magazine Demo 57
SCED-53228;Official PlayStation 2 Magazine Demo 57
SCED-53161;Official PlayStation 2 Magazine Demo 58
SCED-53206;Official PlayStation 2 Magazine Demo 58
SCED-53288;Official PlayStation 2 Magazine Demo 58
SCED-53348;Official PlayStation 2 Magazine Demo 58
SCED-53162;Official PlayStation 2 Magazine Demo 59
SCED-53207;Official PlayStation 2 Magazine Demo 59
SCED-53289;Official PlayStation 2 Magazine Demo 59
SCED-50141;Official PlayStation 2 Magazine Demo 6
SCED-53163;Official PlayStation 2 Magazine Demo 60
SCED-53208;Official PlayStation 2 Magazine Demo 60
SCED-53290;Official PlayStation 2 Magazine Demo 60
SCED-53164;Official PlayStation 2 Magazine Demo 61
SCED-53291;Official PlayStation 2 Magazine Demo 61
SCED-53165;Official PlayStation 2 Magazine Demo 62
SCED-53292;Official PlayStation 2 Magazine Demo 62
SCED-53166;Official PlayStation 2 Magazine Demo 63
SCED-53293;Official PlayStation 2 Magazine Demo 63
SCED-53167;Official PlayStation 2 Magazine Demo 64
SCED-53212;Official PlayStation 2 Magazine Demo 64
SCED-53168;Official PlayStation 2 Magazine Demo 65
SCED-53213;Official PlayStation 2 Magazine Demo 65
SCED-53169;Official PlayStation 2 Magazine Demo 66
SCED-53170;Official PlayStation 2 Magazine Demo 67
SCED-53171;Official PlayStation 2 Magazine Demo 68
SCED-53216;Official PlayStation 2 Magazine Demo 68
SCED-53978;Official PlayStation 2 Magazine Demo 69
SCED-54001;Official PlayStation 2 Magazine Demo 69
SCED-50142;Official PlayStation 2 Magazine Demo 7
SCED-54024;Official PlayStation 2 Magazine Demo 70
SCED-54037;Official PlayStation 2 Magazine Demo 70
SCED-54043;Official PlayStation 2 Magazine Demo 71
SCED-54070;Official PlayStation 2 Magazine Demo 71
SCED-54079;Official PlayStation 2 Magazine Demo 71
SCED-54099;Official PlayStation 2 Magazine Demo 71
SCED-54044;Official PlayStation 2 Magazine Demo 72
SCED-54144;Official PlayStation 2 Magazine Demo 72
SCED-54045;Official PlayStation 2 Magazine Demo 73
SCED-54052;Official PlayStation 2 Magazine Demo 73
SCED-54176;Official PlayStation 2 Magazine Demo 73
SCED-54046;Official PlayStation 2 Magazine Demo 74
SCED-54202;Official PlayStation 2 Magazine Demo 74
SCED-54047;Official PlayStation 2 Magazine Demo 75
SCED-54048;Official PlayStation 2 Magazine Demo 76
SCED-54055;Official PlayStation 2 Magazine Demo 76
SCED-54049;Official PlayStation 2 Magazine Demo 77
SCED-54057;Official PlayStation 2 Magazine Demo 78
SCED-54403;Official PlayStation 2 Magazine Demo 78
SCED-54480;Official PlayStation 2 Magazine Demo 78
SCED-54404;Official PlayStation 2 Magazine Demo 79
SCED-50143;Official PlayStation 2 Magazine Demo 8
SCED-54405;Official PlayStation 2 Magazine Demo 80
SCED-54406;Official PlayStation 2 Magazine Demo 81
SCED-54407;Official PlayStation 2 Magazine Demo 82
SCED-54408;Official PlayStation 2 Magazine Demo 83
SCED-54409;Official PlayStation 2 Magazine Demo 84
SCED-54410;Official PlayStation 2 Magazine Demo 85
SCED-54411;Official PlayStation 2 Magazine Demo 86
SCED-54412;Official PlayStation 2 Magazine Demo 87
SCED-54413;Official PlayStation 2 Magazine Demo 88
SCED-54414;Official PlayStation 2 Magazine Demo 89
SCED-50144;Official PlayStation 2 Magazine Demo 9
SCED-50463;Official PlayStation 2 Magazine Demo 9 [France]
SCED-54415;Official PlayStation 2 Magazine Demo 90
SCED-54416;Official PlayStation 2 Magazine Demo 91
SCED-54417;Official PlayStation 2 Magazine Demo 92
SCED-54418;Official PlayStation 2 Magazine Demo 93
SCED-55113;Official PlayStation 2 Magazine Demo 94
SCED-55114;Official PlayStation 2 Magazine Demo 95
SCED-55115;Official PlayStation 2 Magazine Demo 96
SCED-55116;Official PlayStation 2 Magazine Demo 97
SCED-55117;Official PlayStation 2 Magazine Demo 98
SCED-55118;Official PlayStation 2 Magazine Demo 99
PBPX-95514;Official PlayStation 2 Magazine Demo Disc
PBPX-95520;Official PlayStation 2 Magazine Demo Disc
PBPX-95506;Official PlayStation 2 Magazine Demo Disc 2001
SCED-54642;Official PlayStation 2 Magazine Germany 02-2007
SCED-54050;Official PlayStation 2 Magazine Germany 04-2006
SCED-54758;Official PlayStation 2 Magazine Germany 04-2007
SCED-54051;Official PlayStation 2 Magazine Germany 05-2006
SCED-54053;Official PlayStation 2 Magazine Germany 07-2006
SCED-54054;Official PlayStation 2 Magazine Germany 08-2006
SCED-52076;Official PlayStation 2 Magazine Germany 09/04
SCED-54605;Official PlayStation 2 Magazine Germany 1-2007
SCED-54056;Official PlayStation 2 Magazine Germany 10-2006
SCED-52090;Official PlayStation 2 Magazine Germany 10/04
SCED-54058;Official PlayStation 2 Magazine Germany 12-2006
SCED-54059;Official PlayStation 2 Magazine Germany 13-2006
SCED-53209;Official PlayStation 2 Magazine Germany 2005/07
SCED-53210;Official PlayStation 2 Magazine Germany 2005/08
SCED-53211;Official PlayStation 2 Magazine Germany 2005/09
SCED-53214;Official PlayStation 2 Magazine Germany 2005/12
SCED-53215;Official PlayStation 2 Magazine Germany 2005/13
SCED-53217;Official PlayStation 2 Magazine Germany 2006/02
SCED-52119;Official PlayStation 2 Magazine Germany Special Edition 01/2004
SCED-51549;Official PlayStation 2 Magazine Germany Special Edition 2003/02
SCED-51551;Official PlayStation 2 Magazine Germany Special Edition 2003/03
SCED-54693;Official PlayStation 2 Magazine Germany Special Edition 2007-1
SCED-52997;Official PlayStation 2 Magazine Sonderausgabe 2004/3
SCED-51505;Official PlayStation 2 Magazine Special Edition 11
SCED-51541;Official PlayStation 2 Magazine Special Edition 12
SCED-51542;Official PlayStation 2 Magazine Special Edition 13
SCED-51543;Official PlayStation 2 Magazine Special Edition 14
SCED-51544;Official PlayStation 2 Magazine Special Edition 15
SCED-51545;Official PlayStation 2 Magazine Special Edition 16
SCED-51546;Official PlayStation 2 Magazine Special Edition 17
SCED-52193;Official PlayStation 2 Magazine Special Edition 18
SCED-52196;Official PlayStation 2 Magazine Special Edition 20
SCED-51512;Official PlayStation 2 Magazine Special Edition 2003/01
SCED-52996;Official PlayStation 2 Magazine Special No. l 2004
SCED-52081;Official PlayStation 2 Magazine Uncut Edition 01/04
SCED-50254;Official Review of the 2000 FIA Formula 1 World Championship [Formula One 2001 Bonus Disc]
SCUS-97158;Official U.S. PlayStation Magazine Demo Disc 049
SCUS-97165;Official U.S. PlayStation Magazine Demo Disc 051
SCUS-97176;Official U.S. PlayStation Magazine Demo Disc 053
SCUS-97181;Official U.S. PlayStation Magazine Demo Disc 055
SCUS-97182;Official U.S. PlayStation Magazine Demo Disc 056
SCUS-97183;Official U.S. PlayStation Magazine Demo Disc 057
SCUS-97184;Official U.S. PlayStation Magazine Demo Disc 058
SCUS-97185;Official U.S. PlayStation Magazine Demo Disc 059
SCUS-97186;Official U.S. PlayStation Magazine Demo Disc 060
SCUS-97187;Official U.S. PlayStation Magazine Demo Disc 061
SCUS-97188;Official U.S. PlayStation Magazine Demo Disc 062
SCUS-97189;Official U.S. PlayStation Magazine Demo Disc 063
SCUS-97190;Official U.S. PlayStation Magazine Demo Disc 064
SCUS-97191;Official U.S. PlayStation Magazine Demo Disc 065
SCUS-97241;Official U.S. PlayStation Magazine Demo Disc 066
SCUS-97242;Official U.S. PlayStation Magazine Demo Disc 067
SCUS-97243;Official U.S. PlayStation Magazine Demo Disc 068
SCUS-97244;Official U.S. PlayStation Magazine Demo Disc 069
SCUS-97245;Official U.S. PlayStation Magazine Demo Disc 070
SCUS-97246;Official U.S. PlayStation Magazine Demo Disc 071
SCUS-97247;Official U.S. PlayStation Magazine Demo Disc 072
SCUS-97248;Official U.S. PlayStation Magazine Demo Disc 073
SCUS-97249;Official U.S. PlayStation Magazine Demo Disc 074
SCUS-97250;Official U.S. PlayStation Magazine Demo Disc 075
SCUS-97251;Official U.S. PlayStation Magazine Demo Disc 076
SCUS-97252;Official U.S. PlayStation Magazine Demo Disc 077
SCUS-97331;Official U.S. PlayStation Magazine Demo Disc 078
SCUS-97332;Official U.S. PlayStation Magazine Demo Disc 079
SCUS-97333;Official U.S. PlayStation Magazine Demo Disc 080
SCUS-97334;Official U.S. PlayStation Magazine Demo Disc 081
SCUS-97335;Official U.S. PlayStation Magazine Demo Disc 082
SCUS-97336;Official U.S. PlayStation Magazine Demo Disc 083
SCUS-97337;Official U.S. PlayStation Magazine Demo Disc 084
SCUS-97338;Official U.S. PlayStation Magazine Demo Disc 085
SCUS-97339;Official U.S. PlayStation Magazine Demo Disc 086
SCUS-97340;Official U.S. PlayStation Magazine Demo Disc 087
SCUS-97341;Official U.S. PlayStation Magazine Demo Disc 088
SCUS-97342;Official U.S. PlayStation Magazine Demo Disc 089
SCUS-97442;Official U.S. PlayStation Magazine Demo Disc 090
SCUS-97443;Official U.S. PlayStation Magazine Demo Disc 091
SCUS-97444;Official U.S. PlayStation Magazine Demo Disc 092
SCUS-97445;Official U.S. PlayStation Magazine Demo Disc 093
SCUS-97446;Official U.S. PlayStation Magazine Demo Disc 094
SCUS-97447;Official U.S. PlayStation Magazine Demo Disc 095
SCUS-97448;Official U.S. PlayStation Magazine Demo Disc 096
SCUS-97449;Official U.S. PlayStation Magazine Demo Disc 097
SCUS-97450;Official U.S. PlayStation Magazine Demo Disc 098
SCUS-97451;Official U.S. PlayStation Magazine Demo Disc 099
SCUS-97452;Official U.S. PlayStation Magazine Demo Disc 100
SCUS-97453;Official U.S. PlayStation Magazine Demo Disc 101
SCUS-97454;Official U.S. PlayStation Magazine Demo Disc 102
SCUS-97531;Official U.S. PlayStation Magazine Demo Disc 103
SCUS-97532;Official U.S. PlayStation Magazine Demo Disc 104
SCUS-97533;Official U.S. PlayStation Magazine Demo Disc 105
SCUS-97534;Official U.S. PlayStation Magazine Demo Disc 106
SCUS-97535;Official U.S. PlayStation Magazine Demo Disc 107
SCUS-97536;Official U.S. PlayStation Magazine Demo Disc 108
SCUS-97537;Official U.S. PlayStation Magazine Demo Disc 109
SCUS-97538;Official U.S. PlayStation Magazine Demo Disc 110
SCUS-97539;Official U.S. PlayStation Magazine Demo Disc 111
SCUS-97540;Official U.S. PlayStation Magazine Demo Disc 112
SLES-52751;Offroad Extreme!
SLPM-62764;Ojama Shitemasu 2 Shuukan [Best Version]
SLPM-66726;Ojousama Kumikyoku - Sweet Concert
SCUS-97129;Okage - Shadow King
SCES-54439;Okami
SLES-54439;Okami
SLPM-66375;Okami
SLUS-21115;Okami
SCKA-20095;Okami [English Version]
SLPM-74239;Okami [PlayStation 2 the Best]
SCPS-15074;Olympic Summer Games - Athens 2004
SCES-52649;Om Droit au Bit - Club Football 2005
SLES-52649;Om Droit au Bit - Club Football 2005
SLPM-66385;Omoi no Kakera - Close to [2800 Collection]
SLPS-25173;Omoide ni Kawaru-Kimi - Memories Off
SLPM-55099;Omoide ni Kawaru-Kimi - Memories Off [Renai Game Selection]
SLPM-65601;Omoide ni Kawaru-Kimi - Memories Off [SuperLite 2000 Series]
SCES-54165;One Piece - Grand Adventure
SLES-54165;One Piece - Grand Adventure
SLKA-25388;One Piece - Grand Adventure
SLUS-21435;One Piece - Grand Adventure
SCES-53579;One Piece - Grand Battle
SLES-53579;One Piece - Grand Battle
SLUS-20975;One Piece - Grand Battle
SLUS-29159;One Piece - Grand Battle [Demo]
SLPS-25315;One Piece - Grand Battle 3
SLPS-25473;One Piece - Grand Battle! Combat Rush
SLPS-25382;One Piece - Land Land
SLPS-25576;One Piece - Pirates Carnival
SLUS-21364;One Piece - Pirates Carnival
SLPS-25583;One Piece - Pirates Carnival [Multi-Tap Edition]
SLES-52731;One Piece - Round the Land
SCES-50134;Oni
SCES-50176;Oni
SCES-50177;Oni
SLES-50134;Oni
SLES-50176;Oni
SLES-50177;Oni
SLUS-20064;Oni
SLPM-62625;Onihama Bakusou Gurentai Gekitou Hen
SLPM-65010;Onimusha
SLUS-20710;Onimusha - Blade Warriors
SLES-82038;Onimusha - Dawn of Dreams
SLES-82039;Onimusha - Dawn of Dreams
SLUS-21180;Onimusha - Dawn of Dreams
SLUS-21362;Onimusha - Dawn of Dreams
SCES-50247;Onimusha - Warlords
SLES-50247;Onimusha - Warlords
SLUS-20018;Onimusha - Warlords
SLPM-66501;Onimusha [Mega Hits]
SLPM-74206;Onimusha [PlayStation 2 The Best]
SLPM-65100;Onimusha 2
SLPM-65101;Onimusha 2
SCES-50978;Onimusha 2 - Samurai's Destiny
SLES-50978;Onimusha 2 - Samurai's Destiny
SLUS-20393;Onimusha 2 - Samurai's Destiny
SLPM-66504;Onimusha 2 [Mega Hits]
SLPM-65413;Onimusha 3
SCES-51914;Onimusha 3 - Demon Siege
SLES-51914;Onimusha 3 - Demon Siege
SLUS-20694;Onimusha 3 - Demon Siege
SCES-51913;Onimusha Blade Warrior
SLES-51913;Onimusha Blade Warrior
SLPM-65411;Onimusha Buraiden
SLPM-62195;Online Games - Dai Guruguru Onsen
SLPM-65586;Online Pro Wrestling
PBPX-95246;Online Start-Up Disc 3.5 - Broadband Only
PBPX-95247;Online Start-Up Disc 3.5 - Broadband Only
SCUS-97357;Online Start-Up Disc 4.0
PBPX-95248;Online Start-Up Disc 4.0 - Broadband Only
PBPX-95251;Online Start-Up Disc 4.0 - Broadband Only
PBPX-95245;Online Start-Up Disc v1.0
PBPX-95250;Online Start-Up Disc v1.0
PBPX-95239;Online Start-Up Disc V3.0
PBPX-95242;Online Start-Up Disc V3.0
SLPS-25150;Only You
SLPS-25237;Only You
SLPM-66162;ONLY YOU LIBER CROSS [BEST HIT SELECTION]
SLPS-25501;Onmyou Taisenki - Hasha no In
SLPM-09446;Ookami [PlayStation 2 the Best]
SLPM-66441;Oookuki
SCES-54310;Open Season
SLES-54310;Open Season
SLUS-21467;Open Season
SCES-54316;Open Season - Rebelles de la Foret
SLES-54316;Open Season - Rebelles de la Foret
SCES-52572;Operation Air Assault
SLES-52572;Operation Air Assault
SLES-54804;Operation Air Assault 2
SCES-50155;Operation Winback
SLES-50155;Operation Winback
SCES-54116;Operation Winback 2 - Project Poseidon
SLES-54116;Operation Winback 2 - Project Poseidon
SCPS-15038;Operator's Side
SCPS-15039;Operator's Side
SCPS-19214;Operator's Side [PlayStation 2 The Best]
SCPS-19213;Operator's Side [PlayStation 2 The Best] [with Microphone]
SLPS-25767;Orange Honey - Boku wa Kimi ni Koishiteru
SLPS-25859;Orange Honey - Boku wa Kimi ni Koishiteru [Best Version]
SLPS-25766;Orange Honey - Boku wa Kimi ni Koishiteru [Limited Edition]
SLPM-65525;Orange Pocket - Root
SLPM-65524;Orange Pocket - Root [Limited Edition]
SLPS-25796;Ore no Shite Agake
SLPM-65056;Orega Kantoku da Vol.2 - Getitou Pennent Race
SLPM-62695;Oretachi Geasen Zoku Sono - Burger Time
SLPM-62706;Oretachi Geasen Zoku Sono - Nekketsu Kouha Kunio-kun
SLPM-62705;Oretachi Geasen Zoku Sono - Nekketsu Koukou Dodgeball-bu
SLPM-62707;Oretachi Geasen Zoku Sono - Rabio Lepus
SLPM-62661;Oretachi Geasen Zoku Sono - Terra Cresta
SLPM-62744;Oretachi Geasen Zoku Sono - Thunder Cross
SLPM-62696;Oretachi Geasen Zoku Sono - Yie Ar Kung-fu
SLPM-62626;Oretachi Geasen Zoku Sono Vol.01 - Scramble
SLPM-62627;Oretachi Geasen Zoku Sono Vol.02 - Crazy Climber
SLPM-62628;Oretachi Geasen Zoku Sono Vol.03 - Karate Michi
SLPM-62644;Oretachi Geasen Zoku Sono Vol.04 - Time Pilot
SLPM-62645;Oretachi Geasen Zoku Sono Vol.05 - Moon Cresta
SLPM-62646;Oretachi Geasen Zoku Sono Vol.06 - Sonic Wings
SLPM-62660;Oretachi Geasen Zoku Sono Vol.09 - Super Volleyball
SLPM-62704;Oretachi Geasen Zoku Sono Vol.10 - Quarth
SLPM-62729;Oretachi Geasen Zoku Sono Vol.15 - Akumajou Dracula
SLPM-62730;Oretachi Geasen Zoku Sono Vol.16 - Contra
SLPM-62731;Oretachi Geasen Zoku Sono Vol.17 - Pooyan
SLPM-62745;Oretachi Geasen Zoku Sono Vol.19 - Trio the Punch
SCES-50062;Orphen - Scion of Sorcery
SLES-50062;Orphen - Scion of Sorcery
SLUS-20011;Orphen - Scion of Sorcery
SLPM-65535;Oshiete! Popotan
SLPM-55220;Osouji Sentai Clean Keeper H
SLPM-55219;Osouji Sentai Clean Keeper H [Limited Edition]
SLPM-62305;Othello [SuperLite 2000]
SLPM-66165;Otome Hao Anesama ni Koi Shiteru
SLPM-66508;Otome no Jijou
SLPM-66507;Otome no Jijou [Limited Edition]
SLPM-55279;Otometeki Koi Kakumei * Love Revo [Best Edition]
SLPM-66238;Otometeki Koi Kakumei Rabu Rebo!!
SLPM-66237;Otometeki Koi Kakumei Rabu Rebo!! [Love Revo Box]
SLPM-62549;Otona no Gal - Kimi ni Hane Man [Jaleco The Best]
SLPS-20328;Otona no Gal Jan - Kimi ni Hane Man
SLPM-66194;Otona no Gal Jan 2
PAPX-90226;Otostaz
PAPX-90228;Otostaz
SCPS-11024;Otostaz
SCPS-55023;Otostaz
SLPS-20463;Ougon Kishi Garo
SLPS-20462;Ougon Kishi Garo [Limited Edition]
SCES-51926;Outlaw Golf
SLES-51926;Outlaw Golf
SCES-52965;Outlaw Golf 2
SLES-52965;Outlaw Golf 2
SLUS-21030;Outlaw Golf 2
SCES-53490;Outlaw Tennis
SLES-53490;Outlaw Tennis
SLUS-21190;Outlaw Tennis
SCES-52259;Outlaw Volleyball
SLES-52259;Outlaw Volleyball
SCES-53138;Outlaw Volleyball - Remixed
SLES-53138;Outlaw Volleyball - Remixed
SLUS-21049;Outlaw Volleyball Remixed
SCES-53998;OutRun 2006 - Coast 2 Coast
SLES-53998;OutRun 2006 - Coast 2 Coast
SLUS-21274;Outrun 2006 - Coast 2 Coast
SLPM-66643;OutRun2 SP
SLPM-66628;OutRun2 SP [First Print Limited Edition]
SCES-53866;Over the Hedge
SCES-53987;Over the Hedge
SCES-53988;Over the Hedge
SCES-53989;Over the Hedge
SLES-53866;Over the Hedge
SLES-53987;Over the Hedge
SLES-53988;Over the Hedge
SLES-53989;Over the Hedge
SLUS-21300;Over the Hedge
SLPM-65271;Over the Monochrome Rainbow featuring Shogo Hamada
SLPM-66033;Oz
SLPM-66261;Oz [Konami The Best]
SLUS-20567;P.T.O. IV - Pacific Theater of Operations
SCES-52257;P.T.O. IV - Pacific Theater of Operations IV
SLES-52257;P.T.O. IV - Pacific Theater of Operations IV
SLUS-20197;Pac-Man Fever
SCES-54584;Pac-Man Rally
SLES-54584;Pac-Man Rally
SCES-50888;Pac-Man World 2
SLES-50888;Pac-Man World 2
SLPS-25141;Pac-Man World 2
SLUS-20224;Pac-Man World 2
SCES-53959;Pac-Man World 3
SLES-53959;Pac-Man World 3
SLUS-21219;Pac-Man World 3
SLUS-21328;Pac-Man World Rally
SLPS-20151;Pachi-Slot Aruze Oukoku 6
SLPS-20220;Pachi-Slot Aruze Oukoku 7
SLPS-20490;Pachi-Slot Club Collection - IM Juggler EX - Juggler Selection
SLPS-20427;Pachi-Slot Club Collection - Pachi-Slot Dayo Koumon Chama
SLPM-55211;Pachi-Slot Higrashi no Naku Koro ni Matsuri
SLPM-62152;Pachi-Slot Kanzen Kouryaku - Gigazone
SLPM-62220;Pachi-Slot Kanzen Kouryaku - Gigazone - The Meteor Strike
SLPS-20487;Pachi-Slot King! Kagaku Ninja-Tai Gatchaman
KOEI-00068;Pachi-Slot Nobunaga no Yabou - Tenka Sousei [Pachi-Slot Set]
SLPM-62620;Pachi-Slot Winning Post
KOEI-00046;Pachi-Slot Winning Post [with Controller]
SLPS-20186;Pachinko de Yuubou! Fever Dodeka Saurus
SLPS-25853;Pachinko Kamen Rider - Shocker Zenmetsu Daisakusen
SLPS-25724;Pachinko Kaou - Misora Hibari
SLPS-20102;Pachinko Paradise 6
SLPM-62482;Pachinko Slot Tokodensho - Inoki Festival
SLPM-66475;Pachislot Hokuto no Ken [Limited Edition]
SLPS-20157;Pachitte Chonmage Tatsujin - CR Nettou Power Pro Kun
SLPS-25665;Pachitte Chonmage Tatsujin 10
SLPS-25776;Pachitte Chonmage Tatsujin 12
SLPS-25828;Pachitte Chonmage Tatsujin 13 - Pachinko Hissatsu Shigotojin III
SLPS-25907;Pachitte Chonmage Tatsujin 15 - Pachinko Fuyu no Sonata 2
SLPS-25980;Pachitte Chonmage Tatsujin 16 - Pachinko Hissatsu Shigotonin III - Matsuri Version
SLPS-20253;Pachitte Chonmage Tatsujin 2 - CR Jurassic Park
SLPS-20275;Pachitte Chonmage Tatsujin 3
SLPS-20276;Pachitte Chonmage Tatsujin 4
SLPS-25567;Pachitte Chonmage Tatsujin 9
SLPS-25548;Pachitte Ultra Seven Chonmage Tatsujin 8
SCES-52571;Pacific Air Warriors 2 - Dogfight
SLES-52571;Pacific Air Warriors 2 - Dogfight
SLES-54665;Paddington Bear
SLPS-20135;Pai Chenjan
SLPM-66817;Palais de Reine
SLPM-55280;Palais de Reine [Best Edition]
SLPM-55269;Pandora - Kimi no Namae o Boku wa Shiru
PKP2-00702;Pandora - Kimi no Namae o Boku wa Shiru [Limited Edition]
SLPS-25148;Panel Quiz Attack 25
SLPS-25187;Panel Quiz Attack 25 [DigiCube Best Selection]
SLPM-66762;Panic Palette
SLPM-66761;Panic Palette [Limited Edition]
SCES-52984;Panzer Front Ausf B
SLES-52984;Panzer Front Ausf B
SLPS-25417;Panzer Front Ausf.B [Enterbrain Collection]
SLPS-25354;Panzer Frony - Ausf. B
SCES-53489;Paparazzi
SLES-53489;Paparazzi
SLPM-65020;ParaPara Paradise
PCPX-96320;PaRappa the Rapper 2
SCES-50408;PaRappa the Rapper 2
SCPS-15017;PaRappa the Rapper 2
SCUS-97167;PaRappa the Rapper 2
SLES-50408;PaRappa the Rapper 2
SCPS-19201;PaRappa the Rapper 2 [PlayStation 2 The Best]
ALCH-00007;Parfait - Chocolat Second Style [Limited Edition]
SLUS-20324;Paris Dakar Rally
SCES-52659;Paris Saint-Germain Club Football 2005
SLES-52659;Paris Saint-Germain Club Football 2005
SCES-50879;Paris-Dakar 2
SLES-50879;Paris-Dakar 2
SCES-50212;Paris-Dakar Rally
SLES-50212;Paris-Dakar Rally
SCES-50994;Paris-Marseille Racing II
SLES-50994;Paris-Marseille Racing II
SCES-53406;Party Girls
SLES-53406;Party Girls
SLPM-65640;Party Shana Nanco
SLPM-65639;Party Shana Nanco [Limited Edition]
SLPM-66398;Parufu - Chocolat Second Brew
SLUS-21825;PBR - Out of the Chute
SLPM-62569;PC Genjin [Hudson The Best]
SLES-54111;PDC World Championship Darts
SLES-54992;PDC World Championship Darts 2008
SLUS-21773;PDC World Championship Darts 2008
SLUS-21468;Peanuts All-Star
SCES-50252;Penny Racers
SLES-50252;Penny Racers
SLPM-62315;Pepit Copter [with Controller]
SCES-51735;Perfect Ace - Pro Tournament Tennis
SLES-51735;Perfect Ace - Pro Tournament Tennis
SCES-52402;Perfect Ace 2 - The Championships
SLES-52402;Perfect Ace 2 - The Championships
SCKA-20099;Persona 3
SLPM-66445;Persona 3
SLPM-66689;Persona 3 - Fes [Append Edition]
SLPM-83770;Persona 3 - Fes [Append Edition]
SCKA-20109;Persona 3 - Fes [Independent Starting Version]
SLPM-66690;Persona 3 - Fes [Independent Starting Version]
SLPM-74277;Persona 3 - Fes [PlayStation 2 the Best]
SCKA-20132;Persona 4
SLPM-66978;Persona 4 [Konami-style Special Edition]
SLPM-74278;Persona 4 [PlayStation 2 the Best]
SLES-54592;Petanque Pro
SLKA-25337;Peter Jackson's King Kong - The Official Game of the Movie
SCES-50526;Peter Pan
SLES-50526;Peter Pan
SLES-54684;Peter Pan
SCES-50531;Peter Pan - Legenden om Onskeoen
SLES-50531;Peter Pan - Legenden om Onskeoen
SLPM-66945;Petit Four
SLPM-66944;Petit Four [Limited Edition]
SLUS-21675;Petz - Catz 2
SLUS-21674;Petz - Dogz 2
SLUS-21689;Petz - Horsez 2
SCES-54308;Phantasy Star Universe
SLES-54308;Phantasy Star Universe
SLPM-66031;Phantasy Star Universe
SLUS-21194;Phantasy Star Universe
SLES-54892;Phantasy Star Universe - Ambition of the Illuminus
SLPM-66663;Phantasy Star Universe - Ambition of the Illuminus
SLUS-21631;Phantasy Star Universe - Ambition of the Illuminus
SLPM-74244;Phantasy Star Universe [PlayStation 2 the Best]
SCES-52951;Phantom Brave
SLES-52951;Phantom Brave
SLPS-20345;Phantom Brave
SLUS-20955;Phantom Brave
SLPS-20344;Phantom Brave [Limited Edition]
SLPS-73108;Phantom Brave [PlayStation 2 The Best]
SLPS-20410;Phantom Kingdom
SLPS-20409;Phantom Kingdom [Limited Edition]
SLPM-65204;Phantom of Inferno
SLPM-65203;Phantom of Inferno [Limited Edition]
PCPX-96316;Phase Paradox
SCPS-15005;Phase Paradox
SLPS-25221;Pia - Welcome to Carrot 3
SLPS-25222;Pia Carrot e Youkoso!! 3
SLPM-65921;Pia Carrot e Youkoso!! 3 [Best Version]
SLPM-66896;Pia Carrot e Youkoso!! G.O. Summer Fair
SLPM-55142;Pia Carrot e Youkoso!! G.O. Summer Fair [Best Version]
SLPM-55102;Pia Carrot e Youkoso!! G.P. Gakuen Princess
SLPM-69001;Picture Paradise Club [Trial Version]
SLPM-69006;PictureParadise Club Vol.2
SCES-51658;Piglet's Big Game
SCES-51659;Piglet's Big Game
SCES-51666;Piglet's Big Game
SCES-51667;Piglet's Big Game
SCES-51668;Piglet's Big Game
SLES-51658;Piglet's Big Game
SLES-51659;Piglet's Big Game
SLES-51666;Piglet's Big Game
SLES-51667;Piglet's Big Game
SLES-51668;Piglet's Big Game
SLUS-20659;Piglet's Big Game
SCES-53099;Pilot Down - Behind Enemy Lines
SLES-53099;Pilot Down - Behind Enemy Lines
SLPS-20077;Pilot ni Narou! 2
SLPS-73001;Pilot ni Narou! 2 [PlayStation 2 the Best]
SLPS-73106;Pilot Nina Rou! 2 [PlayStation 2 The Best]
SLES-54607;Pimp My Ride
SLUS-21580;Pimp my Ride
SLUS-21872;Pimp my Ride - Street Racing
SCES-52393;Pinball Fun
SLES-52393;Pinball Fun
SCES-52863;Pinball Hall of Fame
SLES-52863;Pinball Hall of Fame
SLUS-21038;Pinball Hall of Fame - The Gottlieb Collection
SLUS-21589;Pinball Hall of Fame - The Williams Collection
SCES-52519;Pink Pong
SLES-52519;Pink Pong
SLES-55240;Pipe Mania
SLUS-21766;Pipemania
SCPS-11014;Pipo Saru [Ape Escape] 2001
SCPS-19104;Pipo Saru 2001 [PlayStation 2 The Best]
SCPS-19153;Pipo Saru 2001 [PlayStation 2 The Best]
SCES-54393;Pippa Funnell - Take the Reins
SLES-54393;Pippa Funnell - Take the Reins
SLES-54994;Pippa Funnell 2 - Ranch Rescue
SLUS-20365;Pirates - Legend of Black Kat
SLUS-21478;Pirates - Legend of the Black Buccaneer
SCES-50680;Pirates - The Legend of Black Kat
SLES-50680;Pirates - The Legend of Black Kat
SLES-54179;Pirates of the Caribbean - At World's End
SLPM-66800;Pirates of the Caribbean - At World's End
SLUS-21545;Pirates of the Caribbean - At World's End
SLUS-21565;Pirates of the Caribbean - At World's End
SCES-54083;Pirates of the Caribbean - The Legend of Jack Sparrow
SCES-54237;Pirates of the Caribbean - The Legend of Jack Sparrow
SLES-54083;Pirates of the Caribbean - The Legend of Jack Sparrow
SLES-54237;Pirates of the Caribbean - The Legend of Jack Sparrow
SLUS-21110;Pirates of the Caribbean - The Legend of Jack Sparrow
SCES-51686;Pitfall - The Lost Expedition
SCES-51687;Pitfall - The Lost Expedition
SCES-51688;Pitfall - The Lost Expedition
SCES-51689;Pitfall - The Lost Expedition
SCES-51690;Pitfall - The Lost Expedition
SLES-51686;Pitfall - The Lost Expedition
SLES-51687;Pitfall - The Lost Expedition
SLES-51688;Pitfall - The Lost Expedition
SLES-51689;Pitfall - The Lost Expedition
SLES-51690;Pitfall - The Lost Expedition
SLUS-20408;Pitfall - The Lost Expedition
SLPM-55032;Piyo-Tan - Oyashiki Sennyuu Daisakusen!
SLPM-65611;Pizzicato Polka
SLPM-66412;Pizzicato Polka - Suisei Genya [2800 Collection]
SLUS-20813;Plague of Darkness
SCES-53913;Plan
SCES-53914;Plan
SCES-53965;Plan
SLES-53913;Plan, The
SLES-53914;Plan, The
SLES-53965;Plan, The
SLUS-21466;Plan, The
SLUS-21618;Plan, The
SLPM-66472;Planetarian - The Reverie of a Little Planet
SLPS-20164;Plarail - Yume ga Ippai!
SCES-51630;Play It Chess Challenger
SLES-51630;Play It Chess Challenger
SCES-51555;Play It Pinball
SLES-51555;Play It Pinball
SCES-52752;Playboy - The Mansion
SLES-52752;Playboy - The Mansion
SLUS-20988;Playboy - The Mansion
SCES-50266;Playmobil - Hype - The Time Quest
SLES-50266;Playmobil - Hype - The Time Quest
SLPM-62332;PlayOnline Viewer - Tetra Master & Janhourou
SLPM-62134;PlayOnline Viewer & Tetra Master [Beta]
PBPX-95205;Playstation 2 - Demo Disc 2000
SCED-52225;PlayStation 2 Christmas Special 2003
SCUS-97117;PlayStation 2 Demo Disc Version 2.1 [Need for Speed - Underground]
SCUS-97126;PlayStation 2 Demo Disc Version 2.2
SCUS-97155;PlayStation 2 Demo Disc Version 2.3
SCED-50161;PlayStation 2 Greatest Hits - Vol 1
SCED-50162;PlayStation 2 Greatest Hits - Vol 2
SCED-50163;PlayStation 2 Greatest Hits - Vol 3
SCED-50164;PlayStation 2 Greatest Hits - Vol 4
SCED-50784;PlayStation 2 Greatest Hits - Vol 5
SCED-54640;PlayStation 2 Magazine Ufficiale Italia Presenta - Speciale Sport
SCED-51591;PlayStation 2 Official Demo Disc Edition Pour Revendeurs #5
SCED-50785;PlayStation 2 Special Edition - Sports Games
SCPN-60101;PlayStation BB Navigator [Version 0.10]
SCPN-60130;PlayStation BB Navigator [Version 0.20]
SCPN-60140;PlayStation BB Navigator [Version 0.30]
SCPN-60150;PlayStation BB Navigator [Version 0.31]
SCPN-60160;PlayStation BB Navigator [Version 0.32]
SCED-51148;PlayStation Experience
SCED-51899;PlayStation Experience
SCED-51938;PlayStation Experience
PCPX-96626;PlayStation Index [DVD-ROM-ban] - PlayStation 2 Official Soft Catalog 2002 April
SCUS-97121;PlayStation Underground 4.3 [Disc2]
SCUS-97144;PlayStation Underground 5.1
SCUS-97529;PlayStation Underground Demo Disc - Holiday 2005 [M-Rated]
SCUS-97528;PlayStation Underground Demo Disc - Holiday 2005 [T-Rated]
SCUS-97120;PlayStation Underground Demo Disc 4.4 [Disc1&2]
SCUS-97166;PlayStation Underground Holiday 2001
SCUS-97455;PlayStation Underground Holiday 2004 [M-Rated]
SCUS-97456;PlayStation Underground Holiday 2004 [T-Rated]
SCUS-97206;PlayStation Underground Jampack Summer 2002
SCUS-97216;PlayStation Underground Summer Sampler
SCES-54140;Playwize Poker & Casino
SLES-54140;Playwize Poker & Casino
SLPS-25639;Plus Plum 2 Again
SLPS-20323;Pochinya
SLPM-55012;Poi! Hito Natsu no Keiken!?
SLPM-55011;Poi! Hito Natsu no Keiken!? [Limited Edition]
SCPS-15013;Poinie's Poin
SCPS-55045;Poinie's Poin 3
SLPS-25854;Poison Pink
SLES-52779;Poker Masters
SCES-52605;Polar Express
SCES-52685;Polar Express
SLES-52605;Polar Express, The
SLES-52685;Polar Express, The
SLUS-20989;Polar Express, The
SLES-50557;Polaroid Pete [Review]
SCES-50285;Police 24-7
SLES-50285;Police 24-7
SCES-51864;Police Chase Down
SLES-51864;Police Chase Down
SCES-53536;Police Madness
SLES-53536;Police Madness
SCKA-20058;Poncotsu Roman Daikatsugeki Bumpy Trot
SLPS-25457;Poncotsu Roman Daikatsugeki Bumpy Trot
SLPS-25683;Poncotsu Roman Daikatsugeki Bumpy Trot [Irem Collection]
SLPM-60255;Ponkotsu Roman Daikatsugeki - Bumpy Trot
SCAJ-20129;Ponkotsu Roman Daikatsugeki Bumpy Trot
SCES-50052;Pool Master
SLES-50052;Pool Master
SCES-52246;Pool Paradise
SLES-52246;Pool Paradise
SLUS-20987;Pool Paradise
SLES-53863;Pool Paradise - International Edition
SCES-52773;Pool Shark 2
SLES-52773;Pool Shark 2
SCES-51825;Pop Idol
SLES-51825;Pop Idol
SCES-52062;Pop Star Academy
SLES-52062;Pop Star Academy
SLPM-62288;Pop'n Music - Best Hits
SLPM-65770;Pop'n Music 10
SLPM-66210;Pop'n Music 10 [Konami The Best]
SLPM-65769;Pop'n Music 10 [with Pop'n Controller 2]
SLPM-66065;Pop'n Music 11
SLPM-66314;Pop'n Music 12 - Iroha
SLPM-66533;Pop'n Music 13 - Carnival
SLPM-66742;Pop'n Music 14 Fever
SLPM-65208;Pop'n Music 7
SLPM-66178;Pop'n Music 7 [Konami The Best]
SLPM-65316;Pop'n Music 8
SLPM-66179;Pop'n Music 8 [Konami The Best]
SLPM-65508;Pop'n Music 9
SLPM-66209;Pop'n Music 9 [Konami The Best]
SLPM-62464;Pop'n Taisen Pazurudame Online
SLUS-21768;PopCap Hits Vol.2
SLUS-21710;PopCap Hits Volume 1
SCPS-15027;PoPoLoCrois - Hajimari no Bouken
SCPS-15028;PoPoLoCrois - Hajimari no Bouken
SCPS-19307;Popolocrois - The First Adventure [PlayStation 2 The Best]
SCAJ-20063;Popolocrois - The Law of the Moon
SCPS-15063;Popolocrois - The Law of the Moon
PAPX-90503;PoPoLoCrois - Tsuki no Okite no Bouken
SCPS-55028;Popolocrois Story - Hajime no Bouken
SCPS-19207;Popolocrois Story - Hajime no Bouken [PlayStation 2 The Best]
SCPS-15006;Popolocrois Story 3 [Limited Edition]
SLUS-21827;PopStar Guitar
SCES-50263;Portal Runner
SCES-50444;Portal Runner
SLES-50263;Portal Runner
SLES-50444;Portal Runner
SLUS-20003;Portal Runner
SLES-54983;Postman Pat
SLUS-20978;Power Drome
SLUS-20944;Power Rangers - Dino Thunder
SLES-54835;Power Rangers - Super Legends
SLUS-21679;Power Rangers - Super Legends
SCES-52886;Power Rangers Dino Thunder
SCES-52887;Power Rangers Dino Thunder
SLES-52886;Power Rangers Dino Thunder
SLES-52887;Power Rangers Dino Thunder
SLPM-62236;Power Smash 2
SLPM-62265;Power Smash 2
SLPM-62394;Power Smash 2 [Sega The Best - 2800 Series]
SLES-54717;Power Volleyball
SCES-52418;Powerdrome
SCES-54418;Powerdrome
SLES-52418;Powerdrome
SLES-54418;Powerdrome
SLPM-65445;Powerful Pro Baseball 10 - Decision
SLPM-62008;Powerful Pro Baseball 7
SLPM-62274;Powerful Pro Baseball 9 Ketteiban
SCES-51134;Powerpuff Girls - Relish Rampage
SLES-51134;Powerpuff Girls - Relish Rampage
SLUS-20585;Powerpuff Girls, The - Relish Rampage
SCES-54084;PowerShot Pinball
SLES-54084;PowerShot Pinball
SCES-53091;Predator - Concrete Jungle
SLES-53091;Predator - Concrete Jungle
SLUS-20875;Predator - Concrete Jungle
SLES-54633;Premier Manager 08
SLES-55044;Premier Manager 09
SCES-50722;Premier Manager 2002-2003
SLES-50722;Premier Manager 2002-2003
SCES-51833;Premier Manager 2003-2004
SCES-51834;Premier Manager 2003-2004
SCES-52249;Premier Manager 2003-2004
SLES-51833;Premier Manager 2003-2004
SLES-51834;Premier Manager 2003-2004
SLES-52249;Premier Manager 2003-2004
SCES-52958;Premier Manager 2004-2005
SCES-52960;Premier Manager 2004-2005
SCES-52961;Premier Manager 2004-2005
SLES-52958;Premier Manager 2004-2005
SLES-52960;Premier Manager 2004-2005
SLES-52961;Premier Manager 2004-2005
SCES-53238;Premier Manager 2005-2006
SLES-53238;Premier Manager 2005-2006
SCES-53877;Premier Manager 2006-2007
SCES-54551;Premier Manager 2006-2007
SLES-53877;Premier Manager 2006-2007
SLES-54551;Premier Manager 2006-2007
PCPX-96606;PrePre 2 Volume 0 - 2001 February
PCPX-96611;PrePre 2 Volume 1 - 2001 April
PCPX-96641;PrePre 2 Volume 10 - 2004 April
PCPX-96646;PrePre 2 Volume 11 - 2004 August
PCPX-96655;PrePre 2 Volume 12 - 2004 December
PCPX-96656;PrePre 2 Volume 12 - 2004 December - PSP Movie Collection & CM Collection
PCPX-96616;PrePre 2 Volume 2 - 2001 August
PCPX-96622;PrePre 2 Volume 3 - 2001 December
PCPX-96625;PrePre 2 Volume 4 - 2002 April
PCPX-96628;PrePre 2 Volume 5 - 2002 August
PCPX-96630;PrePre 2 Volume 6 - 2002 December
PCPX-96632;PrePre 2 Volume 7 - 2003 April
PCPX-96633;PrePre 2 Volume 7 - 2003 April - CM Collection
PCPX-96635;PrePre 2 Volume 8 - 2003 August
PCPX-96639;PrePre 2 Volume 9 - 2003 December
PCPX-96305;PrePre Plus 004 - 2000 June [Disc 2]
SLPM-66890;Pri-Saga! Princess o Sagase!
SLPM-66889;Pri-Saga! Princess o Sagase! [Limited Edition]
SLPM-65167;Pride
SCES-51371;Pride FC
SLES-51371;Pride FC
SLUS-20406;Pride FC - Fighting Championships
SLUS-29044;Pride FC - Fighting Championships [Demo]
SLPM-65416;Pride Grand Prix 2003
SCED-51484;Primal
SCES-51685;Primal
SLES-51135;Primal
SLES-51685;Primal
SCUS-97142;Primal - Civilization Is Only Skin Deep
SCUS-97225;Primal [Demo]
SCES-51135;Primal [Review]
SCED-51491;Primal + The Mark of Kri
SCED-51506;Primal + The Mark of Kri + War of the Monsters
SLPM-62031;Primal Image for Printer
SLPS-20013;Primal Image Vol.01
SLPS-20312;Primopuel - My Special Partner
SLPS-20311;Primopuel - My Special Partner [Limited Edition]
PAPX-90517;Prince of Persia - Jikan no Suna
SLUS-20743;Prince of Persia - Sands of Time
SCES-51918;Prince of Persia - The Sands of Time
SCPS-15066;Prince of Persia - The Sands of Time
SLES-51918;Prince of Persia - The Sands of Time
SLUS-29069;Prince of Persia - The Sands of Time [Demo]
SCES-53777;Prince of Persia - The Two Thrones
SLES-53777;Prince of Persia - The Two Thrones
SLPM-66391;Prince of Persia - The Two Thrones
SLUS-21287;Prince of Persia - The Two Thrones
SCAJ-20154;Prince of Persia - Warrior Within
SCES-52822;Prince of Persia - Warrior Within
SLES-52822;Prince of Persia - Warrior Within
SLPM-66002;Prince of Persia - Warrior Within
SLUS-21022;Prince of Persia - Warrior Within
SLPM-66673;Prince of Persia - Warrior Within [Ubisoft the Best]
SLPM-66608;Prince of Tennis - DokiDoki Survival - Sanroku no Mystic
SLPM-66610;Prince of Tennis - DokiDoki Survival - Umibe no Secret
SLPM-66596;Prince of Tennis - Gakuensai no Oji-sama [Konami the Best]
SLPM-65398;Prince of Tennis - Kiss of Prince - Flame Version
SLPM-65397;Prince of Tennis - Kiss of Prince - Ice Version
SLPM-65510;Prince of Tennis - Love of Prince - Bitter
SLPM-65509;Prince of Tennis - Love of Prince - Sweet
SLPM-65680;Prince of Tennis - Make the Strongest Team
SLPM-65321;Prince of Tennis - Smash Hit!
SLPM-65322;Prince of Tennis - Smash Hit! - B-Type
SLPM-65323;Prince of Tennis - Smash Hit! - C-Type
SLPM-65677;Prince of Tennis - Smash Hit! [Konami The Best]
SLPM-65327;Prince of Tennis - Smash Hit! [Limited Edition]
SLPM-65454;Prince of Tennis - Smash Hit! 2
SLPM-65451;Prince of Tennis - Smash Hit! 2 [First Limited Edition]
SLPM-65678;Prince of Tennis - Smash Hit! 2 [Konami The Best]
SLPM-65370;Prince of Tennis - Sweat & Tears 2
SLPM-65679;Prince of Tennis - Sweat 2 [Konami The Best]
SLPM-66642;Prince of Tennis, The - Card Hunter [First Print Limited Edition]
SLPM-66669;Prince of Tennis, The - Card Hunter [First Print Limited Edition]
SLPM-65054;Princess Abarenbou
SLPM-66285;Princess Concerto
SLPM-65585;Princess Holiday
SLPM-55196;Princess Lover! Eternal Love for My Lady
SLPM-55195;Princess Lover! Eternal Love for My Lady [First Print Special Limited Edition]
SLKA-15031;Princess Maker
SLPS-20361;Princess Maker - Refine
SLPM-62700;Princess Maker [Best Hit Selection]
SLKA-15033;Princess Maker 2
SLPS-20393;Princess Maker 2
SLPM-62701;Princess Maker 2 [Best Hit Selection]
SLKA-25274;Princess Maker 4
SLPM-65936;Princess Maker 4
SLPM-66693;Princess Maker 4 [Best Version]
SLPM-65935;Princess Maker 4 [Limited Edition]
SLPM-66918;Princess Maker 5
CF00-15026;Princess Maker 5 [First Print Limited Edition]
SLPM-66973;Princess Nightmare
SLPS-25694;Princess Princess
SLPM-66323;Princess Software Collection, The
SLPM-62025;PrintFan with popegg
SLPM-66846;Prism Ark - Awake
SCES-50397;Prisoner of War
SLES-50397;Prisoner of War
SLPS-25262;Private Nurse Maria
SLPS-20146;Pro Atlas for TV - Kinki
SLPS-20145;Pro Atlas for TV - Shutoken
SLPS-20147;Pro Atlas for TV - Toukai
SLPS-25067;Pro Atlas for TV - Zengokuban
SLPS-20010;Pro Baseball Gekikuukan
SLPM-65929;Pro Baseball Spirits 2
SLPM-65426;Pro Baseball Team Tsukuro! 2003
SCES-51492;Pro Beach Soccer
SLES-51492;Pro Beach Soccer
SCES-50412;Pro Evolution Soccer
SCES-50462;Pro Evolution Soccer
SLES-50412;Pro Evolution Soccer
SLES-50462;Pro Evolution Soccer
SCES-51114;Pro Evolution Soccer 2
SLES-51114;Pro Evolution Soccer 2
SLES-54913;Pro Evolution Soccer 2008
SLUS-21685;Pro Evolution Soccer 2008
SLES-55406;Pro Evolution Soccer 2009
SLUS-21821;Pro Evolution Soccer 2009
SLES-55587;Pro Evolution Soccer 2010
SLES-55636;Pro Evolution Soccer 2011
SLES-55656;Pro Evolution Soccer 2012
SLES-55666;Pro Evolution Soccer 2013
SLES-55673;Pro Evolution Soccer 2014
SCES-51912;Pro Evolution Soccer 3
SCES-51915;Pro Evolution Soccer 3
SLES-51912;Pro Evolution Soccer 3
SLES-51915;Pro Evolution Soccer 3
SCES-52760;Pro Evolution Soccer 4
SCES-52800;Pro Evolution Soccer 4
SLES-52760;Pro Evolution Soccer 4
SLES-52800;Pro Evolution Soccer 4
SCES-53444;Pro Evolution Soccer 5
SCES-53544;Pro Evolution Soccer 5
SCES-53545;Pro Evolution Soccer 5
SLES-53444;Pro Evolution Soccer 5
SLES-53544;Pro Evolution Soccer 5
SLES-53545;Pro Evolution Soccer 5
TLES-53544;Pro Evolution Soccer 5
SCES-54203;Pro Evolution Soccer 6
SCES-54204;Pro Evolution Soccer 6
SCES-54360;Pro Evolution Soccer 6
SCES-54361;Pro Evolution Soccer 6
SCES-54362;Pro Evolution Soccer 6
SLES-54203;Pro Evolution Soccer 6
SLES-54204;Pro Evolution Soccer 6
SLES-54360;Pro Evolution Soccer 6
SLES-54361;Pro Evolution Soccer 6
SLES-54362;Pro Evolution Soccer 6
SCES-53899;Pro Evolution Soccer Management
SLES-53899;Pro Evolution Soccer Management
SLPS-20035;Pro Mahjong Kiwame Next
SLPS-20133;Pro Mahjong Kiwame Next [Reprint]
SCES-50818;Pro Race Driver
SLES-50818;Pro Race Driver
SLUS-20329;Pro Race Driver
SCES-50637;Pro Rally 2002
SLES-50637;Pro Rally 2002
SLPM-66316;Pro Soccer Club o Tsukurou! Europe Championship
SCES-50752;Pro Tennis WTA Tour
SLES-50752;Pro Tennis WTA Tour
SLPM-65543;Pro Yakyu Spirits 2004
SLPS-25630;Pro Yakyuu Netsu Star 2006
SLPM-65721;Pro Yakyuu Spirits 2004 Climax
SLPM-55252;Pro Yakyuu Spirits 2010
SLPM-66364;Pro Yakyuu Spirits 3
SLPM-66728;Pro Yakyuu Spirits 4
SLPM-66970;Pro Yakyuu Spirits 5
SLPM-55130;Pro Yakyuu Spirits 5 Kanzenban
SLPM-65240;Pro Yakyuu Team o Tsukurou! 2
SLPM-62082;Professional Baseball Japan 2001
SLPM-60260;Professional Drift - D1 Grand Prix Series
SLPM-60271;Professional Drift - D1 Grand Prix Series 2005
SCES-52859;Project - Snowblind
SLES-52859;Project - Snowblind
SLUS-21037;Project - Snowblind
SLAJ-25060;Project Altered Beast
SLKA-25131;Project Altered Beast
SLPM-65796;Project Altered Beast
SLPS-25102;Project Arms
SCES-50553;Project Eden
SLES-50553;Project Eden
SLUS-20164;Project Eden
SLPS-25110;Project FIFA World Cup
SCES-52472;Project Minerva
SLES-52472;Project Minerva
SLPM-65165;Project Minerva
SLPM-65344;Project Minerva - Professional
SLPM-65164;Project Minerva [Limited Edition]
SCES-53124;Project Snowblind
SLES-53124;Project Snowblind
SLUS-29131;Project Snowblind [Public Beta Vol.1.0]
SCES-50821;Project Zero
SLES-50821;Project Zero
SLPS-25074;Project Zero
SCES-52384;Project Zero 2 - Crimson Butterfly
SLES-52384;Project Zero 2 - Crimson Butterfly
SCES-53825;Project Zero 3 - Tormented
SLES-53825;Project Zero 3 - Tormented
SCES-50384;Project Zero II
SLES-50384;Project Zero II
SCES-54075;ProStroke Golf - World Tour 2007
SLES-54075;ProStroke Golf - World Tour 2007
SLUS-21496;ProStroke Golf - World Tour 2007
SLUS-20172;Pryzm - Chapter One - The Dark Unicorn
SCES-50721;Pryzm - Dark Unicorn
SLES-50721;Pryzm - Dark Unicorn
SCED-51140;PS2 Bonus Demo 03
SCED-50133;PS2 Bonus Demo Jan 2001
SCED-50734;PS2 Bonus Demo Jan 2002
SCES-52702;Psi-Ops - The Mindgate Conspiracy
SCES-52703;Psi-Ops - The Mindgate Conspiracy
SLES-52702;Psi-Ops - The Mindgate Conspiracy
SLES-52703;Psi-Ops - The Mindgate Conspiracy
SLPM-66020;Psi-Ops - The Mindgate Conspiracy
SLUS-20688;Psi-Ops - The Mindgate Conspiracy
SCAJ-10009;Psikyo Shooting Collection Vol.1 - Strikers 1&2
SLPM-62515;Psikyo Shooting Collection Vol.1 - Strikers 1945 1&2
SLPM-62653;Psikyo Shooting Collection Vol.1 - Strikers 1945 1&2 [Taito The Best]
SLPM-62563;Psikyo Shooting Collection Vol.2 - Sengoku Ace & Sengoku Blade
SLPM-62686;Psikyo Shooting Collection Vol.2 - Sengoku Ace & Sengoku Blade [Taito The Best]
TCPS-10098;Psikyo Shooting Collection Vol.2 - Sengoku Ace + Sengoku Blade
SLPM-62593;Psikyo Shooting Collection Vol.3 - Sol Divide & Dragon Blaze
TCPS-10104;Psikyo Shooting Collection Vol.3 - Sol Divide & Dragon Blaze
SLPM-66235;Psychic Force Complete
TCPS-10132;Psychic Force Complete
TCPS-10136;Psychic Force Complete [with 3 Figures]
TCPS-10134;Psychic Force Complete [with Emilio Figure]
TCPS-10135;Psychic Force Complete [with Wendy Figure]
TCPS-10133;Psychic Force Complete [with Wong Figure]
SCES-53830;Psychonauts
SLES-53830;Psychonauts
SLUS-21120;Psychonauts
SCES-51675;Psyvariar
SLES-51675;Psyvariar
SLPM-62562;Psyvariar 2 - Ultimate Final
SLPM-62139;Psyvariar Complete Edition
SLPM-62138;Psyvariar Complete Edition [Special Capture Box]
SLPM-62137;Psyvariar Complete Edition [Special Sound Box]
SLPM-62370;Psyvariar Medium Unit [Superlite 2000 Series]
SLPM-62371;Psyvariar Revision [Superlite 2000 Series]
TCPS-10110;Puchi Copter 2
SLPM-62298;PuchiCopter
SLKA-25176;Pump It Up - Exceed
SLUS-21131;Pump It Up - Exceed
SCES-53047;Punisher
SCES-53049;Punisher
SCES-53195;Punisher
SCES-53203;Punisher
SLUS-29138;Punisher [Demo]
SLES-53047;Punisher, The
SLES-53049;Punisher, The
SLES-53195;Punisher, The
SLES-53203;Punisher, The
SLUS-20864;Punisher, The
SLPM-66814;Pure x Cure Re-covery
ALCH-00011;Pure x Cure Recovery [Koi no Kyuukyuu Set]
SCES-51951;Puyo Pop Fever
SLES-51951;Puyo Pop Fever
SLAJ-25033;Puyo Puyo Fever
SLPM-65532;Puyo Puyo Fever
SLPM-74210;Puyo Puyo Fever [PlayStation 2 The Best]
SLPM-66104;Puyo Puyo Fever 2
SLPM-62779;Puyo Puyo! [Special Price]
SLPM-62754;Puyo Puyo! 15th Anniversary
SLUS-21339;Puzzle Collection - Crosswords & More!
SLES-53193;Puzzle Party - 10 Games
SLES-54995;Puzzle Quest - Challenge of the Warlords
SLUS-21692;Puzzle Quest - Challenge of the Warlords
SCES-53488;Puzzlemaniacs
SLES-53488;Puzzlemaniacs
SLPM-65533;Pyu to Fuku! Jaguar Ashita no Japan
SLPM-65862;Pyua Pyua Mimi Toshippono Monogatari
SLPM-65568;Pyuu to Fuku! Jogger Ashita no Japan
SLPM-62242;Q-Ball Billiards Master
SLUS-20070;Q-Ball Billiards Master
SCES-50126;Quake III - Revolution
SCES-50127;Quake III - Revolution
SLES-50126;Quake III - Revolution
SLES-50127;Quake III - Revolution
SLPS-20108;Quake III - Revolution
SLUS-20167;Quake III - Revolution
SLUS-21813;Quantum of Solice - The Game
SLPM-65987;Quartett! The Stage of Love
SLPM-65986;Quartett! The Stage of Love [Limited Edition]
SLPM-66757;Que - Ancient Leaf no Yousei
SLPM-66756;Que - Ancient Leaf no Yousei [Limited Edition]
SCES-53748;Quest for Sleeping Beauty
SLES-53748;Quest for Sleeping Beauty
SCES-50496;Qui Veut Gagner des Millions
SLES-50496;Qui Veut Gagner des Millions
SLPM-66818;Quiz & Variety SukuSuku Inufuku 2 - Motto SukuSuku
SCES-52309;R - Racing
SLES-52309;R - Racing
SCAJ-20048;R - Racing Evolution
SLPS-25300;R - Racing Evolution
SLUS-20721;R Racing Evolution
SCAJ-20029;R-Type Final
SCES-51952;R-Type Final
SCKA-20009;R-Type Final
SLES-51952;R-Type Final
SLPS-25247;R-Type Final
SLUS-20780;R-Type Final
SLPS-73244;R-Type Final [PlayStation 2 The Best]
SLUS-29025;R.A.D. - Robot Alchemic Drive [Demo]
SCES-55661;RA.ONE - The Game
SLPM-62153;Racing Construction - Mareru Tsukeru Hahiiru Ore - Dead Heat
SLPM-66043;Racing Game - Chuui!
SLPM-66703;Racing Game - Chuui!!!! [Konami the Best]
SCES-51633;Racing Simulation 3
SLES-51633;Racing Simulation 3
SCAJ-20118;Radiata Stories
SLPM-65800;Radiata Stories
SLUS-21262;Radiata Stories
SCES-52517;Radio Helicopter
SLES-52517;Radio Helicopter
SCES-51235;Raging Blades
SLES-51235;Raging Blades
SLPS-20198;Raging Bless
SCPS-51011;Ragingbless
SLPS-25265;RahXephon
SLPS-25264;RahXephon [Limited Edition]
SCES-53829;Raiden III
SLES-53829;Raiden III
SLKA-15055;Raiden III
SLPM-62690;Raiden III
SLUS-21465;Raiden III
TCPS-10125;Raiden III
SLPM-65519;Raimuiro Senkitan Jun
SLPM-65518;Raimuiro Senkitan Jun [Limited Edition]
SLPM-66405;Rajirugi - Precious
SLPM-74408;Rakugaki Kingdom [PlayStation 2 The Best]
TCPS-10086;Rakugaki Oukoku 2
SLPM-65637;Rakugaki Oukoku 2 - Majo no Tataki
SLPM-66355;Rakugaki Oukoku 2 [Taito Best]
TCPS-10150;Rakugaki Oukoku 2 [Taito Best]
SLPS-20307;Rakushou! Pachi-Slot Sengen
SLPS-20404;Rakushou! Pachi-Slot Sengen 2
SLPS-20419;Rakushou! Pachi-Slot Sengen 3
SLPS-20460;Rakushou! Pachi-Slot Sengen 4
SLPS-25770;Rakushou! Pachi-Slot Sengen 5
SLPS-25921;Rakushou! Pachi-Slot Sengen 6 - Rio 2 Cruising Vanadis
SCES-50763;Rally Championship
SCES-50768;Rally Championship
SLES-50763;Rally Championship
SLES-50768;Rally Championship
SLPM-62257;Rally Championship
SCES-50997;Rally Fusion - Race of Champions
SLES-50997;Rally Fusion - Race of Champions
SLUS-20361;Rally Fusion - Race of Champions
SLPS-20246;Rally Shox
SLPM-62737;Rally Shox & Freestyle Motorcross [EA Best Hits]
SCES-53800;Rampage - Total Destruction
SLES-53800;Rampage - Total Destruction
SLUS-21323;Rampage - Total Destruction
SLPM-66084;Ramune - Garasu-Bin ni Uturu Umi
SCES-52664;Rangers FC - Club Football 2005
SLES-52664;Rangers FC - Club Football 2005
SCES-52900;Rapala Pro Fishing
SLES-52900;Rapala Pro Fishing
SLUS-21012;Rapala Pro Fishing
SLUS-21371;Rapala Pro Tournament Fishing
SLPS-25511;Rasetsu Alternative
SLUS-21541;Ratatouille
SCKA-20060;Ratchet - Deadlocked
SCUS-97465;Ratchet - Deadlocked
SCUS-97487;Ratchet - Deadlocked [Beta]
SCUS-97485;Ratchet - Deadlocked [Demo]
SCES-53285;Ratchet - Gladiator
SLES-53285;Ratchet - Gladiator
PBPX-95516;Ratchet & Clank
SCED-51075;Ratchet & Clank
SCES-50916;Ratchet & Clank
SCKA-20120;Ratchet & Clank
SCPS-15037;Ratchet & Clank
SCUS-97199;Ratchet & Clank
SLES-50916;Ratchet & Clank
SCPS-15099;Ratchet & Clank - Giga Battle
SCUS-97268;Ratchet & Clank - Going Commando
SCUS-97513;Ratchet & Clank - Going Commando [Greatest Hits]
SCPS-15120;Ratchet & Clank - Size Matters
SCUS-97615;Ratchet & Clank - Size Matters
SCUS-97411;Ratchet & Clank - Up Your Arsenal [Demo]
SCUS-97413;Ratchet & Clank - Up Your Arsenal [Public Beta v1.0]
SCUS-97209;Ratchet & Clank [E3 Demo]
SCUS-97240;Ratchet & Clank [EB Games Demo]
SCPS-19211;Ratchet & Clank [PlayStation 2 The Best]
SCPS-19310;Ratchet & Clank [PlayStation 2 The Best]
SCPS-19316;Ratchet & Clank [PlayStation 2 The Best]
SCKA-20011;Ratchet & Clank 2
SCPS-15056;Ratchet & Clank 2
SCUS-97322;Ratchet & Clank 2 - Going Commando [Demo]
SCUS-97381;Ratchet & Clank 2 - Going Commando [GameStop Demo]
SCPS-19317;Ratchet & Clank 2 - Going Commando [PlayStation 2 The Best]
SCUS-97323;Ratchet & Clank 2 - Going Commando [Retail Employees Demo]
SCUS-97374;Ratchet & Clank 2 - Going Commando & Jak II [Demo]
SCES-51607;Ratchet & Clank 2 - Locked & Loaded
SLES-51607;Ratchet & Clank 2 - Locked & Loaded
SCPS-19302;Ratchet & Clank 2 [PlayStation 2 The Best]
SCES-52456;Ratchet & Clank 3
SCKA-20037;Ratchet & Clank 3
SCPS-15084;Ratchet & Clank 3
SLES-52456;Ratchet & Clank 3
TCES-52456;Ratchet & Clank 3
SCAJ-20109;Ratchet & Clank 3 - Up your Arsenal
SCPS-19309;Ratchet & Clank 3 - Up Your Arsenal [PlayStation 2 The Best]
SCED-52848;Ratchet & Clank 3 + Sly 2 - Band of Thieves
SCPS-15100;Ratchet & Clank 4th - GiriGiri Ginga no Giga Battle
SCAJ-20157;Ratchet & Clank 4th - GiriGiri Gingano Giga-battle
SCPS-19321;Ratchet & Clank 4th - GiriGiri Gingano Giga-Battle [PlayStation 2 The Best]
SCPS-19328;Ratchet & Clank 4th Girigiri Gingano Giga-battle [PlayStation 2 the Best - Reprint]
SCAJ-20001;Ratchet and Clank
SCUS-97353;Ratchet and Clank - Up Your Arsenal
SCUS-97518;Ratchet and Clank - Up Your Arsenal [Greatest Hits]
SLUS-21501;Raw Danger
SLES-54587;Raw Danger!
SCES-54307;Rayman - Raving Rabbids
SLES-54307;Rayman - Raving Rabbids
SLUS-21576;Rayman - Raving Rabbids
SLUS-20138;Rayman 2 - Revolution
SCES-51222;Rayman 3 - Hoodlum Havoc
SLES-51222;Rayman 3 - Hoodlum Havoc
SLUS-20601;Rayman 3 - Hoodlum Havoc
SLUS-20272;Rayman Arena
SCES-50457;Rayman M
SCES-50484;Rayman M
SLES-50457;Rayman M
SLES-50484;Rayman M
SCES-50044;Rayman Revolution
SLES-50044;Rayman Revolution
SLPS-25029;Rayman Revolution
SCES-50077;RC Revenge Pro
SLES-50077;RC Revenge Pro
SLPM-62044;RC Revenge Pro
SLUS-20153;RC Revenge Pro
SCES-50981;RC Sports Copter Challenge
SLES-50981;RC Sports Copter Challenge
SCES-52999;RC Toy Machines
SLES-52999;RC Toy Machines
SCES-50010;Ready 2 Rumble - Round 2
SLES-50010;Ready 2 Rumble - Round 2
SLPM-62124;Ready 2 Rumble Boxing - Round 2
SLUS-20054;Ready 2 Rumble Boxing - Round 2
SLPS-20182;Real Bass Fishing - Top Angler
SLPM-62187;Real Pool
SLUS-20032;Real Pool
SLPS-20072;Real Robots Regiment
SLPM-55104;Real Rode
SLPS-20305;Real Sports Professional Baseball
SLUS-21332;Real World Golf
SCES-53370;Real World Golf [with Gametrak]
SCES-53371;Real World Golf [with Gametrak]
SLES-53370;Real World Golf [with Gametrak]
SLES-53371;Real World Golf [with Gametrak]
SCES-54187;Real World Golf 2007
SLES-54187;Real World Golf 2007
SLPM-66029;Realize - Panorama Luminary
SCES-54339;Realm of the Dead
SLES-54339;Realm of the Dead
SLES-54927;RealPlay Golf
SLES-54926;RealPlay Pool
SLES-54930;RealPlay Puzzlesphere
SLES-54929;RealPlay Racing
SLES-53413;Rebel Raiders - Operation Nighthawk
SLUS-21303;Rebel Raiders - Operation Nighthawk
SLPM-66143;Rebirth Moon
SLPM-66142;Rebirth Moon [Limited Edition]
SLPM-66565;REC - DokiDoki Seiyuu Paradise
SLPM-66564;REC - DokiDoki Seiyuu Paradise [Limited Edition]
SLPM-65134;Red Card
SCES-50711;Red Card Football
SLES-50711;Red Card Football
SLUS-20354;Red Card Soccer 2003
SCES-52478;Red Dead Revolver
SLES-52478;Red Dead Revolver
SLPM-65854;Red Dead Revolver
SLUS-20500;Red Dead Revolver
SCES-50277;Red Faction
SCES-50278;Red Faction
SCES-50279;Red Faction
SLES-50277;Red Faction
SLES-50278;Red Faction
SLES-50279;Red Faction
SLUS-20073;Red Faction
SCED-50286;Red Faction [Demo]
SLUS-29005;Red Faction [Demo]
SLUS-28002;Red Faction [Trade Demo]
SCES-51133;Red Faction 2
SLES-51133;Red Faction 2
SLUS-20442;Red Faction 2
SLUS-29027;Red Faction II [Demo]
SCES-53025;Red Ninja - End of Honor
SCES-53026;Red Ninja - End of Honor
SLES-53025;Red Ninja - End of Honor
SLES-53026;Red Ninja - End of Honor
SLPM-65945;Red Ninja - End of Honor
SLUS-20714;Red Ninja - End of Honor
SLUS-20885;Red Star, The
SCES-51308;Reel Fishing 3
SLES-51308;Reel Fishing 3
SLUS-20555;Reel Fishing 3
SCES-50873;Reign of Fire
SLES-50873;Reign of Fire
SLUS-20556;Reign of Fire
SLPS-25723;Reijou Tantei - Office Love Jiken
SLPM-65004;Reiselied - Ephemeral Fantasia
SLPM-66299;Reishiki Kanjou Sentouki 2
SLPM-62680;Relakuma - Ojama Shitemasu 2
SLPM-62679;Relakuma - Ojama Shitemasu 2 [Limited Edition]
SLPM-65550;Remember 11 - The Age of Infinity
SLPM-65549;Remember 11 - The Age of Infinity [Limited Edition]
SLPM-55087;Remember 11 - The Age of Infinity [Renai Game Selection]
SLPM-65994;Remember 11 - The Age of Infinity [Superlite 2000 Series]
SLPM-65884;Remote Control Dandy SF
SLPM-66260;Remote Control Dandy SF [Konami the Best]
SCES-53775;Reservoir Dogs
SLES-53775;Reservoir Dogs
SLUS-21479;Reservoir Dogs
SCES-50306;Resident Evil - CODE Veronica X
SLES-50306;Resident Evil - CODE Veronica X
SLUS-20184;Resident Evil - CODE Veronica X
SCES-51448;Resident Evil - Dead Aim
SLES-51448;Resident Evil - Dead Aim
SLUS-20669;Resident Evil - Dead Aim
SCES-50987;Resident Evil - Outbreak
SCES-51589;Resident Evil - Outbreak
SLES-51589;Resident Evil - Outbreak
SLUS-20765;Resident Evil - Outbreak
SLUS-20984;Resident Evil - Outbreak File #2
SCES-53702;Resident Evil 4
SCES-53756;Resident Evil 4
SLAJ-25073;Resident Evil 4
SLES-53702;Resident Evil 4
SLES-53756;Resident Evil 4
SLUS-21134;Resident Evil 4
SLUS-29169;Resident Evil 4 [Demo]
SCES-50650;Resident Evil Gun Survivor 2 - Code Veronica
SLES-50650;Resident Evil Gun Survivor 2 - Code Veronica
SCES-53319;Resident Evil Outbreak - File #2
SLES-53319;Resident Evil Outbreak - File #2
SLUS-29089;Resident Evil Outbreak [Public Beta 1.0]
SCED-54105;Retail Demo 11
SLES-52346;Retro
SCES-51449;Return to Castle Wolfenstein - Operation Resurrection
SLES-51449;Return to Castle Wolfenstein - Operation Resurrection
SLUS-20297;Return to Castle Wolfenstein - Operation Resurrection
SLPS-25094;Reveal Fantasia
SLPS-25201;Reveal Fantasia
SCES-50501;Rez
SLES-50501;Rez
SLPM-62101;Rez
SLUS-20344;Rez
SLPM-74006;Rez [PlayStation 2 The Best]
SLPM-62100;Rez [Special Package]
SLPM-66105;Rhapsodia
SLPM-66594;Rhapsodia [Konami the Best]
SLPS-20066;Rhapsody 3 - Tenshi no Present - The Marl Kingdom Stories
SLPS-25324;Rhapsody of Zephyr
SLPS-25434;Rhapsody of Zephyr, The [Best Collection]
SLES-53388;Rhythmic Star!
SCES-52466;Ribbit King
SLES-52466;Ribbit King
SLUS-20837;Ribbit King
SLUS-29100;Ribbit King [Demo]
SCES-52323;Richard Burns Rally
SLES-52323;Richard Burns Rally
SLPM-66068;Richard Burns Rally
SCES-53058;Ricky Ponting International Cricket
SLES-53058;Ricky Ponting International Cricket
SCES-50000;Ridge Racer V
SLES-50000;Ridge Racer V
SLPS-20001;Ridge Racer V
SLUS-20002;Ridge Racer V
SLPS-71502;Ridge Racer V [Mega Hits!]
SLPM-60109;Ridge Racer V [PlayStation Festival 2000]
SCES-50963;Riding Spirits
SLES-50963;Riding Spirits
SLPM-65158;Riding Spirits
SLUS-20429;Riding Spirits
SCES-52277;Riding Spirits 2
SLES-52277;Riding Spirits 2
SLPM-65427;Riding Spirits 2
SLUS-21737;Riding Star
SCES-53572;Rig Racer 2
SLES-53572;Rig Racer 2
SLPS-25393;Rim Runners
SLPM-66993;Rim Runners [Best Version]
PCPX-96318;Rimococoron
SCPS-11012;Rimoko Koron
SCES-50113;Ring of Red
SLES-50113;Ring of Red
SLPM-62013;Ring of Red
SLPM-62091;Ring of Red
SLUS-20145;Ring of Red
SCUS-97416;Rise of the Kasai
SCUS-97462;Rise of the Kasai [Demo]
SCES-51971;Rise to Honor
SLES-51971;Rise to Honor
SCUS-97372;Rise to Honor [Demo]
SCES-51660;Risk - Global Domination
SLES-51660;Risk - Global Domination
SLUS-20390;Risk - Global Domination
SLUS-21275;River King - A Wonderful Journey
SLPM-62758;River Ride Adventure featuring Salomon
SCES-51842;Road Kill
SLES-51842;Road Kill
SCES-51930;Road Rage 3
SLES-51930;Road Rage 3
SLUS-20398;Road Trip
SCES-51356;Road Trip Adventure
SLES-51356;Road Trip Adventure
SLUS-20687;RoadKill
SLPM-65007;Roadsters Trophy 2000
SCES-51946;Robin Hood - Defender of the Crown
SLES-51946;Robin Hood - Defender of the Crown
SLUS-20723;Robin Hood - Defender of the Crown
SLES-54125;Robin Hood's Quest
SCES-51374;RoboCop
SLES-51374;RoboCop
SLPM-62321;Robocop
SLUS-20445;Robot Alchemic Drive - RAD
SCES-50136;Robot Warlords
SCES-50137;Robot Warlords
SCES-50138;Robot Warlords
SLES-50136;Robot Warlords
SLES-50137;Robot Warlords
SLES-50138;Robot Warlords
SCES-50572;Robot Wars - Arenas of Destruction
SLES-50572;Robot Wars - Arenas of Destruction
SCES-52944;Robotech - Invasion
SLES-52944;Robotech - Invasion
SLUS-20823;Robotech - Invasion
SCES-51322;Robotech Battlecry
SLES-51322;Robotech Battlecry
SLUS-20244;RoboTech BattleCry
SCES-53052;Robots
SLES-53052;Robots
SLPM-66059;Robots
SLUS-20942;Robots
SLUS-21682;Rock Band
SLUS-21848;Rock Band - Track Pack - AC-DC Live
SLUS-21876;Rock Band - Track Pack - Classic Rock
SLUS-21888;Rock Band - Track Pack - Country
SLUS-21889;Rock Band - Track Pack - Metal
SLUS-21758;Rock Band - Track Pack Vol.1
SLUS-21830;Rock Band - Track Pack Vol.2
SLUS-21800;Rock Band 2
SLES-53961;Rock N Roll Adventures
SLUS-21802;Rock University presents The Naked Brothers - The Videogame
SLPS-25005;Rock'n Mega Stage
SCES-51188;Rocket Power - Beach Bandits
SLES-51188;Rocket Power - Beach Bandits
SLUS-20473;Rocket Power - Beach Bandits
SLPS-20365;RockMan Collection [Special Box]
SLPM-62491;RockMan Power Battle Fighters
SLPM-65643;RockMan X - Command Mission
SLKA-25115;Rockman X7
SLPM-65331;RockMan X7
SLKA-25222;Rockman X8
SLPM-65730;RockMan X8
SLUS-20526;RockSteady ~~UNRELEASED~~
SCES-51208;Rocky
SLES-51208;Rocky
SLPM-62402;Rocky
SLPM-65463;Rocky
SLUS-20559;Rocky
SCES-52761;Rocky - Legends
SLES-52761;Rocky - Legends
SLUS-20890;Rocky - Legends
SCES-50547;Roger Lemerre - La Selection des Champions 2002
SLES-50547;Roger Lemerre - La Selection des Champions 2002
SLES-52695;Roger Lemerre - La Selection des Champions 2005
SCAJ-20162;Rogue Galaxy
SCES-54552;Rogue Galaxy
SCPS-15102;Rogue Galaxy
SCUS-97490;Rogue Galaxy
SCUS-97572;Rogue Galaxy [Demo]
SCPS-19254;Rogue Galaxy [Director's Cut] [PlayStation 2 the Best]
SCPS-17013;Rogue Galaxy [Directors Cut]
SLPM-66736;Rogue Hearts Dungeon
SCES-52002;Rogue Ops
SLES-52002;Rogue Ops
SLPM-65534;Rogue Ops
SLUS-20746;Rogue Ops
SLUS-28039;Rogue Ops [Trade Demo]
SCES-52921;Rogue Trooper
SLES-52921;Rogue Trooper
SLUS-21320;Rogue Trooper
SCES-53310;Roland Garros 2005 - Powered by Smash Court Tennis
SLES-55131;Roller Coaster Funfare
SLUS-21169;Rollercoaster Tycoon - The Peeps
SCES-52340;Rollercoaster World
SLES-52340;Rollercoaster World
SCES-51906;Rolling
SLES-51906;Rolling
SLUS-20879;Romance of the Three Kingdoms IX
SLPM-62010;Romance of the Three Kingdoms VII
SLUS-20319;Romance of the Three Kingdoms VII
SLPM-74005;Romance of the Three Kingdoms VII [PlayStation 2 The Best]
SCES-52258;Romance of the Three Kingdoms VIII
SLES-52258;Romance of the Three Kingdoms VIII
SLPM-62131;Romance of the Three Kingdoms VIII
SLPM-62319;Romance of the Three Kingdoms VIII
SLUS-20720;Romance of the Three Kingdoms VIII
SLUS-21202;Romance of the Three Kingdoms X
SLUS-21584;Romance of the Three Kingdoms XI
SLUS-21263;Romancing SaGa
SCAJ-20124;Romancing Saga - Minstrel Song
SLPM-65920;Romancing SaGa - Minstrel Song
SLPM-66422;Romancing Saga - Minstrel Song [Ultimate Hits]
SCES-52603;Room Zoom - Race for Impact
SLES-52603;Room Zoom - Race for Impact
SLPM-65110;Roommania #203
SLPM-65468;Roommate Asami - D-Collection
SLPS-25130;Roommate Asami - Okusama wa Joshikousei
SLPM-55189;Rosario to Vampire Capu 2 - Koi to Yume no Rhapsodia
SLPM-55188;Rosario to Vampire Capu 2 - Koi to Yume no Rhapsodia [Limited Edition]
SLPS-25727;Routes PE
SLPS-25722;Routes PE [Limited Edition]
TCPS-10152;Rozen Maiden - Duel Valzer
SLPM-66357;Rozen Maiden - Duellwalzer
SLPM-66712;Rozen Maiden - Geppetto Garden [Limited Edition]
TCPS-10153;Rozen Maiden ~ Duellwalzer [Limited Edition]
TCPS-10184;Rozen Maiden ~ Duellwalzer [Taito Best]
TCPS-10181;Rozen Maiden ~ Gebetgarten
SLUS-20340;RPG Maker 2
SLPS-25404;RPG Maker 3
SLUS-21178;RPG Maker 3
SLPS-20143;RPG Tsukuru 5
SCES-52190;RPM Tuning
SLES-52190;RPM Tuning
SLES-54372;RTL Biathlon 2007
SLES-54937;RTL Biathlon 2008
SLES-55378;RTL Biathlon 2009
SCES-53041;RTL Ski Alpine 2005
SLES-53041;RTL Ski Alpine 2005
SCES-53023;RTL Ski Jump 2005
SLES-53023;RTL Ski Jump 2005
SLES-51888;RTL Ski Jumping 2004
SCES-54368;RTL Ski Jumping 2007
SLES-54368;RTL Ski Jumping 2007
SCES-51391;RTL Skispringen 2003
SLES-51391;RTL Skispringen 2003
SLES-55379;RTL Winter Sports 2009 [German]
SCES-54374;RTL Wintergames 2007
SLES-54374;RTL Wintergames 2007
SCES-51069;RTX - Red Rock
SCES-51071;RTX - Red Rock
SCES-51072;RTX - Red Rock
SLES-51069;RTX - Red Rock
SLES-51071;RTX - Red Rock
SLES-51072;RTX - Red Rock
SCES-51070;RTX Red Rock
SCES-51073;RTX Red Rock
SLES-51070;RTX Red Rock
SLES-51073;RTX Red Rock
SLUS-20491;RTX Red Rock
SCES-54021;Ruff Trigger
SLES-54021;Ruff Trigger
SLUS-21314;Ruff Trigger - Vancore Conspiracy
SLPM-66509;Rugby '06
SLUS-21368;Rugby '06
SLUS-21640;Rugby '08
SLES-53911;Rugby 08
SLPM-55128;Rugby 08 [EA:SY! 1980 English Version]
SLUS-20262;Rugby 2002
SLUS-20749;Rugby 2004
SCES-53094;Rugby 2005
SCES-53095;Rugby 2005
SLES-53094;Rugby 2005
SLES-53095;Rugby 2005
SLUS-21158;Rugby 2005
SCES-53760;Rugby Challenge 2006
SLES-53760;Rugby Challenge 2006
SLES-55346;Rugby League 2 - World Cup Edition
SLUS-20443;Rugrats - Royal Ransom
SCES-51385;Rugrats Rescate Real
SLES-51385;Rugrats Rescate Real
SCES-51311;Rugrats Royal Ransom
SCES-51312;Rugrats Royal Ransom
SLES-51311;Rugrats Royal Ransom
SLES-51312;Rugrats Royal Ransom
SCAJ-20168;Rule of Rose
SCES-54218;Rule of Rose
SCPS-15093;Rule of Rose
SLES-54218;Rule of Rose
SLUS-21448;Rule of Rose
SLUS-28063;Rule of Rose [Trade Demo]
SLPM-65919;Rumble Fish, The
SCES-50120;Rumble Racing
SLES-50120;Rumble Racing
SLUS-20174;Rumble Racing
SCES-52535;Rumble Roses
SLES-52535;Rumble Roses
SLPM-65885;Rumble Roses
SLUS-20970;Rumble Roses
SLPM-66085;Rumble Roses [Konami The Best]
SLPM-65154;Rumbling Hearts
SLPM-65155;Rumbling Hearts
SCES-51345;Run Like Hell
SLES-51345;Run Like Hell
SLPM-65603;Run Like Hell
SLUS-20037;Run Like Hell - Hunt or Be Hunted
SLPM-62348;Run-Dim Mechsmith
SCES-51223;Runabout 3 - Neo Age
SCPS-55027;Runabout 3 - Neo Age
SLES-51223;Runabout 3 - Neo Age
SLPS-25108;Runabout 3 - Neo Age
SCES-50335;Rune - Viking Warlord
SCES-50336;Rune - Viking Warlord
SCES-50337;Rune - Viking Warlord
SCES-50338;Rune - Viking Warlord
SCES-50339;Rune - Viking Warlord
SLES-50335;Rune - Viking Warlord
SLES-50336;Rune - Viking Warlord
SLES-50337;Rune - Viking Warlord
SLES-50338;Rune - Viking Warlord
SLES-50339;Rune - Viking Warlord
SLUS-20109;Rune - Viking Warlord
SLPM-66158;Rune Princess
SLPM-66157;Rune Princess [First Print - Limited Edition]
SLPS-25685;Rurouni Kenshin - Enjou! Kyoto Rinne
SLPS-73253;Rurouni Kenshin - Enjou! Kyoto Rinne [PlayStation 2 the Best]
SCES-51445;Rygar - The Legendary Adventure
SLES-51445;Rygar - The Legendary Adventure
SLUS-20471;Rygar - The Legendary Adventure
SLKA-25342;Ryu ga Gotoku
SLPM-66168;Ryu Ga Gotoku
SLPM-74253;Ryu ga Gotoku [PlayStation 2 the Best - Reprint]
SLPM-74234;Ryu Ga Gotoku [PlayStation 2 The Best]
SLPM-66602;Ryu ga Gotoku 2
SLKA-25280;Ryu ga Gotoku 2 [Disc 1]
SLKA-25281;Ryu ga Gotoku 2 [Disc 2]
SLPM-74301;Ryu ga Gotoku 2 [PlayStation 2 the Best]
SLPM-66535;Ryu Koku
SLPM-66534;Ryu Koku [Limited Edition]
SLPS-25610;Ryuuko no Ken - Ten-Chi-Jin [Art of Fighting Collection]
SCES-53320;S.C.A.R. - Squadra Corse Alfa Romeo
SLES-53320;S.C.A.R. - Squadra Corse Alfa Romeo
SLPM-65791;S.L.A.I. - Steel Lancer Arena International
TLES-52940;S.L.A.I. - Steel Lancer Arena International
SLUS-20969;S.L.A.I. - Steel Lancer Arena International - Phantom Crash
SLUS-29132;S.L.A.I. - Steel Lancer Arena International - Phantom Crash [Public Beta Vol.1.0]
SCES-52940;S.L.A.I. Steel Lancer Arena International
SLES-52940;S.L.A.I. Steel Lancer Arena International
SLPM-55247;S.Y.K Renshouden
SLPM-55206;S.Y.K Shinsetsu Saiyuuki
SLPM-55205;S.Y.K Shinsetsu Saiyuuki [Limited Edition]
SRP2-00301;S.Y.K Twin Pack
SLPS-25917;Sacred Blaze
SCPS-11005;Sagashi ni Ikouyo - Go to Find It!
SLPM-62740;Saikyo Shogi Gekisashi Special
SLPM-62785;Saikyo Shogi Gekisashi Special [Mycom Best]
SLPS-20288;Saikyo Todai Shogi 2003
SLPM-62156;Saikyou no Igo 2
SLPM-62312;Saikyou no Igo 2
SLPS-20347;Saikyou Toudai Shogi 2004
SLPS-20082;Saikyou Toudai Shogi 3 [Mycom Best]
SLPS-20237;Saikyou Toudai Shogi 3 [Mycom Best]
SLPS-20201;Saikyou Toudai Shogi 4
SLPS-20332;Saikyou Toudai Shogi 4 [Mycom Best]
SLPS-20389;Saikyou Toudai Shogi 5 [Mycom Best]
SLPM-62756;Saikyou Toudai Shogi 6 [Mycom The Best]
SLPS-20161;Saikyou Toudai Shogi Special
SLPM-62783;Saikyou Toudai Shogi Special II [Mycom Best]
SLPM-62610;Saikyou Toudai Shogi Supesharu II
SLPS-25808;Saint Beast - Rasen no Shou
SLPS-25807;Saint Beast - Rasen no Shou [Limited Edition]
SCES-54162;Saint Seiya - Le Chevaliers du Zodiaque Hades
SLES-54162;Saint Seiya - Le Chevaliers du Zodiaque Hades
SCES-53201;Saint Seiya Chapter Sanctuary
SLES-53201;Saint Seiya Chapter Sanctuary
SLPS-25744;Saint Seiya Meiou Hades Juunikyuu Hen
SLPS-25476;Saint Seiya Seiiki Juunikyuu Hen
SCPS-15052;Saints Seinaru Mamono
SLPM-66809;Saishu Shiken Kujira - Alive
SLPS-25081;Saishuu Densha
SLPM-65275;Saishuu Heiki Kanojo
SLPM-66312;Saishuu Heiki Kanojo
SLPM-65274;Saishuu Heiki Kanojo [Limited Edition]
SLPM-55069;Saishuu Shiken Kujira - Alive [Sweet So Sweet]
SLPS-20391;Saiyuki Gunlock
SLPS-25344;Saiyuki Reload
SLKA-15035;Saiyuki Reload Gunlock
SLPM-62585;Sakigake! Cromartie High School [Hudson The Best]
SLPS-20260;Sakigake!! Kuromati Koukou
SLPS-20436;Sakigake!! Otokojuku
SLPM-66406;Sakura Hana
SLPM-66738;Sakura Ran Koukou Hosutobu
SLPM-66737;Sakura Ran Koukou Hosutobu [Limited Edition]
SLKA-35003;Sakura Taisen - Atsuki Chishioni
SLPM-67003;Sakura Taisen - Atsuki Chishioni
SLAJ-35003;Sakura Taisen - Atsuki Chishioni Ni
SLAJ-25034;Sakura Taisen - Mysterious Paris
SLPM-65515;Sakura Taisen - Mysterious Paris
SLKA-25284;Sakura Taisen 3
SLPM-65900;Sakura Taisen 3 - Remake
SLPM-65906;Sakura Taisen 3 - Remake
SLPM-55043;Sakura Taisen 3 ~Paris wa Moeteiru ka~ [Sega the Best]
SCAJ-25034;Sakura Taisen Monogatari
SCAJ-25045;Sakura Taisen V - Episode 0
SLAJ-25045;Sakura Taisen V - Episode 0
SLPM-65531;Sakura Taisen V - Episode 0
SLKA-25207;Sakura Taisen V - Episode 0 - Samurai Girl of Wild
SLPM-66208;Sakura Taisen V - Episode 0 - Samurai Girl of Wild [Sega the Best]
SLPM-67009;Sakura Taisen V - Saraba Itoshiki Hito Yo
SLAJ-35001;Sakura Wars
SLPM-65307;Sakura Yuki Gekka
SLPM-65306;Sakura Yuki Gekka [Limited Edition]
SLPS-25363;Sakura Zakashobotai
SLPS-25666;Sakura Zakashobotai [Irem Best]
SCAJ-20085;Sakurazaka Shouboutai
SLPS-25089;Salt Lake 2002
SLUS-20378;Salt Lake 2002
SCES-50640;Salt Lake City 2002 Olympic Winter Games
SLES-50640;Salt Lake City 2002 Olympic Winter Games
SCPS-51005;Samurai
SLPS-20178;Samurai
SLPM-66400;Samurai 7
SLPM-66399;Samurai 7 [Limited Edition]
SCES-53872;Samurai Aces
SLES-53872;Samurai Aces
SLPS-25600;Samurai Champloo - Sidetracked
SLUS-21343;Samurai Champloo - Sidetracked
SLPM-74405;Samurai Complete Edition [PlayStation 2 The Best]
SCES-52479;Samurai Jack - The Shadow of Aku
SLES-52479;Samurai Jack - The Shadow of Aku
SLUS-20899;Samurai Jack - The Shadow of Aku
SLPM-74222;Samurai Kanzenban [PlayStation 2 The Best]
SLPM-65380;Samurai Michi 2
SLPM-74209;Samurai Michi 2 [PlayStation 2 The Best]
SLES-55292;Samurai Shodown Anthology
SLUS-21629;Samurai Showdown Anthology
SCES-53059;Samurai Showdown V
SLES-53059;Samurai Showdown V
SLUS-20972;Samurai Showdown V
SLPS-25934;Samurai Spirits - Rokuban Shoubu [NeoGeo Online Collection the Best]
SLPS-25839;Samurai Spirits - Rokuban Shoubu [NeoGeo Online Collection Vol.12]
SLPS-25559;Samurai Spirits - Tenkaichi Kenkakuden
SLPS-25736;Samurai Spirits - Tenkaichi Kenkakuten [SNK Best]
SCAJ-20092;Samurai Spirits Zero
SLPS-25346;Samurai Spirits Zero
SLPS-25572;Samurai Spirits Zero [SNK Best Collection]
SCES-52551;Samurai Warriors
SCES-52553;Samurai Warriors
SCES-52555;Samurai Warriors
SLES-52551;Samurai Warriors
SLES-52553;Samurai Warriors
SLES-52555;Samurai Warriors
SLUS-20878;Samurai Warriors
SLPM-62535;Samurai Warriors - Xtreme Legends
SLUS-21080;Samurai Warriors - Xtreme Legends
SCES-54340;Samurai Warriors 2
SLES-54340;Samurai Warriors 2
SLUS-21462;Samurai Warriors 2
SLES-54624;Samurai Warriors 2 - Empires
SLUS-21585;Samurai Warriors 2 - Empires
SLES-55108;Samurai Warriors 2 - Xtreme Legends
SLUS-21726;Samurai Warriors 2 - Xtreme Legends
SCES-53002;Samurai Warriors Xtreme Legends
SCES-53003;Samurai Warriors Xtreme Legends
SCES-53004;Samurai Warriors Xtreme Legends
SLES-53002;Samurai Warriors Xtreme Legends
SLES-53003;Samurai Warriors Xtreme Legends
SLES-53004;Samurai Warriors Xtreme Legends
SCES-53234;Samurai Western
SLES-53234;Samurai Western
SLUS-21187;Samurai Western
SLPM-65755;Samurai Western - Katsugeki Samurai-dou
SLUS-28051;Samurai Western [Trade Demo]
SLPM-55049;San Goku Shi 11 [Koei the Best]
SLPM-55272;San Goku Shi 11 with Power-Up Kit [Koei Tecmo Teiban Series]
SLPM-55112;San Goku Shi 11 with Power-Up Kit [Koei the Best]
SLPM-65673;San Goku Shi IX With Power-Up Kit
SLPM-62185;San Goku Shi VII
SLPM-62710;San Goku Shi VIII
KOEI-SP002;San Goku Shi VIII + VII [Koei 2002 Spring Pack]
KOEI-00033;San Goku Shi X [Anniversary Box]
SLPM-55157;San Goku Shi X [Koei Teiban Series]
SLAJ-25093;Sangoku Musou [PlayStation 2 The Best]
SLPM-55289;Sangoku Rensenki - Otome no Heihou!
SLPM-65423;Sangokushi IX
SLPM-66172;Sangokushi IX
SLKA-25266;Sangokushi IX [BigHits Series]
SLPM-66813;Sangokushi IX [Koei Selection]
SLPM-66523;Sangokushi IX [with Power-Up Kit]
SLPM-66971;Sangokushi IX [with Power-Up Kit] [Koei Selection]
SLPM-65034;Sangokushi North Winds
SLPM-65093;Sangokushi Senki
SLPM-65403;Sangokushi Senki
SLPM-65702;Sangokushi Senki [Koei Collection Series]
SLAJ-25016;Sangokushi Senki 2
SLPM-65247;Sangokushi Senki 2
SLPM-65354;Sangokushi Senki 2
SLPM-66527;Sangokushi Senki 2 [KOEI Selection]
SLPM-65636;Sangokushi Senki 2 [Koei The Best]
SLPM-62546;Sangokushi VII [Koei Collection Series]
SLPM-62184;Sangokushi VIII
SLPM-62519;Sangokushi VIII [Koei The Best]
SLPM-62762;Sangokushi VIII [with Poer-Up Kit] [Koei Selection Series]
SLPM-62641;Sangokushi VIII [with Power-Up Kit] [Koei The Best]
SLPM-65891;Sangokushi X
SLPM-66560;Sangokushi X [KOEI The Best]
SLPM-66549;Sangokushi XI
SLPM-66701;Sangokushi XI [with Power-Up Kit]
SLPS-25117;Sankyo Fever 6
SLPM-65491;Sanma Nisai Deus Mechanica - Demon Bane
SLPM-65490;Sanma Nisai Deus Mechanica - Demon Bane [Limited Edition]
SLPS-20375;Sanyo Pachinko Paradise 10
SLPS-25455;Sanyo Pachinko Paradise 11
SLPS-25574;Sanyo Pachinko Paradise 12
SLPS-25682;Sanyo Pachinko Paradise 13
SLPS-25852;Sanyo Pachinko Paradise 13 [Irem Collection]
SLPS-25787;Sanyo Pachinko Paradise 14
SLPS-20203;Sanyo Pachinko Paradise 7
SLPS-20261;Sanyo Pachinko Paradise 8
SLPS-25249;Sanyo Pachinko Paradise 9
SCAJ-20144;Saru Gechu 3 [Ape Escape 3]
SCPS-15115;Saru Get You - Million Monkeys
SCPS-15025;Saru Get You 2
SCPS-19308;Saru Get You 2 [PlayStation 2 The Best]
SCKA-20062;Saru Get You 3
SCPS-19311;Saru Get You 3 [PlayStation 2 The Best]
SCPS-19152;Saru Get You! 2 [PlayStation 2 The Best]
SCPS-15096;Saru Get You! 3
PAPX-90330;Saru! Get You! 2 - Ukki Ukki Disc
PCPX-98041;Saru! Get You! Million Monkeys
SCES-53435;SAS Anti-Terror Force
SLES-53435;SAS Anti-Terror Force
SLUS-20640;Saturday Night Speedway
SLPM-65226;Savage Skies
SLUS-20430;Savage Skies
SLUS-21817;SBK - Superbike World Championship
SLES-54705;SBK-07 Superbike World Championship
SLES-55148;SBK-08 Superbike World Championship
SLES-55492;SBK-09 Superbike World Championship
SCES-52917;Scaler
SCES-52918;Scaler
SLES-52917;Scaler
SLES-52918;Scaler
SLUS-20957;Scaler
SCPS-15001;Scandal
SLPM-55266;Scared Rider Xechs
SLPM-55290;Scared Rider Xechs - Stardust Lovers
SLPM-55265;Scared Rider Xechs [Limited Edition]
SCES-54182;Scarface - The World is Yours
SCES-54183;Scarface - The World is Yours
SCES-54184;Scarface - The World is Yours
SCES-54271;Scarface - The World is Yours
SLES-54182;Scarface - The World is Yours
SLES-54183;Scarface - The World is Yours
SLES-54184;Scarface - The World is Yours
SLES-54271;Scarface - The World is Yours
SLUS-21111;Scarface - The World is Yours
SLUS-21492;Scarface [Collector's Edition]
SLPM-55079;Scarlett - Nichijou no Kyoukaisen
SLPM-55075;Scarlett - Nichijou no Kyoukaisen [DX Pack]
SCED-51187;SCEE Catalogue Video
SCED-51278;SCEE Catalogue Video 3+
SCED-52970;SCEE Hits Demo
SLPM-67015;School Days LxH
SLPM-65364;School Heaven - Boy's Love Scramble!
SLPS-25282;School Heaven - Boy's Love Scramble!
SLPM-62743;School Heaven Okawari [The Best]
SLPM-66641;School Love
SLPM-66612;School Love [Limited Edition]
SLPS-25540;School Rumble
SLPS-25795;School Rumble - 2nd Term [Best Collection]
SLPS-25671;School Rumble [Best Collection]
SLPS-25539;School Rumble [Limited Edition]
SLPS-25670;School Rumble 2nd Term
SLPS-25669;School Rumble 2nd Term [Limited Edition]
SCES-51883;Scooby Doo! Mystery Mayhem
SLES-51883;Scooby Doo! Mystery Mayhem
SLUS-20349;Scooby Doo! Night of 100 Frights
SCES-53100;Scooby Doo! Unmasked
SLES-53100;Scooby Doo! Unmasked
SCES-51017;Scooby-Doo! and The Night of 100 Frights
SCES-51018;Scooby-Doo! and The Night of 100 Frights
SCES-51019;Scooby-Doo! and The Night of 100 Frights
SLES-51017;Scooby-Doo! and The Night of 100 Frights
SLES-51018;Scooby-Doo! and The Night of 100 Frights
SLES-51019;Scooby-Doo! and The Night of 100 Frights
SLES-55609;Scooby-Doo! and the Spooky Swamp
SLES-55476;Scooby-Doo! First Frights
SLUS-20701;Scooby-Doo! Mystery Mayhem
SLUS-21091;Scooby-Doo! Unmasked
SLUS-21850;Score International - Baja 1000
SLES-55295;SCORE International Baja 1000 - World Championship Off Road Racing
SLES-50987;Scorpion King, The - Rise of an Akkadian
SLUS-20424;Scorpion King, The - Rise of the Akkadian
SLUS-29036;Scorpion King, The - Rise of the Akkadian [Demo]
SCES-51150;Scrabble Interactive - 2003 Edition
SLES-51150;Scrabble Interactive - 2003 Edition
SCES-53222;Scudetto 5
SLES-53222;Scudetto 5
SLPS-25425;SD Gundam Force Daikessen!
SLUS-20698;SD Gundam Force Showdown
SLKA-25413;SD Gundam G - Generation Spirits
SCAJ-20203;SD Gundam G - Generation Wars
SLPS-25492;SD Gundam G Generation - Gundam Seed [Gundam The Best]
SLPS-25531;SD Gundam G Generation - Gundam Seed Edition
SLPS-25170;SD Gundam G Generation Neo
SLPS-25491;SD Gundam G Generation Neo [Gundam The Best]
SLPS-25832;SD Gundam G Generation Spirits
SLPS-25960;SD Gundam G Generation Spirits [Gundam 30th Anniversary Collection]
SLPS-25941;SD Gundam G Generation Wars
SLPM-62079;Se-Pa 2001
SLUS-21741;Sea Monsters - A Prehistoric Adventure
SLUS-21289;Sea World - Shamu's Big Adventure
SLPS-25064;Sea-Man
SLPS-25066;Seaman - Kindan no Pet - Gaze Hakushi no Jikken Shima
SLPS-25065;Seaman - Kindan no Pet - Gaze Hakushi no Jikken Shima [First Print Limited Edition with Microphone]
SLPM-66685;Seaman 2 - Peking Genjin Ikusei Kit
SLPM-65217;Seaman Kanzeiban
SCES-54033;Search and Destroy
SLES-54033;Search and Destroy
SCES-52670;Second Sight
SLES-52670;Second Sight
SLUS-21033;Second Sight
SCES-55496;Secret Agent Clank
SCUS-97623;Secret Agent Clank
SLPM-55028;Secret Game - Killer Queen
SLPM-55027;Secret Game - Killer Queen [Limited Edition]
SLPM-66569;Secret of Evangelion
SLPM-55084;Secret of Evangelion [Best Hit Selection]
CF00-15019;Secret of Evangelion [Limited Edition Asuka Version]
CF00-15018;Secret of Evangelion [Limited Edition Ayanami Version]
SLUS-21896;Secret Saturdays, The - Beasts of the 5th Sun
SLES-55330;Secret Service
SLUS-21836;Secret Service
SCES-51707;Secret Weapons Over Normandy
SCES-51708;Secret Weapons over Normandy
SCES-51709;Secret Weapons over Normandy
SCES-51710;Secret Weapons over Normandy
SCES-51711;Secret Weapons over Normandy
SLES-51707;Secret Weapons Over Normandy
SLES-51708;Secret Weapons over Normandy
SLES-51709;Secret Weapons over Normandy
SLES-51710;Secret Weapons over Normandy
SLES-51711;Secret Weapons over Normandy
SLPM-65483;Secret Weapons Over Normandy
SLUS-20762;Secret Weapons Over Normandy
SCES-51715;Seed
SLPS-20144;Seed, The
SLES-51715;Seed, The - War Zone
SCES-51603;Seek & Destroy
SLES-51603;Seek & Destroy
SLPM-62362;Sega Ages 2500 Series Vol.01 - Phantasy Star
SLPM-62452;Sega Ages 2500 Series Vol.01 - Phantasy Star - Generation:1
SLPM-62367;Sega Ages 2500 Series Vol.01 - Phantasy Star [Limited Edition]
SLPM-62666;Sega Ages 2500 Series Vol.01 - Phantasy Star Generation 1
SLPM-62364;Sega Ages 2500 Series Vol.02 - Monaco GP
SLPM-62366;Sega Ages 2500 Series Vol.03 - Fantasy Zone
SLPM-62668;Sega Ages 2500 Series Vol.03 - Fantasy Zone
SLPM-62384;Sega Ages 2500 Series Vol.04 - Space Harrier
SLPM-62385;Sega Ages 2500 Series Vol.05 - Golden Axe
SLPM-62670;Sega Ages 2500 Series Vol.05 - Golden Axe
SLPM-62671;Sega Ages 2500 Series Vol.06 - Bonanza Bros. & Tant-R
SLPM-62433;Sega Ages 2500 Series Vol.06 - Bonanza Brothers
SLPM-62425;Sega Ages 2500 Series Vol.07 - Columns
SLPM-62443;Sega Ages 2500 Series Vol.08 - Virtua Racing
SLPM-62445;Sega Ages 2500 Series Vol.09 - Gain Ground
SLPM-62674;Sega Ages 2500 Series Vol.09 - Gain Ground
SLPM-62446;Sega Ages 2500 Series Vol.10 - Afterburner II
SLPM-62432;Sega Ages 2500 Series Vol.11 - Hokuto no Ken
SLPM-62655;Sega Ages 2500 Series Vol.11 - Hokuto no Ken
SLPM-62656;Sega Ages 2500 Series Vol.12 - Puyo Puyo Perfect Set
SLPM-62400;Sega Ages 2500 Series Vol.12 - Puyo Puyo Tsu Perfect Set
SLPM-62447;Sega Ages 2500 Series Vol.13 - Outrun
SLPM-62675;Sega Ages 2500 Series Vol.13 - Outrun
SLPM-62500;Sega Ages 2500 Series Vol.14 - Alien Syndrome
SLPM-62444;Sega Ages 2500 Series Vol.15 - Decathlete Collection
SLPM-62677;Sega Ages 2500 Series Vol.15 - Decathlete Collection
SLPM-62547;Sega Ages 2500 Series Vol.16 - Virtua Fighter 2
SLPM-62553;Sega Ages 2500 Series Vol.17 - Phantasy Star Generation 2
SLPM-65778;Sega Ages 2500 Series Vol.18 - Dragon Force
SLPM-62606;Sega Ages 2500 Series Vol.19 - Fighting Vipers
SLPM-62691;Sega Ages 2500 Series Vol.20 - Space Harrier Collection
SLPM-62692;Sega Ages 2500 Series Vol.21 - SDI & Quartet
SLPM-62708;Sega Ages 2500 Series Vol.22 - Advanced Daisenryaku - Doitsu Dengeki Sakusen
SLPM-62709;Sega Ages 2500 Series Vol.23 - Sega Memorial Selection
SLPM-62687;Sega Ages 2500 Series Vol.24 - Last Bronx
SLPM-62712;Sega Ages 2500 Series Vol.25 - Gunstar Heroes - Treasure Box
SLPM-62717;Sega Ages 2500 Series Vol.26 - Dynamite Deka
SLPM-62718;Sega Ages 2500 Series Vol.27 - Panzer Dragoon
SLPM-62746;Sega Ages 2500 Series Vol.28 - Tetris Collection
SLPM-62780;Sega Ages 2500 Series Vol.33 - Fantasy Zone Complete Collection
SLPM-62669;Sega Ages 2500 Series Vol.4 - Space Harrier
SLPM-62672;Sega Ages 2500 Series Vol.7 - Columns
SLPM-62760;Sega Ages 2500 Vol.29 - Monster World Complete Collection
SLPM-62766;Sega Ages 2500 Vol.30 - Galaxy Force II
SLPM-62767;Sega Ages 2500 Vol.31 - Dennou Senki Virtual On
SLPM-62775;Sega Ages 2500 Vol.32 - Phantasy Star Complete Collection
SCES-51388;Sega Bass Fishing Duel
SLES-51388;Sega Bass Fishing Duel
SCES-53461;Sega Classics Collection
SLES-53461;Sega Classics Collection
SLUS-21009;Sega Classics Collection
SCED-50761;Sega Demo
SLUS-21542;Sega Genesis Collection
SCES-54333;Sega MegaDrive Collection
SLES-54333;Sega MegaDrive Collection
SLPM-66212;Sega Rally 2006
SLPM-62703;Sega Rally Championship '95
SCES-51125;Sega Soccer Slam
SLES-51125;Sega Soccer Slam
SCES-52885;Sega Superstars
SLES-52885;Sega Superstars
SLPM-62559;Sega Superstars
SLUS-20999;Sega Superstars
SCES-52834;Sega Superstars Eyetoy Bundle
SLES-52834;Sega Superstars Eyetoy Bundle
SLES-54946;Sega Superstars Tennis
SLUS-21733;Sega Superstars Tennis
SCPS-11016;Seigi no Mikata
CF00-22006;Seikai no Senki [Best Hit Selection]
SLPM-66692;Seikai no Senki [Best Hit]
SCAJ-20184;Seiken Densetsu 4
SLPM-47642;Seiken Densetsu 4
SLPM-66576;Seiken Densetsu 4
SCKA-20101;Seiken Densetsu 4 [Dawn of Mana]
SLPM-66201;Seishun no Kagayaki [Best Version]
SLPM-66544;Sekai no Zente - Two of Us
SLPS-20364;Sekai Saikyou Ginsei Igo 5
SLPS-20421;Sekai Saikyou Ginsei Igo 6
SLPM-55227;Sekirei - Mirai Kara no Okurimono
ALCH-00021;Sekirei - Mirai Kara no Okurimono [Special Pack]
SCED-50811;Selector Demo 01
SCED-51146;Selector Demo 03
SCED-51683;Selector Demo 05
SLES-55512;Sengoku Anthology
SLPM-66058;Sengoku Basara
SLPM-66287;Sengoku Basara
SLPM-66859;Sengoku Basara [Best Price]
SLPM-66447;Sengoku Basara 2
SLPM-66865;Sengoku Basara 2 [Best Price]
SLPM-66691;Sengoku Basara 2 [CapKore]
CPCS-01032;Sengoku Basara 2 [Double Pack]
SLPM-74275;Sengoku Basara 2 Eiyuu Gaiden [PlayStation 2 the Best Reprint]
SLPM-74264;Sengoku Basara 2 Eiyuu Gaiden [PlayStation 2 the Best]
SLPM-66848;Sengoku Basara 2 Heroes
SLPM-55008;Sengoku Basara X
SLPM-55224;Sengoku Basara X [Best Price]
CPCS-01036;Sengoku Basara X [Limited Edition]
SLPM-55225;Sengoku Hime - Senran ni Mau Otometachi
SLPM-55218;Sengoku Hime - Senran ni Mau Otometachi [Limited Edition]
SLPM-55295;Sengoku Hime - Senran ni Mau Otometachi [SystemSoft Selection]
SLPM-55277;Sengoku Hime 2 Honoo - Hyakubana
SLPM-55278;Sengoku Hime 2 Honoo - Hyakubana
SLAJ-25035;Sengoku Musou
SLAJ-25035;Sengoku Musou
SLKA-25166;Sengoku Musou
SLPM-65517;Sengoku Musou
KOEI-00019;Sengoku Musou - Moushouden [Treasure Box]
KOEI-00011;Sengoku Musou [Excellent Box]
SLPM-74212;Sengoku Musou [PlayStation 2 The Best]
SLPM-74235;Sengoku Musou [PlayStation 2 The Best]
SLPM-65711;Sengoku Musou [Premium Box]
KOEI-00006;Sengoku Musou [Treasure Box]
SLPM-62716;Sengoku Musou [Treasure Box]
SLPM-65516;Sengoku Musou [Treasure Box]
SLAJ-25077;Sengoku Musou 2
SLPM-66307;Sengoku Musou 2
SLAJ-25084;Sengoku Musou 2 - Empires
SLPM-74280;Sengoku Musou 2 [PlayStation 2 the Best Reprint]
SLPM-74247;Sengoku Musou 2 [PlayStation 2 the Best]
KOEI-00065;Sengoku Musou 2 [Treasure Box]
SLPM-62768;Sengoku Musou 2 & Sengoku Musou 2 - Empires Saikyou Data
SLPM-66542;Sengoku Musou 2 Empires
SLPM-74284;Sengoku Musou 2 Empires [PlayStation 2 the Best Reprint]
SLPM-74266;Sengoku Musou 2 Empires [PlayStation 2 the Best]
KOEI-00112;Sengoku Musou 2 Empires [Treasure Box]
KOEI-20129;Sengoku Musou 2 Moushouden [Premium Pack with Sengoku Musou]
KOEI-20130;Sengoku Musou 2 Moushouden [Super Premium Pack]
KOEI-20131;Sengoku Musou 2 Moushouden [Treasure Box]
SLPM-66821;Sengoku Musou 2 Mushouden
SLPM-67014;Sengoku Musou 2 Mushouden
KOEI-00017;Sengoku Musou Kouryaku Box
SLPM-65718;Sengoku Musou Moushouden
SLPM-74224;Sengoku Musou Moushouden [PlayStation 2 The Best]
SLPM-74249;Sengoku Musou Moushouden [PlayStation 2 the Best]
SLAJ-25048;Sengoku Musou Mushoden
SLPM-65713;Sengoku Musou Mushouden [Treasure Box]
SLPS-25919;Sengoku Tenka Touitsu
SLPS-25984;Sengoku Tenka Touitsu [SystemSoft Selection]
SCES-53810;Sensible Soccer 2006
SLES-53810;Sensible Soccer 2006
SLPS-25395;Sentimental Prelude
SLPM-66196;Sentimental Prelude [Best Version]
SLPM-65932;Sento Country Kai - New Operation [with Bonus DVD]
SLPM-66741;Sentou Kokka Kai - Legend
SLPM-66740;Sentou Kokka Kai - Legend [DX Pack]
SLPM-66298;Separate Hearts
SLPM-66297;Separate Hearts [Limited Edition]
SCES-52450;Serious Sam - Next Encounter
SLES-52450;Serious Sam - Next Encounter
SLUS-20907;Serious Sam - Next Encounter
SLPS-73408;Seven - Molmorth no Kiheitai [PlayStation 2 the Best]
SLPS-25025;Seven Lance Moromos - Cavalryman Corps
SCAJ-20061;Seven Samurai 20XX
SCES-52348;Seven Samurai 20XX
SLES-52348;Seven Samurai 20XX
SLPS-25313;Seven Samurai 20XX
SLUS-20621;Seven Samurai 20XX
SCES-50677;Shadow Hearts
SCES-50822;Shadow Hearts
SLES-50677;Shadow Hearts
SLES-50822;Shadow Hearts
SLPS-25041;Shadow Hearts
SLUS-20347;Shadow Hearts
SLES-82030;Shadow Hearts - Covenant [Disc 1]
SLES-82031;Shadow Hearts - Covenant [Disc 2]
SLES-54711;Shadow Hearts - From the New World
SLPM-66071;Shadow Hearts - From the New World
SLUS-21326;Shadow Hearts - From the New World
SLPM-66070;Shadow Hearts - From the New World [Limited Edition]
ARZE-66071;Shadow Hearts - From the New World [Starter Pack]
SLPS-73418;Shadow Hearts [PlayStation 2 The Best]
SLPS-25334;Shadow Hearts 2
SLUS-21041;Shadow Hearts 2 - Covenant [Disc 1]
SLUS-21044;Shadow Hearts 2 - Covenant [Disc 2]
SLPS-25317;Shadow Hearts 2 [Deluxe Pack]
SLPS-73214;Shadow Hearts 2 [Director's Cut] [PlayStation 2 The Best]
SLPM-60214;Shadow Hearts II
SLPM-60226;Shadow Hearts II
SLPM-73214;Shadow Hearts II - Director's Cut [PlayStation 2 the Best]
SLUS-20413;Shadow Man - Second Coming
SCES-50446;Shadow Man 2 - The Second Coming
SCES-50608;Shadow Man 2 - The Second Coming
SLES-50446;Shadow Man 2 - The Second Coming
SLES-50608;Shadow Man 2 - The Second Coming
SLUS-20146;Shadow of Destiny
SLES-53345;Shadow of Ganymede
SCES-50112;Shadow of Memories
SLES-50112;Shadow of Memories
SLPM-65013;Shadow of Memories
SLPM-65070;Shadow of Memories
SCES-52950;Shadow of Rome
SLES-52950;Shadow of Rome
SLPM-65883;Shadow of Rome
SLUS-20902;Shadow of Rome
SLPM-66745;Shadow of Rome [CapKore]
SLUS-29139;Shadow of Rome [Demo]
SCAJ-20146;Shadow of the Colossus
SCES-53326;Shadow of the Colossus
SCUS-97472;Shadow of the Colossus
SLES-53326;Shadow of the Colossus
SCUS-97505;Shadow of the Colossus [Demo]
SCAJ-20196;Shadow of the Colossus [PlayStation 2 the Best]
SCED-53990;Shadow of the Colossus + Ico
SCES-50662;Shadow of Zorro
SLES-50662;Shadow of Zorro, The
SCES-53542;Shadow the Hedgehog
SLES-53542;Shadow the Hedgehog
SLPM-66166;Shadow the Hedgehog
SLUS-21261;Shadow the Hedgehog
SCAJ-20045;Shadow Tower Abyss
SLPS-25217;Shadow Tower Abyss
SLPS-25599;Shakugan no Shana
SLES-53353;Shaman King - Power of Spirit
SLUS-20953;Shaman King - Power of Spirit
SLPS-25359;Shaman King Funbari Spirits
SCES-53804;Shamu's Deep Sea Adventures
SLES-53804;Shamu's Deep Sea Adventures
SLPS-20241;Shanghai - Sangoku Pai Tatagi
SLPS-20403;Shanghai - Sangoku Pai Tatagi [Super Value 2800]
SLPS-20030;Shanghai - The Four Elements
SLPS-20125;Shanghai - The Four Elements [Super Value 2800]
SCES-52536;Shark Tale
SCES-52537;Shark Tale
SCES-52539;Shark Tale
SCES-52915;Shark Tale
SLES-52536;Shark Tale
SLES-52537;Shark Tale
SLES-52539;Shark Tale
SLES-52915;Shark Tale
SLPM-65901;Shark Tale
SLUS-20925;Shark Tale
SCES-50400;Shaun Palmer's Pro Snowboarder
SCES-50401;Shaun Palmer's Pro Snowboarder
SCES-50402;Shaun Palmer's Pro Snowboarder
SLES-50400;Shaun Palmer's Pro Snowboarder
SLES-50401;Shaun Palmer's Pro Snowboarder
SLES-50402;Shaun Palmer's Pro Snowboarder
SLPM-65198;Shaun Palmer's Pro Snowboarder
SLUS-20199;Shaun Palmer's Pro Snowboarder
SLUS-21853;Shaun White Snowboarding
SCES-51981;ShellShock - Nam '67
SCES-51982;ShellShock - Nam '67
SLES-51981;ShellShock - Nam '67
SLES-51982;ShellShock - Nam '67
SLUS-20828;ShellShock - Nam '67
SCPS-11029;Shibai Michi [USB Mic]
SCPS-11030;Shibai Muchi [with Microphone]
SLUS-21040;Shield, The
SCES-50643;Shifters
SCES-50644;Shifters
SCES-50645;Shifters
SLES-50643;Shifters
SLES-50644;Shifters
SLES-50645;Shifters
SLUS-20271;Shifters
SLPM-66698;Shijou Saikyou no Teishi - Kenichi
SLPS-25759;Shiju Hachi
SLPM-66803;Shikaku Tantei - Sora no Sekai - Thousand Dreams
SCPS-51010;Shikigami no Shiro
SLPM-66069;Shikigami no Shiro - Nanayozuki Gensoukyoku
SLPM-62165;Shikigami no Shiro [Limited Edition]
TCPS-10051;Shikigami no Shiro [Limited Edition]
SLPM-62523;Shikigami no Shiro [Taito The Best]
SLKA-15003;Shikigami no Shiro II
SLPM-62461;Shikigami no Shiro II
TCPS-10081;Shikigami no Shiro II [Limited Edition]
SLPM-62607;Shikigami no Shiro III [Taito The Best]
SLPM-65816;Shin Bakusou Dekotora Densetsu
SLPM-66387;Shin Bakusou Dekotora Densetsu [Spike the Best]
SLPS-25763;Shin Bokujou Monogatari - Pure Innocent Life
SLPS-25876;Shin Bokujou Monogatari - Pure Innocent Life [Best Collection]
SLPM-65105;Shin Combat Choro Q
SLPM-62247;Shin Contra
SLPM-62264;Shin Contra
SLPM-62361;SHIN CONTRA [KONAMI THE BEST]
SLPM-66278;Shin Gouketuji Ichizoku - Bonnou Kaihou
SLPM-55217;Shin Hisui no Shizuku - Hiiro no Kakera 2
SLPM-55288;Shin Koihime Musou - Otome Ryouran * Sangokushi Engi
SLPS-25978;Shin Master of Monsters Final EX
SLES-54629;Shin Megami Tensei - Devil Summoner
SLPM-66246;Shin Megami Tensei - Devil Summoner - Kuzunoha Raidou
SLUS-21431;Shin Megami Tensei - Devil Summoner - Raidou Kuzunoha vs The Soulless Army
SLUS-28064;Shin Megami Tensei - Devil Summoner [Trade Demo]
SLUS-21845;Shin Megami Tensei - Devil Summoner 2 - Raidou Kuzunoha vs King Abaddon
SCES-53458;Shin Megami Tensei - Digital Devil Saga
SLES-53458;Shin Megami Tensei - Digital Devil Saga
SLUS-20974;Shin Megami Tensei - Digital Devil Saga
SLUS-28049;Shin Megami Tensei - Digital Devil Saga [Trade Demo]
SCES-54555;Shin Megami Tensei - Digital Devil Saga 2
SLES-54555;Shin Megami Tensei - Digital Devil Saga 2
SLUS-21152;Shin Megami Tensei - Digital Devil Saga 2
SLUS-28062;Shin Megami Tensei - Digital Devil Saga 2 [Trade Demo]
SCES-53363;Shin Megami Tensei - Lucifer's Call
SLES-53363;Shin Megami Tensei - Lucifer's Call
SLUS-20911;Shin Megami Tensei - Nocturne
SLUS-28045;Shin Megami Tensei - Nocturne [Trade Demo]
SLES-55018;Shin Megami Tensei - Persona 3
SLUS-21569;Shin Megami Tensei - Persona 3
SLES-55354;Shin Megami Tensei - Persona 3 FES
SLUS-21621;Shin Megami Tensei - Persona 3 FES
SLES-55474;Shin Megami Tensei - Persona 4
SLUS-21782;Shin Megami Tensei - Persona 4
SCAJ-20015;Shin Megami Tensei 3 - Nocturine
SLPM-65242;Shin Megami Tensei 3 - Nocturne
SLPM-65461;Shin Megami Tensei 3 - Nocturne - Maniacs
SLPM-65462;Shin Megami Tensei 3 - Nocturne - Maniacs
SLPM-65241;Shin Megami Tensei 3 - Nocturne [Limited Edition]
SLPM-65259;Shin Megami Tensei III - Nocturne
SLPM-74205;Shin Megami Tensei III - Nocturne [PlayStation 2 The Best]
SLKA-25160;Shin Megami Tensei III - Nocturne Maniax
SCKA-20086;Shin Onimusha - Dawn of Dreams [Disc 1]
SLPM-66275;Shin Onimusha - Dawn of Dreams [Disc 1]
SCKA-20087;Shin Onimusha - Dawn of Dreams [Disc 2]
SLPM-66276;Shin Onimusha - Dawn of Dreams [Disc 2]
SLPM-74251;Shin Onimusha - Dawn of Dreams [PlayStation 2 the Best - Reprint]
SLPM-74232;Shin Onimusha - Dawn of Dreams [PlayStation 2 The Best]
SLAJ-25063;Shin Sangoku Mosou 4
SLPM-62005;Shin Sangoku Musou
SLPM-62183;Shin Sangoku Musou
SLPM-62568;Shin Sangoku Musou [Koei The Best]
SLPM-74002;Shin Sangoku Musou [PlayStation 2 The Best]
SCCS-40006;Shin Sangoku Musou 2
SLPM-65053;Shin Sangoku Musou 2
SLPM-65170;Shin Sangoku Musou 2 - Mushouden
SLPM-66096;Shin Sangoku Musou 2 - Mushouden [Koei Selection Series]
SLPM-66094;Shin Sangoku Musou 2 [Koei Selection Series]
SLPM-66505;Shin Sangoku Musou 2 [Mega Hits]
SLPM-62331;Shin Sangoku Musou 2 & Moushouden Saikyou Data
SLPM-65263;Shin Sangoku Musou 2 & Shin Sangoku Musou 2 Mushouden [Koei Mega Pack] [Disc 1]
SLPM-65264;Shin Sangoku Musou 2 & Shin Sangoku Musou 2 Mushouden [Koei Mega Pack] [Disc 2]
SLPM-65720;Shin Sangoku Musou 2 Mushouden [Koei the Best]
SLPM-65171;SHIN SANGOKU MUSOU 2+2 MUSHOUDEN [PREMIUM PACK] [2 DISCS]
SLAJ-25011;Shin Sangoku Musou 3
SLPM-65248;Shin Sangoku Musou 3
SLPM-74217;Shin Sangoku Musou 3
SLAJ-25040;Shin Sangoku Musou 3 - Empires
SLPM-65564;Shin Sangoku Musou 3 - Empires
SLPM-65565;Shin Sangoku Musou 3 - Empires
SLPM-74219;Shin Sangoku Musou 3 - Empires [PlayStation 2 The Best]
SLAJ-25023;Shin Sangoku Musou 3 - Moushouden
SLAJ-25023;Shin Sangoku Musou 3 - Mushoden
SLPM-65377;Shin Sangoku Musou 3 - Mushouden
SLPM-74216;Shin Sangoku Musou 3 - Mushouden [PLaystation 2 The Best]
SLPM-65375;Shin Sangoku Musou 3 - Mushouden [Premium Pack]
SLKA-25317;Shin Sangoku Musou 3 [BigHits Series]
SLPM-66522;Shin Sangoku Musou 3 [KOEI Selection]
SLPM-74215;Shin Sangoku Musou 3 [PlayStation 2 The Best]
SLPM-65561;Shin Sangoku Musou 3 [Super Premium Pack]
SLPM-65251;Shin Sangoku Musou 3 [Treasure Box]
SLPM-66658;Shin Sangoku Musou 3 Empires [Koei Selection]
KOEI-00009;Shin Sangoku Musou 3 Empires [Super Premium Box]
KOEI-00008;Shin Sangoku Musou 3 Empires [with Mushouden Premium Box]
SLPM-62498;Shin Sangoku Musou 3 Empires & Mushouden Premium Box
SLPM-66657;Shin Sangoku Musou 3 Mushoden [Koei Selection]
SLKA-25289;Shin Sangoku Musou 4
SLPM-65890;Shin Sangoku Musou 4
SLAJ-25079;Shin Sangoku Musou 4 - Empires
SLKA-25390;Shin Sangoku Musou 4 - Empires
SLPM-66343;Shin Sangoku Musou 4 - Empires
SLAJ-25068;Shin Sangoku Musou 4 - Moushouden
SLKA-25329;Shin Sangoku Musou 4 - Moushouden
SLPM-66101;Shin Sangoku Musou 4 - Moushouden
SLPM-74272;Shin Sangoku Musou 4 [PlayStation 2 the Best Reprint]
SLAJ-25092;Shin Sangoku Musou 4 [PlayStation 2 The Best]
SLPM-74236;Shin Sangoku Musou 4 [PlayStation 2 The Best]
KOEI-00027;Shin Sangoku Musou 4 [Treasure Box]
SLPM-62592;Shin Sangoku Musou 4 [Treasure Box]
SLPM-62728;Shin Sangoku Musou 4 & Shin Sangoku Musou 4 - Moushouden Saikyou Data
SLPM-55048;Shin Sangoku Musou 4 Empires [Koei the Best]
SLPM-74283;Shin Sangoku Musou 4 Empires [PlayStation 2 the Best]
KOEI-00069;Shin Sangoku Musou 4 Empires [Premium Box]
KOEI-00070;Shin Sangoku Musou 4 Empires [Super Premium Box]
SLPM-66368;Shin Sangoku Musou 4 Empires [Super Premium Box]
SLPM-66369;Shin Sangoku Musou 4 Empires [Super Premium Box]
SLPM-74279;Shin Sangoku Musou 4 Moushouden [PlayStation 2 the Best Reprint]
SLPM-74250;Shin Sangoku Musou 4 Moushouden [PlayStation 2 the Best]
KOEI-00049;Shin Sangoku Musou 4 Moushouden [Premium Pack with SSM4]
KOEI-00050;Shin Sangoku Musou 4 Moushouden [Treasure Box]
SLPM-55082;Shin Sangoku Musou 5 Special
SLAJ-25104;Shin Sangoku Musou 5 Special [Disc 1]
SLAJ-25105;Shin Sangoku Musou 5 Special [Disc 2]
SLPM-74286;Shin Sangoku Musou 5 Special [PlayStation 2 the Best]
KOEI-00016;Shin Sangoku Musou Kouryaku Box
SLPM-62714;Shin Sangoku Musou Series Collection Joukan
SLPM-62715;Shin Sangoku Musou Series Collection Joukan Saikyou Data
SLPM-65119;Shine - Spinning World
SLPM-65120;Shine - Spinning World
SLKA-25217;Shinging Tears
SLPM-66646;Shining Force EXA
SLUS-21567;Shining Force EXA
SLPM-74260;Shining Force EXA [PlayStation 2 the Best]
SLPM-65908;Shining Force Neo
SLUS-21206;Shining Force Neo
SLAJ-25056;Shining Tears
SLPM-65773;Shining Tears
SLUS-21063;Shining Tears
SLPM-74218;Shining Tears [PlayStation 2 The Best]
SLKA-25215;Shining Wild
SLPM-66671;Shining Wind
SLPM-74261;Shining Wind [PlayStation 2 the Best]
SLPS-25916;Shinjuku no Ookami
SLPM-65391;Shinki Genso - Spectral Souls
SLPM-65390;Shinki Genso - Spectral Souls [Limited Edition]
SLPM-65861;Shinki Genso Spectral Souls II
SLPM-65860;Shinki Genso Spectral Souls II [Premium Box]
SLPM-66715;Shinki Gensou Spectral Souls II [IF Collection]
SLPS-20380;Shinkon Gattai Gondannar!!
SLPM-55270;Shinkyoku Soukai Polyphonica - After School
SLPM-66743;Shinkyouku Soukai Polyphonica
SLPM-55095;Shinkyouku Soukai Polyphonica - The Black ~Episode 1&2 CS Edition~
SLPM-66977;Shinkyouku Soukai Polyphonica 0-4 Hanashi Full Pack
SLPM-66909;Shinkyouku Soukai Polyphonica 3&4 Hanashi Kanketsuhen
SCAJ-25002;Shinobi
SCED-51601;Shinobi
SCES-51428;Shinobi
SLAJ-25002;Shinobi
SLES-51428;Shinobi
SLKA-25021;Shinobi
SLPM-65200;Shinobi
SLUS-20459;Shinobi
SLPM-74415;Shinobi [PlayStation 2 The Best]
SLUS-28016;Shinobi [Trade Demo]
SCES-53931;Shinobido - Way of the Ninja
SLES-53931;Shinobido - Way of the Ninja
SLKA-25389;Shinobido Imashime
SLPM-66091;Shinobido Imashime
SLPM-66556;Shinobido Imashime [Spike The Best]
SLPM-66358;Shinobido Takumi
SLPM-65340;Shinseiki Evangelion - Ayanami Ikusai Keikaku with Asuka Hokan Keikaku
SLPM-66097;Shinseiki Evangelion - Ayanami Ikusai Keikaku with Asuka Hokan Keikaku [Broccoli Best Quality]
SLPM-65334;Shinseiki Evangelion - Ayanami Ikusei Keikaku with Asuka Hokan Keikaku
SLPM-66336;Shinseiki Evangelion - Koutetsu no Girlfriend [Special Edition]
SLPM-65867;Shinseiki Evangelion - Koutetsu no Girlfriend 2nd
SLPM-66315;Shinseiki Evangelion - Koutetsu no Girlfriend 2nd [Broccoli Best Quality]
SLPS-20094;Shinseiki Evangelion - Typing Project-E [TVware Information Revolution Series]
SLKA-25103;Shinseiki Evangelion 2 - Evangelions
SLPS-25299;Shinseiki Evangelions 2
SLPM-65931;Shinseiki Genso - Spectral Souls [IF Collection]
SLPS-25693;Shinseiki GPX - Road to the Infinity 3
SLPS-25814;Shinseiki GPX Cyber Formula - Road to the Infinity 4
SLPM-65821;Shinseiki Yuusha Taisen
SLPM-65823;Shinsengumi Gunrou-den
SLPM-61101;Shinsengumi Gunrou-den [Trial]
SLPM-66493;Shinten Makai - Generation of Chaos V [IF Collection]
SLPM-65328;Shirachuu Tankenbu
SLPM-65660;Shirachuu Tankenbu
TCPS-10070;Shirachuu Tankenbu
TCPS-10090;Shirachuu Tankenbu [Taito Best]
SLPM-55026;Shirogane no Soleil - Contract to the Future - Mirai e no Keiyaku
SLPM-55025;Shirogane no Soleil - Contract to the Future - Mirai e no Keiyaku [Limited Edition]
SLPM-55201;Shirogane no Soleil - Contract to the Future - Mirai e no Keiyaku [Russel Games Best]
SLPM-66150;Shirogane no Torikago
SLPM-66149;Shirogane no Torikago [Limited Edition]
SLPS-20252;Shogi World Champion Gekihashi 2
SLPS-20326;Shogi World Champion Gekihashi 2 [Mycom Best]
SLES-53400;Shogun's Blade
SLPM-62726;Shooting Love - Trizeal
SLUS-21857;Short Track Racing - Trading Paint
SLPM-66390;Shoubi no Ki ni Shoubi no Hanasaku - Das Versprechen
SLPM-62574;Shoubushi Densetsu - Tetsuya Digest [Athena Best Collection Vol.3]
SLPM-65595;Shoubushi Gambler Densetsu - Tetsuya 2 [Athena Best]
SLPM-65318;Shoubushi Tetsuya 2
SLPM-66633;Shoujo Mahou Gaku Little Witch Romanesque
SLPM-66041;Shoujo Yoshitsune Den [WellMADE The Best]
SLPM-65989;Shoujo Yoshitsune Den 2
SLPM-65988;Shoujo Yoshitsune Den 2 [Premium Pack]
SLPM-65363;SHOUJO YOSHITSUNE-DEN [SPECIAL VERSION]
SLPM-62619;Shoujo Yoshitsuneden 2
SLPM-66872;Shoukan Shoujo - Elemental Girl Calling
SLPM-66871;Shoukan Shoujo - Elemental Girl Calling [DX Pack]
SLPM-66730;Shounen Onyouji - Tsubasa Yoima, Ten e Kare
SLPM-66729;Shounen Onyouji - Tsubasa Yoima, Ten e Kare [Deluxe Box]
SLKA-25204;Showdown - Legends of Wrestling
SLUS-21017;Showdown - Legends of Wrestling
SLUS-20533;Shox
SCES-51144;Shox - Rally Reinvented
SCES-51250;Shox - Rally Reinvented
SCES-51251;Shox - Rally Reinvented
SLES-51144;Shox - Rally Reinvented
SLES-51250;Shox - Rally Reinvented
SLES-51251;Shox - Rally Reinvented
SCES-54553;Shrek - Smash 'n Crash Racing
SLES-54553;Shrek - Smash 'n Crash Racing
SCES-51382;Shrek - Super Party
SLES-51382;Shrek - Super Party
SLUS-20516;Shrek - Super Party
SCES-53657;Shrek - Super Slam
SLES-53657;Shrek - Super Slam
SCES-52379;Shrek 2
SCES-52380;Shrek 2
SCES-52381;Shrek 2
SCES-52382;Shrek 2
SCES-52383;Shrek 2
SCES-52457;Shrek 2
SLES-52379;Shrek 2
SLES-52380;Shrek 2
SLES-52381;Shrek 2
SLES-52382;Shrek 2
SLES-52383;Shrek 2
SLES-52457;Shrek 2
SLPM-65697;Shrek 2
SLUS-20745;Shrek 2
SLUS-21392;Shrek Smash and Crash
SCES-51462;Shrek Super Party
SLES-51462;Shrek Super Party
SCES-53751;Shrek Superslam
SLES-53751;Shrek Superslam
SLUS-21197;Shrek Superslam
SLUS-21454;Shrek the Third
SLES-55329;Shrek's Carnival Craze
SLUS-21790;Shrek's Carnival Craze
SLPM-66134;Shuffle! On the Stage
SLPM-66133;SHUFFLE! ON THE STAGE [DELUXE PACK]
SLPM-66806;Shuffle! On the Stage [Kadokawa the Best]
SLPS-73402;Shutoko Battle Zero [PlayStation 2 The Best]
SLPS-25028;Shutokou Battle 0
SLPM-74211;Shutokou Battle 0 [PlayStation 2 The Best]
SLAJ-25018;Shutokou Battle 01
SLPM-65308;Shutokou Battle 01
SLPM-74204;Shutokou Battle 01 [PlayStation 2 The Best]
SLPM-66997;Shuumatsu Otome Gensou Alicematic Apocalypse
SLPM-66996;Shuumatsu Otome Gensou Alicematic Apocalypse [Limited Edition]
SLPM-55202;Shuumatsu Shoujo Gensou Alicematic Apocalypse [Russel Games Best]
PAPX-90224;Sidewinder F
SLPS-25075;Sidewinder F
SLPS-25076;Sidewinder F
SLPS-25018;Sidewinder Max
SLPS-73407;Sidewinder MAX [PlayStation 2 The Best]
SCAJ-20039;Sidewinder V
SLPS-25271;Sidewinder V
SLPS-25255;Sidewinder V [Premium Flight Box]
SLPM-65937;Siekai no Senki
SLES-55147;Silent Hill - Origins
SLKA-25422;Silent Hill - Origins
SLUS-21731;Silent Hill - Origins
SLES-55569;Silent Hill - Shattered Memories
SLPM-55231;Silent Hill - Shattered Memories
SCES-50382;Silent Hill 2
SLES-50382;Silent Hill 2
SLPM-65051;Silent Hill 2
SLUS-20228;Silent Hill 2
SCES-51156;Silent Hill 2 - Director's Cut
SLES-51156;Silent Hill 2 - Director's Cut
SLPM-65098;Silent Hill 2 - Saigo no Uta
SLPM-65341;Silent Hill 2 - Saigo No Uta [Konami The Best]
SLPM-65631;Silent Hill 2 [Konami The Best]
SCES-51434;Silent Hill 3
SLES-51434;Silent Hill 3
SLPM-65257;Silent Hill 3
SLUS-20622;Silent Hill 3
SLPM-66018;Silent Hill 3 [Konami Dendou Collection]
SLPM-65622;Silent Hill 3 [Konami The Best]
SCES-52445;Silent Hill 4 - The Room
SLES-52445;Silent Hill 4 - The Room
SLPM-65574;Silent Hill 4 - The Room
SLUS-20873;Silent Hill 4 - The Room
SLPM-66032;Silent Hill 4 [Konami The Best]
SCES-50037;Silent Scope
SLES-50037;Silent Scope
SLPM-62026;Silent Scope
SLUS-20078;Silent Scope
SLPM-62090;SILENT SCOPE [KONAMI THE BEST]
SCES-50284;Silent Scope 2
SLES-50284;Silent Scope 2
SLUS-20243;Silent Scope 2 - Dark Silhouette
SLPM-62085;SILENT SCOPE 2 - INNOCENT SWEEPER
SLPM-62282;Silent Scope 2 - Innocent Sweeper
SCES-51157;Silent Scope 3
SLES-51157;Silent Scope 3
SLPM-62230;Silent Scope 3
SLUS-20514;Silent Scope 3
SLPM-62410;Silent Scope 3 [Konami The Best]
SCES-50193;Silpheed - The Lost Planet
SLES-50193;Silpheed - The Lost Planet
SLPM-62015;Silpheed - The Lost Planet
SLUS-20085;Silpheed Lost Planet
SCES-53921;Sim Chemist
SLES-53921;Sim Chemist
SLPS-20078;Sim People
SLPM-62514;Sim People [EA Best Hits]
SLPS-20048;Sim Theme Park
SLPS-25689;Simoun - Shoubi Sensou - Fuuin no Remersion
SLPS-25688;Simoun - Shoubi Sensou - Fuuin no Remersion [First Print - Limited Edition]
SLPM-62174;Simple 2000 Honkaku Shikou Series Vol.3 - The Chess
SLPM-62396;Simple 2000 Honkaku Shikou Series Vol.6 - The Card - Blackjack, Daifugou, Draw Poker, Speed, Page One, etc.
SLPM-62179;SIMPLE 2000 HONKAKU SHIKOU VOL.002 - THE IGO
SLPM-62397;Simple 2000 Honkaku Shikou Vol.5 - Kiryoku Kentei
SLPM-62636;Simple 2000 Series 2-in-1 Vol.1 - The Tennis & The Snowboard [Disc 1]
SLPM-62637;Simple 2000 Series 2-in-1 Vol.1 - The Tennis & The Snowboard [Disc 2]
SLPM-62633;Simple 2000 Series 2-in-1 Vol.2 - The Bass Fishing & The Bowling Hyper [Disc 1]
SLPM-62634;Simple 2000 Series 2-in-1 Vol.2 - The Bass Fishing & The Bowling Hyper [Disc 2]
SLPM-62631;Simple 2000 Series 2-in-1 Vol.3 - The Puzzle Collection 2000 Toi & The Touyou Sandai Senjitsu Fusui, Seimeidanhan, Ekisen [Disc 1]
SLPM-62632;Simple 2000 Series 2-in-1 Vol.3 - The Puzzle Collection 2000 Toi & The Touyou Sandai Senjitsu Fusui, Seimeidanhan, Ekisen [Disc 2]
SLPM-62664;Simple 2000 Series 2-in-1 Vol.4 - The Bushidou & The Sniper 2 [Disc 1]
SLPM-62665;Simple 2000 Series 2-in-1 Vol.4 - The Bushidou & The Sniper 2 [Disc 2]
SLPM-62662;Simple 2000 Series 2-in-1 Vol.5 - The Shooting & The Helicopter [Disc 1]
SLPM-62663;Simple 2000 Series 2-in-1 Vol.5 - The Shooting & The Helicopter [Disc 2]
SLPM-65107;Simple 2000 Series Ultimate Vol.02 - Edit Racing
SLPM-65345;Simple 2000 Series Ultimate Vol.09 - Runabout 3
SLPM-62093;Simple 2000 Series Ultimate Vol.1 - Love * Smash!
SLPM-65352;Simple 2000 Series Ultimate Vol.10 - Love Songs
SLPM-65350;Simple 2000 Series Ultimate Vol.11 - Wonder Bass
SLPM-62374;Simple 2000 Series Ultimate Vol.12 - Street Golfer
SLPM-62399;Simple 2000 Series Ultimate Vol.13 - Kyousou! Tansha King - Kattobi! Bari Bari Densetsu
SLPM-62431;Simple 2000 Series Ultimate Vol.14 - Touhai! Dramatic Mahjong - Ten - Tenhoo Doori no Kaidanji
SLPM-62571;Simple 2000 Series Ultimate Vol.22 - Stylish Mahjong
SLPM-65873;Simple 2000 Series Ultimate Vol.23 - Project Minerva Professional
SLPM-65872;Simple 2000 Series Ultimate Vol.24 - Makai Tensei
SLPM-62616;Simple 2000 Series Ultimate Vol.25 - Chou-Saisoku! Zokusha King BU no BU 2
SLPS-25566;Simple 2000 Series Ultimate Vol.27 - After Class Love Beat
SLPS-20445;Simple 2000 Series Ultimate Vol.28 - The Gaidou! Genocide Grand Prix - Drive to Survive
SLPS-20453;Simple 2000 Series Ultimate Vol.29 - K-1 Premium 2005 Dynamite!!
SLPM-62224;Simple 2000 Series Ultimate Vol.3 - Saisoku! Zokusha King - Buchigiri Densetsu
SLPS-20452;Simple 2000 Series Ultimate Vol.30 - Kourin! Zokusha Goddo!
SLPS-25647;Simple 2000 Series Ultimate Vol.32 - Azumi
SLPS-25717;Simple 2000 Series Ultimate Vol.33 - Ururun Quest
SLPS-20484;Simple 2000 Series Ultimate Vol.34 - Sakigake!! Otokojuku
SLPM-62233;Simple 2000 Series Ultimate Vol.4 - Urawaza Ikasa Majangai-Niisan Tsukanjimattayodane
SLPM-62180;Simple 2000 Series Vol.01 - The Shougi
SLPM-62150;Simple 2000 Series Vol.03 - The Bass Fishing
SLPM-62198;Simple 2000 Series Vol.04 - The Mahjong
SLPM-62296;Simple 2000 Series Vol.05 - Love Upper Boxing
SLPM-62171;Simple 2000 Series Vol.05 - The Blockbuster Hyper
SLPM-62248;Simple 2000 Series Vol.05 - The Love Mahjong
SLPM-62314;Simple 2000 Series Vol.07 - Saikyou! Shiro Biking Security Police
SLPM-62197;Simple 2000 Series Vol.07 - The Real Fist Fighter
SLPM-62324;Simple 2000 Series Vol.08 - Gekido! Merio King
SLPM-62219;Simple 2000 Series Vol.08 - The Tennis
SLPM-62207;Simple 2000 Series Vol.09 - Bittersweet Fools
SLPM-62065;Simple 2000 Series Vol.1 - The Table Game
SLPM-62218;Simple 2000 Series Vol.10 - The Table Game Sekai-Hen
SLPS-20465;Simple 2000 Series Vol.100 - The Otoko Tachi no Kijuu Houza
SLPS-20466;Simple 2000 Series Vol.101 - The Oanechan Pon - Oanechan 2
SLPS-20467;Simple 2000 Series Vol.102 - The Fuhyou - Senjou no Inu Tachi
SLPS-20470;Simple 2000 Series Vol.103 - The Chikyuu Boueigun Tactics
SLPS-20473;Simple 2000 Series Vol.104 - The Robot Tsuku Rouze! - Gekitou! Robot Fight
SLPS-20464;Simple 2000 Series Vol.105 - The Maid Fuku to Kikanjuu
SLPS-20468;Simple 2000 Series Vol.106 - The Block Kuzushi Quest - Dragon Kingdom
SLPS-20474;Simple 2000 Series Vol.107 - The Honoo no Kakutou Banchou
SLPS-20476;Simple 2000 Series Vol.108 - The Nippon Tokushubutai
SLPS-20478;Simple 2000 Series Vol.109 - The Taxi 2
SLPM-62223;Simple 2000 Series Vol.11 - The Off-Road Buggy
SLPS-20480;Simple 2000 Series Vol.110 - The Toubou Prisoner
SLPS-25703;Simple 2000 Series Vol.111 - The Itadaki Raider
SLPS-20481;Simple 2000 Series Vol.112 - The Tousou Highway 2 - Road Warrior 2050
SLPS-20488;Simple 2000 Series Vol.113 - The Tairyou Jigoku
SLPS-20489;Simple 2000 Series Vol.114 - The Jokouppichi Torimonochou - Oanechan Go Go Go!
SLPS-20492;Simple 2000 Series Vol.115 - The Roomshare to Iu Seikatsu
SLPS-20493;Simple 2000 Series Vol.116 - The Neko Mura no Hitobito Pagu Daikan no Akugyou Zanmai
SLPS-20494;Simple 2000 Series Vol.117 - The Zerosen
SLPS-20491;Simple 2000 Series Vol.118 - The Raku Musha Dokaku Takeshi Samurai Toujou
SLPS-20497;Simple 2000 Series Vol.119 - The Survival Game 2
SLPM-62231;Simple 2000 Series Vol.12 - The Quiz 20,000-mon
SLPS-20500;Simple 2000 Series Vol.120 - The Saigo no Nippon Tsuwamono
SLPS-20503;Simple 2000 Series Vol.121 - The Boku no Machidzukuri 2 - Machi-ing Maker 2.1
SLPS-25833;Simple 2000 Series Vol.122 - The Ningyo Hime Monogatari - Mermaid Prism
SLPS-25874;Simple 2000 Series Vol.123 - The Office Love Jikenbou - Reijou Tantei
SLPM-62234;Simple 2000 Series Vol.13 - Onna No Ko No Tame No The Renai Adventure-Shoushi No Mori
SLPM-62251;Simple 2000 Series Vol.14 - The Billiard
SLPM-62429;Simple 2000 Series Vol.15 - The Love Ping Pong
SLPM-62232;Simple 2000 Series Vol.15 - The Rugby
SLPM-62459;Simple 2000 Series Vol.16 - Sengoku vs Gendai
SLPM-62253;Simple 2000 Series Vol.16 - The Sniper
SLPM-62468;Simple 2000 Series Vol.17 - Taisen! Bakudan Poy Poy
SLPM-62252;Simple 2000 Series Vol.17 - The Suiri-Aratanaru 20 no Jikenbo
SLPM-62467;Simple 2000 Series Vol.18 - Love Aerobics
SLPM-62272;Simple 2000 Series Vol.18 - The Party Sugoroku
SLPM-62544;Simple 2000 Series Vol.19 - Akagi Yama ni Oritattatensai
SLPM-62270;Simple 2000 Series Vol.19 - The Love Simulation - The Coffee Shop
SLPM-62094;Simple 2000 Series Vol.2 - The Party Game
SLPM-62271;Simple 2000 Series Vol.20 - The Dungeon RPG
SLPM-62542;Simple 2000 Series Vol.20 - The Love Mahjong 2
SLPM-62558;Simple 2000 Series Vol.21 - Kenka Joutou! Yankee Banchou
SLPM-62294;Simple 2000 Series Vol.21 - The Moonlight Tale RPG
SLPM-62295;Simple 2000 Series Vol.22 - The Densha de Go! Commuter Train Version
SLPM-62313;Simple 2000 Series Vol.23 - The Puzzle Collection 2000
SLPM-62308;Simple 2000 Series Vol.24 - The Bowling
SLPM-62309;Simple 2000 Series Vol.25 - The Menkyo Shutoku Simulation
SLPM-62635;Simple 2000 Series Vol.26 - The Love Smash! 5.1
SLPM-62307;Simple 2000 Series Vol.26 - The Paintball X 3
SLPM-62328;Simple 2000 Series Vol.27 - The Pro Yakyuu 2003 Pennent Race
SLPM-62335;Simple 2000 Series Vol.28 - The Bushido - Tsujigiri Ichidai
SLPM-62334;Simple 2000 Series Vol.29 - The Nenai Board Game
SLPM-62337;Simple 2000 Series Vol.30 - The Basketball - 3-on-3
SLPM-62344;Simple 2000 Series Vol.31 - The Chikyuu Boueigun
SLPM-62345;Simple 2000 Series Vol.32 - The Tank
SLPM-62353;Simple 2000 Series Vol.33 - The Jet Coaster - Yuuenchi Otsukkurou!
SLPM-62343;Simple 2000 Series Vol.34 - Love Horror Adventure
SLPM-62373;Simple 2000 Series Vol.35 - The Helicopter
SLPM-62375;Simple 2000 Series Vol.36 - The Musume Ikusei Simulation
SLKA-15029;Simple 2000 Series Vol.37 - The Shooting - Double Shienryu
SLPM-62395;Simple 2000 Series Vol.37 - The Shooting - Double Shienryu
SLPM-65393;Simple 2000 Series Vol.38 - The Friendship Adventure
SLPM-62398;Simple 2000 Series Vol.39 - The Boku no Machizukuri - Machi-ing Maker++
SLPM-62160;Simple 2000 Series Vol.4 - The Double Mahjong Puzzle
SLPM-62352;Simple 2000 Series Vol.40 - The Touyou Sandai Senjutsu - Fuusui, Seimei Handan, Ekisen
SLPM-62412;Simple 2000 Series Vol.41 - The Volleyball
SLPM-62426;Simple 2000 Series Vol.42 - The Ultimate Fight
SLPM-62430;Simple 2000 Series Vol.43 - The Saiban
SLPM-62336;Simple 2000 Series Vol.44 - The First Step RPG
SLPM-65414;Simple 2000 Series Vol.45 - The Love and Tears and Memory
SLPM-62474;Simple 2000 Series Vol.46 - The Kanji Quiz - Challenge! Kanji Kentei
SLPM-62477;Simple 2000 Series Vol.47 - The Gassen Sekigahara
SLPM-62483;Simple 2000 Series Vol.48 - The Taxi
SLPM-62485;Simple 2000 Series Vol.49 - The World Champ Dodgeballer
SLKA-15030;Simple 2000 Series Vol.5 - The Block Kuzushi Hyper
SLPM-62484;Simple 2000 Series Vol.50 - The Daibijin
SLPM-62497;Simple 2000 Series Vol.51 - The Battleship
SLPM-62496;Simple 2000 Series Vol.52 - The Space Raiders
SLPM-62495;Simple 2000 Series Vol.53 - The Camera Kozo
SLPM-62493;Simple 2000 Series Vol.54 - The Daikiju
SLKA-15041;Simple 2000 Series Vol.55 - The Cat Fight
SLPM-62494;Simple 2000 Series Vol.55 - The Cat Fight
SLPM-62504;Simple 2000 Series Vol.56 - The Survival Game
SLPM-62508;Simple 2000 Series Vol.57 - The Baseball 2004
SLPM-62509;Simple 2000 Series Vol.58 - The Surgeon
SLPM-62524;Simple 2000 Series Vol.59 - The Uchyujin to Hanashi Sou!
SLKA-15028;Simple 2000 Series Vol.6 - Love Upper
SLPM-62196;Simple 2000 Series Vol.6 - The Snowboard
SLPM-62510;Simple 2000 Series Vol.60 - The Tokusatsu Henshin Hero
SLPM-62525;Simple 2000 Series Vol.61 - The O-Ane-Chan Bara
SLKA-15045;Simple 2000 Series Vol.61 - The Oane-Chapara
SLPM-65696;Simple 2000 Series Vol.62 - The Super Puzzle Bubble DX
SLKA-15042;Simple 2000 Series Vol.63 - The Suieitaikai
SLPM-62534;Simple 2000 Series Vol.63 - Women's Swim Meet
SLPM-62545;Simple 2000 Series Vol.64 - Splatter Action
SLPM-62543;Simple 2000 Series Vol.65 - The Kyonshi Panic
SLPM-62556;Simple 2000 Series Vol.66 - Brain Power Puzzles
SLPM-62557;Simple 2000 Series Vol.67 - The Suiri
SLPM-62564;Simple 2000 Series Vol.68 - The Runaway - Toumei Highway
SLPM-62580;Simple 2000 Series Vol.69 - The Board Game Collection
SLPM-62586;Simple 2000 Series Vol.70 - Kanshikikan
SLPM-65874;Simple 2000 Series Vol.71 - The Fantasy Renai Adventure - Kanojo no Densetsu
SLPM-62589;Simple 2000 Series Vol.72 - Ninhaza
SLPM-62588;Simple 2000 Series Vol.73 - The Saiyuki Saruden
SLPM-62579;Simple 2000 Series Vol.74 - The Girl for Prince Romance
SLPM-62600;Simple 2000 Series Vol.75 - The Tokudane
SLPM-62604;Simple 2000 Series Vol.76 - The Journey to the World of English Language
SLPM-62605;Simple 2000 Series Vol.77 - The Hanashi Sou Kankokugo no Tabi
SLPM-62618;Simple 2000 Series Vol.78 - The Uchuu Daisensou
SLPM-62617;Simple 2000 Series Vol.79 - Akko ni Omakase! The Party Quiz
SLPS-20439;Simple 2000 Series Vol.79 - The Party Quiz - Akko ni Omakase
SLPM-62638;Simple 2000 Series Vol.80 - The O-Ane-Chan Puruu
SLPM-62652;Simple 2000 Series Vol.81 - The Chikyuu Boueigun 2
SLPM-62650;Simple 2000 Series Vol.82 - The Kung-fu
SLPM-62651;Simple 2000 Series Vol.83 - The Konchu
SLPM-66088;Simple 2000 Series Vol.84 - The Boku ni Oma-Cafe - Kimagure Strawberry Cafe
SLPS-20431;Simple 2000 Series Vol.86 - The Menkyou Shutoku Simulation
SLPS-20441;Simple 2000 Series Vol.87 - The Senko
SLPS-20440;Simple 2000 Series Vol.88 - The Mini Bijo Keikan
SLPM-62649;Simple 2000 Series Vol.88 - The Sekai Meisaku Gekijou Quiz
SLPS-20446;Simple 2000 Series Vol.89 - The Party Game 2
SLPS-20444;Simple 2000 Series Vol.90 - The O-Ane-Chan Bara 2
SLPS-20430;Simple 2000 Series Vol.91 - The All-Star Kakutou
SLPS-25581;Simple 2000 Series Vol.92 - The Game of a Curse
SLPS-20454;Simple 2000 Series Vol.93 - The Right Brain Drill
SLPS-20455;Simple 2000 Series Vol.94 - The Aka-Champion - Come on Baby
SLPS-20456;Simple 2000 Series Vol.95 - The Zombie vs Kyuukyuusha
SLPS-20458;Simple 2000 Series Vol.96 - The Pirate
SLPS-25632;Simple 2000 Series Vol.97 - The Koi no Engine
SLPS-25631;Simple 2000 Series Vol.98 - Roman Sabou
SLPS-20461;Simple 2000 Series Vol.99 - The Genshijin
SLPS-25644;Simple 2000 Ultimate Series Vol.31 - K-1 World Max 2005
SLPM-62181;Simple 2000 Ultimate Vol.12 - Street Golfer
SCES-51897;Simpsons
SLUS-21665;Simpsons Game, The
SCES-50540;Simpsons Road Rage
SCES-50628;Simpsons Road Rage
SLES-50540;Simpsons Road Rage
SLES-50628;Simpsons Road Rage
SCES-50754;Simpsons Skateboarding
SCES-50755;Simpsons Skateboarding
SCES-51360;Simpsons Skateboarding
SCES-51361;Simpsons Skateboarding
SCES-51362;Simpsons Skateboarding
SLES-50754;Simpsons Skateboarding
SLES-50755;Simpsons Skateboarding
SLES-51360;Simpsons Skateboarding
SLES-51361;Simpsons Skateboarding
SLES-51362;Simpsons Skateboarding
SLES-51897;Simpsons, The - Hit & Run
SLUS-20624;Simpsons, The - Hit & Run
SLUS-20139;Simpsons, The - Road Rage
SLUS-20305;Simpsons, The - Road Rage
SLUS-20114;Simpsons, The - Skateboarding
SCES-51257;Sims
SCES-52047;Sims
SCES-52048;Sims
SCES-53718;Sims 2
SCES-54347;Sims 2
SLES-53718;Sims 2, The
SLUS-21265;Sims 2, The
SLUS-21664;Sims 2, The - Castaway
SLES-54347;Sims 2, The - Pets
SLUS-21536;Sims 2, The - Pets
SLUS-29173;Sims 2, The [Demo]
SLUS-20573;Sims, The
SLES-52047;Sims, The - Bustin' Out
SLES-52048;Sims, The - Bustin' Out
SLPM-65479;Sims, The - Bustin' Out
SLUS-20842;Sims, The - Bustin' Out
SLES-51257;Sims, The [Die Sims]
SLPM-66516;Sims, The & The Urbz - Sims in the City [EA Best Hits]
SLPS-25420;Sinbad Adventure wa Enomoto Kanako de Dou Desu ka
SCES-52268;SingStar
SCES-52564;SingStar
SCES-52565;SingStar
SLES-52268;SingStar
SLES-52564;SingStar
SLES-52565;SingStar
SCES-53180;SingStar - The Dome
SLES-53180;SingStar - The Dome
SCES-53602;SingStar '80s
SCES-53603;SingStar '80s
SCES-53604;SingStar '80s
SCES-53605;SingStar '80s
SCES-53606;SingStar '80s
SCES-53607;SingStar '80s
SCES-53609;SingStar '80s
SCES-53610;SingStar '80s
SLES-53602;SingStar '80s
SLES-53603;SingStar '80s
SLES-53604;SingStar '80s
SLES-53605;SingStar '80s
SLES-53606;SingStar '80s
SLES-53607;SingStar '80s
SLES-53609;SingStar '80s
SLES-53610;SingStar '80s
SCES-54131;SingStar Anthems
SLES-54131;SingStar Anthems
SCES-54191;SingStar Legends
SLES-54191;SingStar Legends
SCES-52828;SingStar NRJ Music Tour
SLES-52828;SingStar NRJ Music Tour
SCES-52826;SingStar Party
SCES-52829;SingStar Party
SLES-52826;SingStar Party
SLES-52829;SingStar Party
SCES-53182;SingStar Pop
SLES-53182;SingStar Pop
SCES-54571;SingStar Pop Hits
SLES-54571;SingStar Pop Hits
SCES-53897;SingStar Rocks!
SCES-53898;SingStar Rocks!
SLES-53897;SingStar Rocks!
SLES-53898;SingStar Rocks!
SCED-52461;SingStar
SCES-52299;SingStar
SCES-52566;SingStar
SCES-53181;SingStar
SCES-54129;SingStar
SLES-52299;SingStar
SLES-52566;SingStar
SLES-53181;SingStar
SLES-54129;SingStar
SCES-54600;SingStar - Die Toten Hosen
SLES-54600;SingStar - Die Toten Hosen
SCES-55567;SingStar - The Wiggles
SCES-53795;SingStar '80s
SLES-53795;SingStar '80s
SCES-54599;Singstar '90s
SCES-54077;SingStar [Promo]
SLES-54077;SingStar [Promo]
SCUS-97616;SingStar 80's
SCUS-97618;SingStar 80's [Game Only]
SCUS-97622;SingStar 80's [with Microphone]
SCUS-97626;SingStar 90's
SCUS-97636;SingStar 90's [Game Only]
SCES-55435;SingStar ABBA
SCUS-97642;SingStar ABBA
SCUS-97612;SingStar Amped [Game Only]
SCUS-97611;SingStar Amped [with Microphone]
SCES-54601;SingStar Apres-Ski Party
SCES-55641;SingStar Apres-Ski Party 2
SCES-54823;SingStar Bollywood
SCES-55178;SingStar Boy Bands vs Girl Bands
SCES-55640;SingStar Cantautori Italiani
SCES-55611;SingStar Chart Hits
SCES-55570;SingStar Chartbreaker
SCUS-97650;SingStar Country
SCUS-97651;SingStar Country [Game Only]
SCES-55160;SingStar Hottest Hits
SCES-54869;SingStar Italian Party
SCES-54768;SingStar Latino
SCES-54325;SingStar Legendat
SLES-54325;SingStar Legendat
SCES-54197;SingStar Legends
SCES-54198;SingStar Legends
SCES-54257;SingStar Legends
SCES-54329;SingStar Legends
SCES-54330;SingStar Legends
SCES-54353;SingStar Legends
SCUS-97640;SingStar Legends
SLES-54197;SingStar Legends
SLES-54198;SingStar Legends
SLES-54257;SingStar Legends
SLES-54329;SingStar Legends
SLES-54330;SingStar Legends
SLES-54353;SingStar Legends
SCES-55564;Singstar Made in Germany
SCES-55489;SingStar Mallorca Party
SCES-55549;SingStar Motown
SCES-54078;SingStar Norsk pa Norsk
SLES-54078;SingStar Norsk pa Norsk
SCES-53184;SingStar Norske Hits
SLES-53184;SingStar Norske Hits
SCES-52827;SingStar Party
SCES-52830;SingStar Party
SLES-52827;SingStar Party
SLES-52830;SingStar Party
SCES-55621;SingStar Patito Feo
SCES-53178;SingStar Pop
SCES-53179;SingStar Pop
SCES-53183;SingStar Pop
SCES-53565;SingStar Pop
SLES-53178;SingStar Pop
SLES-53179;SingStar Pop
SLES-53183;SingStar Pop
SLES-53565;SingStar Pop
SCES-53397;SingStar Pop - World Events Code
SLES-53397;SingStar Pop - World Events Code
SCUS-97591;SingStar Pop [Game Only]
SCUS-97580;SingStar Pop [with Microphone]
SCES-54570;SingStar Pop Hits
SCES-54573;SingStar Pop Hits [Nordic]
SCUS-97649;SingStar Pop Vol.2
SCES-53323;SingStar Pop World
SLES-53323;SingStar Pop World
SCES-55453;SingStar Queen
SCUS-97643;SingStar Queen
SCES-54760;SingStar R&B
SCES-54597;SingStar Rock Ballads
SCES-53889;SingStar Rocks!
SCES-53890;SingStar Rocks!
SCES-53891;SingStar Rocks!
SCES-53893;SingStar Rocks!
SCES-53894;SingStar Rocks!
SCES-53895;SingStar Rocks!
SCES-54025;SingStar Rocks!
SLES-53889;SingStar Rocks!
SLES-53890;SingStar Rocks!
SLES-53891;SingStar Rocks!
SLES-53893;SingStar Rocks!
SLES-53894;SingStar Rocks!
SLES-53895;SingStar Rocks!
SLES-54025;SingStar Rocks!
SCUS-97590;SingStar Rocks! [Game Only]
SCUS-97571;SingStar Rocks! [with Microphone]
SCES-55255;SingStar Singalong with Disney
SCES-55056;SingStar Summer Party
SCES-53185;SingStar Svenska Hits
SLES-53185;SingStar Svenska Hits
SCES-54598;SingStar Svenska Hits Schlager
SCES-55554;SingStar Take That
SCES-55183;SingStar Turkish Party
SCAJ-20046;Siren
SCAJ-30003;Siren
SCKA-20019;Siren
SCPS-15053;Siren
SCUS-97355;Siren
PAPX-90511;Siren - Trial Disc
SCUS-97398;Siren [Demo]
SCPS-19305;Siren [PlayStation 2 The Best]
SCPS-19312;Siren [PlayStation 2 The Best]
SCAJ-20161;Siren 2
SCAJ-20167;Siren 2
SCPS-15106;Siren 2
SCPS-19326;Siren 2 [PlayStation 2 The Best]
SCES-52116;Sitting Duck
SLES-52116;Sitting Duck
SLUS-20886;Sitting Ducks
SLES-54628;Skate Attack
SLUS-21839;Ski & Shoot
SLES-53867;Ski Alpin 2006
SLPS-25616;Ski Jumping Pairs Reloaded
SCES-52973;Ski Racing 2005
SLES-52973;Ski Racing 2005
SLES-53638;Ski Racing 2006
SLUS-21591;Ski-Doo Snow X Racing
SCES-53303;Skijumping 2006
SLES-53303;Skijumping 2006
SLPM-55170;Skip Beat!
PAPX-90218;Sky Gunner
PCPX-96321;Sky Gunner
SCPS-11006;Sky Gunner
SLUS-29020;Sky Gunner [Demo]
SLUS-28008;Sky Gunner [Trade Demo]
PCPX-96314;Sky Odyssey
SCES-50105;Sky Odyssey
SCPS-15003;Sky Odyssey
SLES-50105;Sky Odyssey
SLUS-20134;Sky Odyssey
SCES-50261;Sky Surfer
SLES-50261;Sky Surfer
SLPS-20012;Sky Surfer
SLUS-20384;Skygunner
SLES-55152;Skyscraper
SLES-50776;Slam Tennis
SCES-50683;Sled Storm
SLES-50683;Sled Storm
SLUS-20363;Sled Storm
SLPM-62228;Slipheed - The Lost Planet
SLPS-20262;Slot Pro DX - Fujiko 2
SLPS-20378;Slotter UP - Core 4
SLPS-20405;Slotter UP - Core 5
SLPS-20337;Slotter UP - Core Alpha
SLPS-20351;Slotter UP - Mania 4
SLPS-20285;Slotter Up Core
SLPM-66974;Slotter Up Core 10 - Mach GoGoGo
SLPM-55152;Slotter Up Core 11 - Kyoujin no Hoshi IV
SLPM-55275;Slotter Up Core 12 - PinPon
SLPS-20286;Slotter UP Core 2
SLPS-20370;Slotter Up Core 3 - Doronjo ni Omakase!
SLPM-62622;Slotter Up Core 7
SLPM-62682;Slotter Up Core 8 - Giant's Star III
SLPM-62752;Slotter Up Core 9
SLPS-20278;Slotter UP Mania
SLPM-62736;Slotter Up Mania [Dorart Value Series]
SLPM-62778;Slotter Up Mania 10 - Pioneer Special 3
SLPM-55228;Slotter Up Mania 11 - 2027 vs 2027 II
SLPS-20306;Slotter Up Mania 2 - Kokuchi no Kiwame! Juggler Special
SLPS-20338;Slotter Up Mania 3 - Densetsu Fukkatsu! New Pegasus Special
SLPS-20396;Slotter Up Mania 5 - Soukaigekida Mach Go Go Go & Daruma Neko
SLPM-62615;Slotter Up Mania 6 - Oki no Neppuu Pioneer Special 2
SLPM-62693;Slotter Up Mania 7 - Saishinsaikyou Pioneer Max
SLPM-62694;Slotter Up Mania 8
SLPM-62773;Slotter Up Mania 9
SLPM-62582;Slotter-Up Core 6
SCUS-97316;Sly 2 - Band of Thieves
SCUS-97415;Sly 2 - Band of Thieves [E3 Demo]
SCUS-97519;Sly 2 - Band of Thieves [Greatest Hits]
SCUS-97457;Sly 2 - Band of Thieves [Retail Demo]
SCES-53409;Sly 3
SLES-53409;Sly 3
SCKA-20063;Sly 3 - Honor Among Thieves
SCUS-97527;Sly 3 - Honor Among Thieves [Demo]
SCUS-97484;Sly 3 - Honor Among Thieves [E3 Demo]
SCUS-97464;Sly 3 - Honor Amongst Thieves
SCED-53802;Sly 3 - Honour Among Thieves
SCAJ-20017;Sly Cooper
SCKA-20044;Sly Cooper 2 Band of Thieves
SCKA-20004;Sly Cooper and the Thievius Raccoonus
SCUS-97198;Sly Cooper and the Thievius Raccoonus
SCUS-97210;Sly Cooper and the Thievius Raccoonus [Demo]
SCED-51452;Sly Raccoon
SCES-50917;Sly Racoon
SLES-50917;Sly Racoon
SCPS-15090;Sly Racoon 2
SCES-52529;Sly Racoon 2 - Band of Thieves
SLES-52529;Sly Racoon 2 - Band of Thieves
SLPM-65881;SmackDown vs Raw - Exciting Professional Wrestling 6
SLPM-66268;Smackdown! vs Raw 2006 - Exciting Pro Wrestling 7
SCES-53940;Smarties Meltdown
SLES-53940;Smarties Meltdown
SLUS-20620;Smash Cars
SCES-51800;Smash Cars Racing
SLES-51800;Smash Cars Racing
SLUS-20933;Smash Court Pro Tournament Tennis 2
SLPS-25361;Smash Court Professional Tournament 2
SCKA-20033;Smash Court Professional Tournament 2 [Limited Edition]
SCED-50932;Smash Court Tennis - Pro Tournament
SCES-50810;Smash Court Tennis - Pro Tournament
SLES-50810;Smash Court Tennis - Pro Tournament
SLUS-20286;Smash Court Tennis - Pro Tournament
SCED-52618;Smash Court Tennis - Pro Tournament 2
SCES-52423;Smash Court Tennis - Pro Tournament 2
SLES-52423;Smash Court Tennis - Pro Tournament 2
SLPS-20171;Smash Court Tennis Pro
SCES-50055;Smuggler's Run
SCES-50061;Smuggler's Run
SLES-50055;Smuggler's Run
SLES-50061;Smuggler's Run
SLUS-20065;Smuggler's Run
SCES-50341;Smuggler's Run 2 - Hostile Territory
SLES-50341;Smuggler's Run 2 - Hostile Territory
SLUS-20204;Smuggler's Run 2 - Hostile Territory
SCES-51623;Sniper 2
SLES-51623;Sniper 2, The
SLES-51820;Sniper Elite
SLUS-21231;Sniper Elite
SLES-55232;SNK Arcade Classics Vol.1
SLKA-25424;SNK Arcade Classics Vol.1
SLUS-21724;SNK Arcade Classics Volume 1
SLPS-25726;SNK Slot Panic Vol.1
SLKA-25125;SNK vs Capcom - Chaos
SCES-53065;SNK vs Capcom - SVC Chaos
SLES-53065;SNK vs Capcom - SVC Chaos
SLPS-25316;SNK vs Capcom Chaos
SLPS-25484;SNK vs Capcom Chaos [SNK Best Collection]
SLES-54157;SnoCross 2 - Featuring Blair Morgan
SLUS-21130;SnoCross 2 featuring Blair Morgan
SLUS-21380;Snoopy vs The Red Baron
SLPS-25342;Snow
SLPS-25332;Snow [First Limited Edition]
SCES-53936;Snow Rider
SLES-53936;Snow Rider
SLES-54620;Snow White and the 7 Clever Boys
SLES-54700;Snow X Racing
SLPM-62027;Snowboard Heaven
SLPM-62263;Snowboard Heaven
SCES-51712;Snowboard Racer 2
SLES-51712;Snowboard Racer 2
SLUS-20196;Soccer America
SLPM-65372;Soccer Kantoku Saihai Simulation - Formation Final
SCES-53074;Soccer Life
SLES-53074;Soccer Life
SLPS-20350;Soccer Life
SLPS-25521;Soccer Life 2
SCES-53846;Soccer Life II
SLES-53846;Soccer Life II
SLUS-20456;Soccer Mania
SLUS-20509;Soccer Slam - Sega Sports
SCES-51618;SOCOM
SCED-51692;SOCOM - U.S. Navy SEALs
SCKA-24008;SOCOM - U.S. Navy SEALs
SCPS-15044;SOCOM - U.S. Navy SEALs
SCUS-97134;SOCOM - U.S. Navy SEALs
SCES-54477;SOCOM - U.S. Navy SEALs - Combined Assault
SCUS-97545;SOCOM - U.S. Navy SEALs - Combined Assault
SCUS-97560;SOCOM - U.S. Navy SEALs - Combined Assault [Demo]
SCES-50928;SOCOM - U.S. Navy SEALs [Beta & Full Release]
SLES-50928;SOCOM - U.S. Navy SEALs [Beta & Full Release]
SCUS-97205;SOCOM - U.S. Navy SEALs [Demo]
SCUS-97230;SOCOM - U.S. Navy SEALs [Online]
SCES-53300;SOCOM 3 - U.S. Navy SEALs
SCKA-20064;SOCOM 3 - U.S. Navy SEALs
SCUS-97474;SOCOM 3 - U.S. Navy SEALs
SLES-53300;SOCOM 3 - U.S. Navy SEALs
SCUS-97475;SOCOM 3 - U.S. Navy SEALs [Demo]
SCUS-97489;SOCOM 3 - U.S. Navy SEALs [Public Beta v.1]
SCES-51904;SOCOM II - U.S. Navy SEALs
SCES-52306;SOCOM II - U.S. Navy SEALs
SCKA-20020;SOCOM II - U.S. Navy SEALs
SCPS-15065;SOCOM II - U.S. Navy SEALs
SCUS-97275;SOCOM II - U.S. Navy SEALs
SLES-51904;SOCOM II - U.S. Navy SEALs
SLES-52306;SOCOM II - U.S. Navy SEALs
TCES-51904;SOCOM II - U.S. Navy SEALs [Beta]
SCKA-20053;SOCOM II - U.S. Navy SEALs [BigHits Series]
SCUS-97368;SOCOM II - U.S. Navy SEALs [Demo]
SCUS-97511;SOCOM II - U.S. Navy SEALs [Greatest Hits]
SCUS-97366;SOCOM II - U.S. Navy SEALs [Public Beta v1.0]
SLPS-20479;Sokudoku Master
SCES-53873;Sol Divide
SLES-53873;Sol Divide
SCES-50739;Soldier of Fortune - Gold Edition
SLES-50739;Soldier of Fortune - Gold Edition
SLUS-20084;Soldier of Fortune - Gold Edition
SLKA-25233;Sonic - Mega Collection Plus
SCES-53350;Sonic Gems Collection
SLES-53350;Sonic Gems Collection
SLPM-66074;Sonic Gems Collection
SCES-51950;Sonic Heroes
SLAJ-25027;Sonic Heroes
SLES-51950;Sonic Heroes
SLPM-65431;Sonic Heroes
SLUS-20718;Sonic Heroes
SCES-52998;Sonic Mega Collection Plus
SLES-52998;Sonic Mega Collection Plus
SLPM-65758;Sonic Mega Collection Plus
SLUS-20917;Sonic Mega Collection Plus
SCES-53560;Sonic Riders
SLES-53560;Sonic Riders
SLKA-25358;Sonic Riders
SLPM-66281;Sonic Riders
SLUS-21331;Sonic Riders
SLES-54915;Sonic Riders - Zero Gravity
SLUS-21642;Sonic Riders - Zero Gravity
SLUS-29179;Sonic Riders [Demo]
SLES-55380;Sonic Unleashed
SLUS-21846;Sonic Unleashed
SCES-54209;Sopranos
SLUS-21388;Sopranos, The
SLES-54209;Sopranos, The - Road to Respect
SLUS-21549;Sopranos, The [Collector's Edition]
SLPM-55013;Sorayume
SLPM-60113;Sorcerous Stabber Orphen
SLPS-25008;Sorcerous Stabber Orphen
SLPM-65065;Sorcerous Stabber Orphen [Kadokawa The Best]
SLPM-65848;Soriaro no Fuukin Remix
SLPM-65847;Soriaro no Fuukin Remix [First Print - Limited Edition]
SCES-51301;SOS - The Final Escape
SLES-51301;SOS - The Final Escape
SLPM-65971;Soshite Bokura wa... and He Said
SLPM-66351;Soshite Kono Uchuu ni Kirameku Kimi no Shi
SLPM-66659;Soshite Kono Uchuu ni Kirameku Kimi no Shi XXX
SLPM-66294;Sotsugyou 2nd Generation
SLPM-55040;Soukoku no Kusabi - Hiiro no Kakera 3
SLPM-55039;Soukoku no Kusabi - Hiiro no Kakera 3 [Limited Edition]
SCPS-15114;Soukou Kihei Armodyne
SLPS-25827;Soukou Kihei Votoms
SCKA-20016;Soul Calibur 2
SLUS-20643;Soul Calibur 2
SCES-53312;Soul Calibur 3
SLES-53312;Soul Calibur 3
SCAJ-20023;Soul Calibur II
SCES-51799;Soul Calibur II
SLES-51799;Soul Calibur II
SLPS-25230;Soul Calibur II
SLUS-29058;Soul Calibur II [Demo]
SCAJ-20159;Soul Calibur III
SCKA-20059;Soul Calibur III
SLPS-25577;Soul Calibur III
SLUS-21216;Soul Calibur III
SLPS-25895;Soul Cradle - Sekai o Kurau Mono [The Best Price]
SLPS-25739;Soul Cradle Sekai o Kurau Mono
SLPS-25738;Soul Cradle Sekai o Kurau Mono [Limited Edition]
SLPS-25912;Soul Eater - Battle Resonance
SLPM-66437;Soul Link Extension
SLES-55167;Soul Nomad & the World Eaters
SLUS-21603;Soul Nomad & The World Eaters
SCES-50196;Soul Reaver 2 - Legacy of Kain
SCPS-55013;Soul Reaver 2 - Legacy of Kain
SLES-50196;Soul Reaver 2 - Legacy of Kain
SLPS-25085;Soul Reaver 2 - Legacy of Kain
SCED-53674;Soulcalibur III
SLPS-25519;Sousei no Aquarion
SLPM-62310;Souten Ryuu - The Arcade
SCES-50611;Space Channel 5
SLES-50611;Space Channel 5
SLPM-65095;Space Channel 5
SCES-50612;Space Channel 5 - Part 2
SLES-50612;Space Channel 5 - Part 2
SLPM-65096;Space Channel 5 - Part 2
SLPM-74044;Space Channel 5 - Part 2 [PlayStation 2 The Best]
SLPM-74404;Space Channel 5 - Part 2 [PlayStation 2 The Best]
SCED-51405;Space Channel 5 - Part 2 Special Demo
SLUS-20806;Space Channel 5 - Special Edition
SLES-55340;Space Chimps
SLUS-21783;Space Chimps
SCPS-11025;Space Fisherman
SCPS-51016;Space Fishermen
SCES-51746;Space Invaders - Invasion Day
SLES-51746;Space Invaders - Invasion Day
SLPM-62354;Space Invaders 25th Anniversary
TCPS-10074;Space Invaders 25th Anniversary Bundle
SCES-52313;Space Invaders Anniversary
SLES-52313;Space Invaders Anniversary
TCPS-10069;Space Invaders Anniversary
SCES-50487;Space Race
SLES-50487;Space Race
SLPM-62275;Space Raiders
SLES-54593;Space Rebellion
SLPS-25649;Space Sheriff Spirits
SRPM-70201;Space Venus Starring Morning Musume
SCES-53915;Space War Attack
SLES-53915;Space War Attack
SLPM-66444;Spartan - Total Warrior
SLUS-21212;Spartan - Total Warrior
SCES-53393;Spartan Total Warrior
SLES-53393;Spartan Total Warrior
SCES-52326;Spawn - Armageddon
SLES-52326;Spawn - Armageddon
SLPS-25370;Spawn - Armageddon
SLUS-20707;Spawn - Armageddon
SLES-54591;Special Forces
SLPM-66429;Special Forces - Fire for Effect
SLPM-65669;Spectral Force - Radical Elements
SLPM-66455;Spectral Force - Radical Elements [IF Collection]
SLPM-65668;Spectral Force - Radical Elements [Limited Edition]
SLPM-65967;Spectral Force Chronicle
SLPM-66349;Spectral Force Chronicle
SLPM-65966;Spectral Force Chronicle [Limited Edition]
SLPM-66899;Spectral Gene
SLPM-66898;Spectral Gene [Limited Edition]
SLES-54687;Spectral vs Generation
SLPM-62727;Spectral vs Generation
SLPM-66350;Spectral vs Generation
SCES-50848;Speed Kings
SLES-50848;Speed Kings
SLKA-15022;Speed Kings
SLUS-20584;Speed Kings
SCES-53920;Speed Machines 3
SLES-53920;Speed Machines 3
SLES-55075;Speed Racer
SLUS-21812;Speed Racer
SCES-54074;Speedboat GP
SLES-54074;Speedboat GP
SCES-51831;Sphinx and The Cursed Mummy
SLES-51831;Sphinx and The Cursed Mummy
SLKA-25018;Sphinx and the Cursed Mummy
SLUS-20482;Sphinx and the Cursed Mummy
SLUS-29057;Sphinx and the Shadow of Set [Demo]
SCES-50812;Spider-Man
SCES-50813;Spider-Man
SCES-50814;Spider-Man
SCES-50965;Spider-Man
SLES-50812;Spider-Man
SLES-50813;Spider-Man
SLES-50814;Spider-Man
SLES-50965;Spider-Man
SLPM-65205;Spider-Man
SLES-54901;Spider-Man - Friend or Foe
SLUS-21600;Spider-Man - Friend or Foe
SLUS-20336;Spider-Man - The Movie
SLUS-21822;Spider-Man - Web of Shadows
SLES-55372;Spider-Man - Web of Shadows [Amazing Allies Edition]
SCES-52372;Spider-Man 2
SCES-52493;Spider-Man 2
SLES-52372;Spider-Man 2
SLES-52493;Spider-Man 2
SLPM-65662;Spider-Man 2
SLUS-20776;Spider-Man 2
TCPS-10092;Spider-Man 2
SLPM-66121;Spider-Man 2 [Taito Best]
SLES-54724;Spider-Man 3
SLPS-25823;Spider-Man 3
SLUS-21552;Spider-Man 3
SLUS-21716;Spiderwick Chronicles, The
SCES-52867;Spindrive Ping Pong
SLES-52867;Spindrive Ping Pong
SCES-50486;Splashdown
SLES-50486;Splashdown
SLPM-65113;Splashdown
SLUS-20223;Splashdown
SLUS-20686;Splashdown - Rides Gone Wild
SLUS-29054;Splashdown - Rides Gone Wild [Demo]
SLPM-65309;Splashdown [PlayStation 2 The Best]
SCES-51680;Splashdown 2 - Rides Gone Wild
SCES-51681;Splashdown 2 - Rides Gone Wild
SCES-51925;Splashdown 2 - Rides Gone Wild
SLES-51680;Splashdown 2 - Rides Gone Wild
SLES-51681;Splashdown 2 - Rides Gone Wild
SLES-51925;Splashdown 2 - Rides Gone Wild
SLES-53368;Splatter Master
SLUS-29048;Splinter Cell [Demo]
SLPM-66694;Spongebob
SLES-54521;Spongebob and Friends - Battle for Volcano Island
SCES-52906;Spongebob and Friends - Movin
SLES-52906;Spongebob and Friends - Movin
SCES-51970;Spongebob Schwammkopf - Schlacht um Bikini Bottom
SLES-51970;Spongebob Schwammkopf - Schlacht um Bikini Bottom
SCES-51968;Spongebob Squarepants - Battle for Bikini Bottom
SCES-53623;Spongebob Squarepants - Battle for Bikini Bottom
SLES-51968;Spongebob Squarepants - Battle for Bikini Bottom
SLES-53623;Spongebob Squarepants - Battle for Bikini Bottom
SCES-54400;SpongeBob Squarepants - Creature from the Krusty Krab
SLES-54400;SpongeBob Squarepants - Creature from the Krusty Krab
SLUS-21391;SpongeBob SquarePants - Creature from the Krusty Krab
SCES-53494;Spongebob Squarepants - Lights
SCES-53496;Spongebob Squarepants - Lights
SLES-53494;Spongebob Squarepants - Lights, Camera, PANTS!
SLES-53496;Spongebob Squarepants - Lights, Camera, PANTS!
SLUS-21252;SpongeBob Squarepants - Lights, Camera, PANTS!
SCES-51285;Spongebob Squarepants - Revenge of the Flying Dutchman
SLES-51285;Spongebob Squarepants - Revenge of the Flying Dutchman
SLUS-20425;Spongebob Squarepants - Revenge of the Flying Dutchman
SLUS-20680;SpongeBob SquarePants - The Battle for Bikini Bottoms
SCES-52895;Spongebob Squarepants - The Movie
SCES-52896;Spongebob Squarepants - The Movie
SCES-52985;Spongebob Squarepants - The Movie
SCES-52986;Spongebob Squarepants - The Movie
SLES-52895;Spongebob Squarepants - The Movie
SLES-52896;Spongebob Squarepants - The Movie
SLES-52985;Spongebob Squarepants - The Movie
SLES-52986;Spongebob Squarepants - The Movie
SLUS-20904;SpongeBob Squarepants - The Movie
SCES-53563;Spongebob Squarepants and Friends - Untie!
SLES-53563;Spongebob Squarepants and Friends - Untie!
SLES-55271;SpongeBob SquarePants featuring Nicktoons - Globs of Doom
SLUS-21818;SpongeBob SquarePants featuring Nicktoons - Globs of Doom
SLES-55024;SpongeBob's Atlantis SquarePantis
SLUS-21644;SpongeBob's Atlantis SquarePantis
SLES-52774;Sprint Car Challenge
SLUS-21418;Sprint Cars - Road to Knoxville
SLUS-21601;Sprint Cars 2 - Showdown at Eldora
SCES-52505;Spy Fiction
SLES-52505;Spy Fiction
SLPS-25311;Spy Fiction
SLUS-20856;Spy Fiction
SLPM-65090;Spy Hunter
SLUS-20056;Spy Hunter
SCES-54130;Spy Hunter - Nowhere to Run
SLES-54130;Spy Hunter - Nowhere to Run
SLUS-21421;Spy Hunter - Nowhere to Run
SLED-50488;Spy Hunter [Demo]
SLUS-20590;Spy Hunter 2
SCES-53078;Spy vs Spy
SLES-53078;Spy vs Spy
SCES-50268;SpyHunter
SLES-50268;SpyHunter
SCES-51841;SpyHunter 2
SCES-52387;SpyHunter 2
SLES-51841;SpyHunter 2
SLES-52387;SpyHunter 2
SLUS-20884;Spyro - A Hero's Tail
SCES-52569;Spyro - A Hero's Tale
SLES-52569;Spyro - A Hero's Tale
SCES-51043;Spyro - Enter the Dragonfly
SLES-51043;Spyro - Enter the Dragonfly
SCES-54815;Spyro - The Eternal Night
SLES-54815;Spyro - The Eternal Night
SLUS-20315;Spyro the Dragon - Enter the Dragonfly
SCES-53347;SpyToy
SLES-53347;SpyToy
SLUS-29087;Square Enix Sampler Disc Vol.1
SLUS-29098;Square Enix Sampler Disc Vol.2
SLUS-20095;SSX
SLPS-20025;SSX - Snowboard Supercross
SCES-51697;SSX 3
SLES-51697;SSX 3
SLPM-65449;SSX 3
SLUS-20772;SSX 3
SLKA-25200;SSX 3 [BigHits Series]
SLPM-65793;SSX 3 [EA Best Hits]
SLPM-55077;SSX 3 [EA:SY! 1980]
SCES-53551;SSX On Tour
SCES-53552;SSX On Tour
SLES-53551;SSX On Tour
SLES-53552;SSX On Tour
SLKA-25323;SSX On Tour
SLPM-66189;SSX On Tour
SLUS-21278;SSX on Tour
SLUS-29161;SSX On Tour [Demo]
SLPM-66601;SSX On Tour [EA Best Hits]
SCES-50030;SSX Snowboarding
SLES-50030;SSX Snowboarding
SCES-50545;SSX Tricky
SLES-50545;SSX Tricky
SLPS-25078;SSX Tricky
SLUS-20326;SSX Tricky
SLUS-21259;Stacked with Daniel Negreanu
SLPM-66717;Standard Daisenryaku - Dengekisen [Sega the Best]
SLPM-65704;Standard Daisenryaku Dengekisen
SLPM-65959;Standard Daisenryoku - Shiwareta Shouri
SLPM-66718;Standard Daisenryoku - Shiwareta Shouri [Sega the Best]
SCES-52061;Star Academy
SLES-52061;Star Academy
SCPS-55019;Star Ocean 3 - Till the End of Time
SLES-82028;Star Ocean 3 - Till the End of Time [Disc 1]
SLUS-20488;Star Ocean 3 - Till the End of Time [Disc 1]
SLES-82029;Star Ocean 3 - Till the End of Time [Disc 2]
SLUS-20891;Star Ocean 3 - Till the End of Time [Disc 2]
SLPM-66478;Star Ocean 3 - Till the End of Time [Ultimate Hits] [Disc 1]
SLPM-66479;Star Ocean 3 - Till the End of Time [Ultimate Hits] [Disc 2]
SCAJ-20070;Star Ocean 3 [Director's Cut]
SLPM-65438;Star Ocean 3 [Director's Cut] [Disc 1]
SLPM-65439;Star Ocean 3 [Director's Cut] [Disc 2]
SLPM-65209;Star Ocean 3 [Limited Edition]
SLES-55048;Star Trek - Conquest
SLUS-21630;Star Trek - Conquest
SCES-54554;Star Trek - Encounters
SLES-54554;Star Trek - Encounters
SLUS-21396;Star Trek - Encounters
SCES-52209;Star Trek - Shattered Universe
SLES-52209;Star Trek - Shattered Universe
SLUS-20112;Star Trek - Shattered Universe
SCES-50738;Star Trek Voyager - Elite Force
SLES-50738;Star Trek Voyager - Elite Force
SLUS-20227;Star Trek Voyager - Elite Force
SLPM-65687;Star Wars - Battlefront
SLPM-66148;Star Wars - Battlefront [EA Best Hits]
SCES-53501;Star Wars - Battlefront II
SCES-53502;Star Wars - Battlefront II
SLES-53501;Star Wars - Battlefront II
SLES-53502;Star Wars - Battlefront II
SLES-53503;Star Wars - Battlefront II [German]
SCES-50831;Star Wars - Bounty Hunter
SCES-50832;Star Wars - Bounty Hunter
SCES-50833;Star Wars - Bounty Hunter
SCES-50834;Star Wars - Bounty Hunter
SCES-50835;Star Wars - Bounty Hunter
SLES-50831;Star Wars - Bounty Hunter
SLES-50832;Star Wars - Bounty Hunter
SLES-50833;Star Wars - Bounty Hunter
SLES-50834;Star Wars - Bounty Hunter
SLES-50835;Star Wars - Bounty Hunter
SLUS-20420;Star Wars - Bounty Hunter
SCES-50826;Star Wars - Clone Wars
SLES-50826;Star Wars - Clone Wars
SLUS-20510;Star Wars - Clone Wars
SCES-53157;Star Wars - Episode III - Die Rache der Sith
SLES-53157;Star Wars - Episode III - Die Rache der Sith
SCES-53156;Star Wars - Episode III - La Revanche des Sith
SLES-53156;Star Wars - Episode III - La Revanche des Sith
SCES-53155;Star Wars - Episode III - Revenge of the Sith
SLES-53155;Star Wars - Episode III - Revenge of the Sith
SLPM-66046;Star Wars - Episode III - Revenge of the Sith
SLUS-21143;Star Wars - Episode III - Revenge of the Sith
SLPM-66252;Star Wars - Episode III - Sith no Fukushuu
SLPM-66515;Star Wars - Episode III - Sith no Fukushuu [EA Best Hits]
SLPS-25252;Star Wars - Jango Fett
SLPM-65726;Star Wars - Jango Fett [EA Best Hits]
SCES-50371;Star Wars - Jedi Starfighter
SCES-50372;Star Wars - Jedi Starfighter
SCES-50373;Star Wars - Jedi Starfighter
SCES-50374;Star Wars - Jedi Starfighter
SCES-50375;Star Wars - Jedi Starfighter
SLES-50371;Star Wars - Jedi Starfighter
SLES-50372;Star Wars - Jedi Starfighter
SLES-50373;Star Wars - Jedi Starfighter
SLES-50374;Star Wars - Jedi Starfighter
SLES-50375;Star Wars - Jedi Starfighter
SLPS-25147;Star Wars - Jedi Starfighter
SLUS-20293;Star Wars - Jedi Starfighter
SLUS-28010;Star Wars - Jedi Starfighter [Trade Demo]
SCES-50366;Star Wars - Racer Revenge
SLES-50366;Star Wars - Racer Revenge
SLUS-20268;Star Wars - Racer Revenge
SCES-50165;Star Wars - Starfighter
SCES-50166;Star Wars - Starfighter
SCES-50167;Star Wars - Starfighter
SCES-50168;Star Wars - Starfighter
SCES-50169;Star Wars - Starfighter
SLES-50165;Star Wars - Starfighter
SLES-50166;Star Wars - Starfighter
SLES-50167;Star Wars - Starfighter
SLES-50168;Star Wars - Starfighter
SLES-50169;Star Wars - Starfighter
SLPS-20109;Star Wars - Starfighter
SLUS-20044;Star Wars - StarFighter
SLPM-62537;Star Wars - Starfighter [EA Best Hits]
SCES-50204;Star Wars - Super Bombad Racing
SCES-50206;Star Wars - Super Bombad Racing
SLES-50204;Star Wars - Super Bombad Racing
SLES-50206;Star Wars - Super Bombad Racing
SLUS-20043;Star Wars - Super Bombad Racing
SLUS-21913;Star Wars - The Clone Wars - Republic Heroes
SLES-54658;Star Wars - The Force Unleashed
SLPS-25888;Star Wars - The Force Unleashed
SLUS-21614;Star Wars - The Force Unleashed
SCES-52545;Star Wars Battlefront
SCES-52546;Star Wars Battlefront
SCES-52547;Star Wars Battlefront
SLES-52545;Star Wars Battlefront
SLES-52546;Star Wars Battlefront
SLES-52547;Star Wars Battlefront
SLUS-20898;Star Wars Battlefront
SLPM-66190;Star Wars Battlefront II
SLUS-21240;Star Wars Battlefront II
SLUS-29164;Star Wars Battlefront II [Online Public Beta]
SLUS-20798;Starcraft - Ghost
SCES-51617;Starsky & Hutch
SCES-51783;Starsky & Hutch
SLES-51617;Starsky & Hutch
SLES-51618;Starsky & Hutch
SLES-51783;Starsky & Hutch
SLUS-20619;Starsky & Hutch
SLPM-66880;StarTRain - Your Past Makes Your Future
SLPM-66879;StarTRain - Your Past Makes Your Future [Limited Edition]
SCES-50606;State of Emergency
SCES-51046;State of Emergency
SLES-50606;State of Emergency
SLES-51046;State of Emergency
SLUS-20214;State of Emergency
SLPM-66485;State of Emergency - Revenge
SCES-54089;State of Emergency 2
SLES-54089;State of Emergency 2
SLUS-20966;State of Emergency 2
SLUS-28056;State of Emergency 2 [Trade Demo]
SLPM-65558;Steady X Study
SLPM-65557;Steady X Study [Limited Edition]
SLES-53361;Stealth Force - The War on Terror
SLES-55055;Stealth Force 2
SLES-55190;Steam Express
SCES-54138;Steambot Chronicles
SLES-54138;Steambot Chronicles
SLUS-21344;Steambot Chronicles
SLUS-29188;Steambot Chronicles [Demo]
SLES-54335;Steambot Chronicles [French]
SLUS-28061;Steambot Chronicles [Trade Demo]
SLPS-25502;Steamboy
SCES-52482;Steel Dragon EX
SLES-52482;Steel Dragon EX
SLPM-65685;Stella Deus
SCES-53765;Stella Deus - The Gate of Eternity
SLES-53765;Stella Deus - The Gate of Eternity
SLUS-21132;Stella Deus - The Gate of Eternity
SLUS-28050;Stella Deus - The Gate of Eternity [Trade Demo]
SLPM-66670;Stella Deus [Best Version]
SLPS-20018;Stepping Selection [Disc 1]
SLPS-20019;Stepping Selection [Disc 2]
SCES-53972;Stock Car Crash
SLES-53972;Stock Car Crash
SCES-52617;Stock Car Speedway
SLES-52617;Stock Car Speedway
SCES-52882;Stolen
SLES-52882;Stolen
SLUS-21099;Stolen
SLPS-25612;Strawberry Panic
SLPS-25611;Strawberry Panic [Limited Edition]
SLUS-21497;Strawberry Shortcake - Adventures in the Land of Dreams
SCES-54309;Strawberry Shortcake - The Sweet Dreams Game
SLES-54309;Strawberry Shortcake - The Sweet Dreams Game
SCES-55591;Street Cricket Champions
SCES-54331;Street Dance
SLES-54331;Street Dance
SLKA-25183;Street Fighter - Anniversary Collection
SLKA-25437;Street Fighter - Anniversary Collection [PlayStation 2 Big Hit]
SCES-54085;Street Fighter Alpha Anthology
SLES-54085;Street Fighter Alpha Anthology
SLUS-21317;Street Fighter Alpha Anthology
SLUS-20949;Street Fighter Anniversary Collection
SCES-50072;Street Fighter EX3
SLES-50072;Street Fighter EX3
SLPS-20003;Street Fighter EX3
SLUS-20130;Street Fighter EX3
SLPM-60105;Street Fighter EX3 [PlayStation Festival 2000]
SLPM-65621;Street Fighter III - 3rd Strike
SLPM-66639;Street Fighter III - 3rd Strike [Capcom the Best]
CPCS-01009;Street Fighter III - 3rd Strike [Limited Edition]
SLPM-66409;Street Fighter Zero - Fighters Generation
SLPM-66854;Street Fighter Zero - Fighters Generation [Best Price]
SCES-53847;Street Golfer
SLES-53847;Street Golfer
SCES-50862;Street Hoops
SLES-50862;Street Hoops
SLUS-20299;Street Hoops - King of the Court
SLPS-20017;Street Mahjong Trance 2
SLPS-20126;Street Mahjong Trans-Asakami 2
SCES-53045;Street Racing Syndicate
SLES-53045;Street Racing Syndicate
SLUS-20582;Street Racing Syndicate
SLES-54675;Street Warrior
SLUS-20182;Stretch Panic
SLES-53172;Strike Force Bowling
SLUS-20846;Strike Force Bowling
SLPM-55174;Strike Witches - Anata to Dekiru Koto - A Little Peaceful Days
SLPM-55173;Strike Witches - Anata to Dekiru Koto - A Little Peaceful Days [Limited Edition]
SLKA-15004;Strikers 1945 I & II + Gunbird [Premium Package Shooting Collection] [Disc 1]
SLKA-15005;Strikers 1945 I & II + Gunbird [Premium Package Shooting Collection] [Disc 2]
SCES-53422;Stuart Little 3 - Big Photo Adventure
SLUS-21341;Stuart Little 3 - Big Photo Adventure
SCES-50064;Stunt GP
SLES-50064;Stunt GP
SLPS-20152;Stunt GP
SLUS-20218;Stunt GP
SCES-50288;Stuntman
SLES-50288;Stuntman
SLPM-66019;Stuntman
SLUS-20250;Stuntman
SLPM-66910;Stuntman - Ignition
SLUS-21626;Stuntman - Ignition
SLES-54820;Stuntman Ignition
SCES-51160;Sub Rebellion
SLES-51160;Sub Rebellion
SLUS-20548;Sub Rebellion
SCES-54193;Sudoku
SCES-54194;Sudoku
SLPM-62387;Sudoku
SLES-54193;Sudoku, Carol Vonderman's
SLES-54194;Sudoku, Carol Vonderman's
SLUS-21495;Sudoku, Carol Vorderman's
SCES-51693;Suffering
SCES-52439;Suffering
SCES-52531;Suffering
SCES-53527;Suffering
SLES-51693;Suffering, The
SLES-52439;Suffering, The
SLES-52531;Suffering, The
SLUS-20636;Suffering, The
SLUS-21189;Suffering, The - Ties That Bind
SLES-53527;Suffering, The - Ties that Bond
SLPM-55047;Sugar + Spice! Anoko no Suteki na Nanimokamo
ALCH-00015;Sugar + Spice! Anoko no Suteki na Nanimokamo [Koi no Himitsu Recipe]
SLPS-25587;Sugar Sugar Rune - Koimo Osharemo Pick-Up
SLPM-55147;Suggoi! Arcana Heart 2
SLPS-25483;Sui-Toshi-Zun
SLPM-65751;Suigetsu Mayoi-Gokoro
SLPM-55042;Suika A.S+ Eternal Name [Sweet So Sweet]
SLUS-20387;Suikoden III
SCES-52913;Suikoden IV
SLES-52913;Suikoden IV
SLUS-20979;Suikoden IV
SCES-53769;Suikoden Tactics
SLES-53769;Suikoden Tactics
SLUS-21245;Suikoden Tactics
SCES-54087;Suikoden V
SLES-54087;Suikoden V
SLUS-21291;Suikoden V
SLPM-62437;Suisui Sweet - Amai Ai no Mitsukekata
SLPS-20394;Suki na Mono wa Sukida Rashouganai + White Flower + Sukisyo!
SLPS-20353;Suki Namono wa Suki Dakarashou Ganai!! First Limit & Target Nights - Sukisyo Episode #1 & #2
SLPS-20352;Sukisyo - First Limit & Target Nights
SLPM-62424;Suku Suku Inufuku
SLPM-62630;Sukusuku Inufuku [Hamster The Best]
SLPM-66460;Summer ##
SLES-55220;Summer Athletics
SLPM-65634;Summer Girl - Promised Summer
SCES-51778;Summer Heat Beach Volleyball
SLES-51778;Summer Heat Beach Volleyball
SLUS-20634;Summer Heat Beach Volleyball
SLPM-66877;Summer## [GN Software Best]
SCAJ-20034;Summon Night 3
SLPS-25267;Summon Night 3
SLPS-73211;Summon Night 3 [PlayStation 2 The Best]
SLPS-25704;Summon Night 4
SLPS-25528;Summon Night EX Thesis - Yoake no Tsubasa
SLPS-25947;Summon Night Gran-These - Horobi no Tsurugi to Yakusoku no Kishi
SLES-82001;Summoner
SLES-82005;Summoner
SLUS-20074;Summoner
SCES-51141;Summoner 2
SCES-51142;Summoner 2
SCES-51143;Summoner 2
SLES-51141;Summoner 2
SLES-51142;Summoner 2
SLES-51143;Summoner 2
SLUS-20448;Summoner 2
SLUS-29029;Summoner 2 [Demo]
SLPS-25778;Sumomomomomo - Chijou Saikyou no Yome
SLPS-25777;Sumomomomomo - Chijou Saikyou no Yome [Limited Edition]
SCES-50533;Sunny Garcia Surfing
SLES-50533;Sunny Garcia Surfing
SLUS-20208;Sunny Garcia Surfing
SLPS-25592;Sunrise Eiyuutan 3
SLPS-25011;Sunrise Eiyuutan R
SLPS-25270;Sunrise World War
SLPS-25849;Sunsoft Collection
SLPS-25936;Sunsoft Collection [NeoGeo Online Collection the Best]
SLPM-62541;Super Bowling [Superlite 2000 Series Sports]
SCES-50076;Super Bust-A-Move
SLES-50076;Super Bust-A-Move
SLPM-62016;Super Bust-A-Move
SLPM-62144;Super Bust-A-Move
SLUS-20115;Super Bust-A-Move
SCES-50562;Super Bust-A-Move 2
SLES-50562;Super Bust-A-Move 2
SLUS-20460;Super Bust-A-Move 2
SLUS-20012;Super Car Street Challenge
SCES-54161;Super DragonBall Z
SLES-54161;Super DragonBall Z
SLPS-25642;Super DragonBall Z
SLUS-21442;Super DragonBall Z
SCES-51678;Super Farm
SLES-51678;Super Farm
SLES-54563;Super Fruit Fall
SLPM-65021;Super Galdelic Hour
SLPM-62540;Super Husaru [SuperLite 2000 Series]
SLPS-20093;Super Mic-chan
SCES-53701;Super Monkey Ball Adventure
SLES-53701;Super Monkey Ball Adventure
SLUS-21272;Super Monkey Ball Adventure
SCES-53037;Super Monkey Ball Deluxe
SLES-53037;Super Monkey Ball Deluxe
SLKA-25290;Super Monkey Ball Deluxe
SLPM-65909;Super Monkey Ball Deluxe
SLUS-20918;Super Monkey Ball Deluxe
SLES-54818;Super PickUps
SCCS-40010;Super Puzzle Bobble 2
SCPS-51015;Super Puzzle Bobble 2
SLPM-62229;Super Puzzle Bobble 2
SLKA-15043;Super Puzzle Bobble Collection
SLKA-15044;Super Puzzle Bobble Collection
SCAJ-20185;Super Robot Taisen - Original Generations
SLPS-73262;Super Robot Taisen - Original Generations [PlayStation 2 the Best]
SLPS-25750;Super Robot Taisen - Scramble Commander The 2nd
SLPS-73206;Super Robot Taisen Alpha 2nd [PlayStation 2 The Best]
SLPS-25104;Super Robot Taisen Impact
SLPS-25103;Super Robot Taisen Impact [Limited Edition]
SLPS-25733;Super Robot Taisen OG - Original Generations
SCAJ-20200;Super Robot Taisen OG - Original Generations [PlayStation 2 the Best]
SCAJ-20192;Super Robot Taisen OG - Original Generations Gaiden
SCKA-20117;Super Robot Taisen OG - Original Generations Gaiden
SLPS-25836;Super Robot Taisen OG - Original Generations Gaiden
SCAJ-20191;Super Robot Taisen OG - Original Generations Gaiden [Limited Edition]
SLPS-25835;Super Robot Taisen OG - Original Generations Gaiden [Limited Edition]
SCAJ-20201;Super Robot Taisen Z
SLPS-25887;Super Robot Taisen Z
SCAJ-20202;Super Robot Taisen Z - Special Disc
SLPS-73270;Super Robot Taisen Z [PlayStation 2 the Best]
SLPS-25920;Super Robot Taisen Z Special Disc
SLPS-25538;Super Robot Wars - Alpha [Premium Pack]
SCAJ-20022;Super Robot Wars - Alpha 2nd
SLPS-25228;Super Robot Wars - Alpha 2nd
SLPS-25227;Super Robot Wars - Alpha 2nd [Limited Edition]
SLPS-25537;Super Robot Wars - Alpha 3
SLPS-73238;Super Robot Wars - Alpha 3 [PlayStation 2 The Best]
SLPS-73416;Super Robot Wars - Impact [PlayStation 2 The Best]
SLPS-25296;Super Robot Wars - Scramble Commander
SCPS-55021;Super Robot Wars Impact
SLPS-25345;Super Robot Wars MX
SLPM-62552;Super Shanghai 2005
SCES-50897;Super Trucks
SLES-50897;Super Trucks
SLPM-62256;Super Trucks
SLUS-20748;Super Trucks Racing
SLUS-21450;Super Trucks Racing 2
SCES-53354;Superbike GP
SLES-53354;Superbike GP
SLUS-21500;Superbikes - Riding Challenge
SCES-54222;SuperBikes Riding Challenge
SLES-54222;SuperBikes Riding Challenge
SLUS-20912;Superbikes TT
SCES-50421;Supercar Street Challenge
SLES-50421;Supercar Street Challenge
SLPM-62239;Supercar Street Challenge
SLPM-66136;SuperLite 2000 Series - Akaiito
SLPM-66015;SuperLite 2000 Series - Ever 17 - The Out of Infinity [Premium Edition]
SLPM-66195;SuperLite 2000 Series - Love Adventure Monochrome
SLPM-66696;SuperLite 2000 Series - Memories Off - Sorekara Again
SLPM-66283;SuperLite 2000 Series - Memories Off After Rain Vol.3 - Graduation
SLPM-65928;SuperLite 2000 Series - Memories Off Mix
SLPM-66039;SuperLite 2000 Series - Memories Off... Sorekara
SLPM-66555;SuperLite 2000 Series - Tokyo Bus Guide 2
SLPM-62306;SuperLite 2000 Vol.2 - Shougi
SLPM-65353;SuperLite 2000 Vol.6 - Konohana 2 - Todokanai Requiem
SLPM-62372;SuperLite 2000 Vol.7 - Oekaki Puzzle
SCES-50795;Superman - Shadow of Apokolips
SLES-50795;Superman - Shadow of Apokolips
SLUS-20235;Superman - Shadow of Apokolips
SLES-53746;Superman Returns
SLUS-21434;Superman Returns - The Video Game
SLES-54583;Surf's Up
SLUS-21572;Surf's Up
SLUS-20009;Surfing - H30
SLPS-20197;Surfing Air Show with RatBoy
SCES-50056;Surfing H3O
SLES-50056;Surfing H3O
SLUS-20092;Surfing H3O
SLPS-20029;Surfroid
SLPM-62739;Suro Genjin
SCPS-15012;Surveillance
SCPS-55022;Surveillance
SLUS-21863;Suzuki Super-bikes II - Riding Challenge
TCPS-10159;Suzuki TT Super Bikes - Real Road Racing
SLPS-25822;Suzumiya Haruhi no Tomadoi
SLPS-25821;Suzumiya Haruhi no Tomadoi [Limited Edition]
SLPS-73264;Suzumiya Haruhi no Tomadoi [PlayStation 2 the Best]
SLPM-55243;Suzunone Seven - Rebirth Knot
ALCH-00027;Suzunone Seven - Rebirth Knot [Limited Edition]
SCES-50852;Sven-Goran Eriksson's World Challenge
SLES-50852;Sven-Goran Eriksson's World Challenge
SCES-50794;Sven-Goran Eriksson's World Manager 2002
SLES-50794;Sven-Goran Eriksson's World Manager 2002
SLES-50003;Swap Magic DVD Disc v2.0
SLUS-21691;Swashbucklers - Blue vs Grey
SCES-52097;SWAT - Global Strike Force
SLES-52097;SWAT - Global Strike Force
SCES-51997;SWAT - Global Strike Team
SLES-51997;SWAT - Global Strike Team
SLUS-20433;SWAT - Global Strike Team
SLES-54889;SWAT Siege
SLPS-25190;Sweet Legacy
SLPM-55186;SweetHoneyComing
SLPM-55185;SweetHoneyComing [DX Pack]
SCES-50033;Swing Away Golf
SLES-50033;Swing Away Golf
SLUS-20096;Swing Away Golf
SLPM-65121;Switch
SLPS-25459;Sword of Destiny
SCES-53768;Sword of Etheria
SLES-53768;Sword of Etheria, The
SCES-51290;Sword of the Samurai
SLES-51290;Sword of the Samurai
SCAJ-20122;Swords of Destiny
SCES-53699;Swords of Destiny
SLES-53699;Swords of Destiny
SLKA-25259;Swords of Destiny
SLUS-20897;Swords of Yi
SCES-51495;SX Superstar
SLES-51495;SX Superstar
SCES-51393;Syberia
SLES-51393;Syberia
SCES-52831;Syberia 2
SLES-52831;Syberia 2
SCES-53235;Syberia II
SLES-53235;Syberia II
SCES-54794;Syphon Filter - Dark Mirror
SCUS-97362;Syphon Filter - Dark Mirror
SCES-52033;Syphon Filter - The Omega Strain
SCUS-97264;Syphon Filter - The Omega Strain
SLES-52033;Syphon Filter - The Omega Strain
TCES-52033;Syphon Filter - The Omega Strain
SCUS-97397;Syphon Filter - The Omega Strain [Beta]
SCUS-97377;Syphon Filter - The Omega Strain [Demo]
SCUS-97520;Syphon Filter - The Omega Strain [Greatest Hits]
SCKA-20032;Syphon Filter - The Omega Virus
SLUS-21595;T.M.N.T. - Teenage Mutant Ninja Turtles
SLPM-62316;Table Mahjong [Superlite 2000 Series]
SLPS-25954;Taiheiyou no Arashi - Senkan Yamato
SLPS-25838;Taiheiyou no Arashi - Senkan Yamato, Akatsuki ni Shutsugekisu
SCAJ-10012;Taiko Drum Master
SLUS-20800;Taiko Drum Master
SLPS-20282;Taiko no Tatsujin
SLPS-20321;Taiko no Tatsujin - Appare Sandaime
SLPS-73110;Taiko no Tatsujin - Appare Sandaime [PlayStation 2 The Best]
SLPS-20383;Taiko no Tatsujin - Atsumare Matsurida Yonndaime
SLPS-20400;Taiko no Tatsujin - Go! Go! Godaime
SLPS-20399;Taiko no Tatsujin - Go! Go! Godaime [with Tatacon]
SLPS-20414;Taiko no Tatsujin - Taiko Drum Masters
SLPS-20413;Taiko no Tatsujin - Taiko Drum Masters [with Drum Controller]
SCAJ-10013;Taiko no Tatsujin - Tobikkiri! Anime Special
SLPS-20425;Taiko no Tatsujin - Tobikkiri! Anime Special
SLPS-20424;Taiko no Tatsujin - Tobikkiri! Anime Special [with Tatacon]
SLPS-20451;Taiko no Tatsujin - Wai Wai Happy Muyome
SLPS-20450;Taiko no Tatsujin - Wai Wai Happy Muyome [with Tatacon]
SCAJ-10007;Taiko no Tatsujin - Waku Waku Anime Matsuri
SLPS-20221;Taiko no Tatsujin [with Tatacon Reproduction Controller]
SCAJ-10006;Taiko no Tatsujin 3 - Appare Sandaime
SLPS-20320;Taiko no Tatsujin 3 [with Tatacon Drum Bundle]
SLPS-20330;Taiko no Tatsujin 4 - Waku Waku Anime Maturi
SLPS-20382;Taiko no Tatsujin 4th Generation - Gathering Festival [with Drum Controller]
SLPS-73107;Taiko no Tatsujin 5 [PlayStation 2 The Best]
SCAJ-10008;Taiko no Tatsujin Atsumare Yonndaime
SLPS-20486;Taiko no Tatsujin Bang Tap! Toomori 7 Daimei
SLPS-20485;Taiko no Tatsujin Doka! [with Tatacon Controller]
SCAJ-10015;Taiko No Tatsujin Doka! To Omori 7Daime
SCAJ-10003;Taiko no Tatsujin Doki
SLPS-20272;Taiko no Tatsujin Doki
SCAJ-10011;Taiko no Tatsujin Go! Go! Godaime
SLPS-73111;Taiko no Tatsujin Super Animehit [PlayStation 2 The Best]
SCAJ-10014;Taiko no Tatsujin Wai Wai Happy Muyome
SLPM-66267;Taiko Risshiden V
SLPM-62105;Taikou Risshiden IV
SLPM-62405;Taikou Risshiden IV
SLPM-62640;Taikou Risshiden IV [Koei Selection Series]
SLPM-65674;Taikou Risshiden V
SLPM-55251;Taikou Risshiden V [Koei Teiban Series]
SLPS-20117;Taikyoku Mahjong - Net de Ron!
SLPM-60161;Taikyoku Mahjong - Net de Ron! [Demo]
SLPS-20333;Taisen 1 - Shogi
SLPS-20334;Taisen 2 - Go
SLPS-20335;Taisen 3 - Mahjong
SLPS-20336;Taisen 4 - Soldier
SLPM-62612;Taisen Hot Gimmick Axes Jong
SLPM-62611;Taisen Hot Gimmick Axes Jong [Limited Edition]
SLPM-65228;Taisho Mononoke Ibunroku
SCES-53438;Taito Legends
SCES-53966;Taito Legends
SLES-53438;Taito Legends
SLES-53966;Taito Legends
SLKA-15056;Taito Legends
SLUS-21122;Taito Legends
SCES-53852;Taito Legends 2
SLES-53852;Taito Legends 2
SLUS-21349;Taito Legends 2
SLKA-25297;Taito Memories - Joukan [Special Package]
SLPM-66092;Taito Memories Gekan
SLPM-66776;Taito Memories Gekan [Taito Best]
SLPM-66649;Taito Memories II - Joukan
SLPM-66713;Taito Memories II Gekan
SLPM-55018;Taito Memories II Gekan [Eternal Hits]
SLPM-55017;Taito Memories II Joukan [Eternal Hits]
SLPM-66775;Taito Memories Joukan [Taito Best]
SLPM-66057;Taito Memories Vol.1
SLPM-66402;Taito Memories Vol.1 [Taito The Best]
SLPM-66521;Taito Memories Vol.2 [Taito The Best]
SCES-53418;Tak - The Great JuJu Challenge
SCES-53695;Tak - The Great Juju Challenge
SLES-53418;Tak - The Great JuJu Challenge
SLES-53695;Tak - The Great Juju Challenge
SLUS-21218;Tak - The Great Juju Challenge
SCES-52103;Tak & Le Pouvoir de Juju
SLES-52103;Tak & Le Pouvoir de Juju
SCES-53129;Tak 2 - The Staff of Dreams
SLES-53129;Tak 2 - The Staff of Dreams
SLUS-20952;Tak 2 - The Staff of Dreams
SCES-53036;Tak 2 - The Stuff of Dreams
SLES-53036;Tak 2 - The Stuff of Dreams
SLES-55376;Tak and the Guardians of Gross
SLUS-21797;Tak and the Guardians of Gross
SCES-52286;Tak and The Poer of JuJu
SCES-52287;Tak and The Poer of JuJu
SLES-52286;Tak and The Poer of JuJu
SLES-52287;Tak and The Poer of JuJu
SCES-52011;Tak and The Power of Juju
SCES-52104;Tak and the Power of JuJu
SLES-52011;Tak and The Power of Juju
SLES-52104;Tak and the Power of JuJu
SLUS-20519;Tak and The Power of Juju
SLUS-29067;Tak and the Power of Juju [Demo]
SLPM-66823;Taka Reet Ura Mahjong Retsuden - Mukoubushi
SLKA-15009;Takahashi Meijin no Adventure Island
SLPM-62570;Takahashi Meijin no Adventure Island [Hudson The Best]
TCPS-10075;Takahashi Naoko no Marathon Shiyouyo!
SLUS-21852;Tale of Despereaux, The
SCAJ-20182;Tales of Destiny
SCKA-20100;Tales of Destiny
SLPS-25715;Tales of Destiny
SCKA-20119;Tales of Destiny - Director's Cut
SLPS-25842;Tales of Destiny [Director's Cut]
SCAJ-20193;Tales of Destiny [Director's Cut] [Premium Box]
SLPS-25841;Tales of Destiny [Director's Cut] [Premium Box]
SCAJ-20028;Tales of Destiny 2
SCKA-20008;Tales of Destiny 2
SCPS-55050;Tales of Destiny 2
SLPS-25172;Tales of Destiny 2
SCKA-20054;Tales of Destiny 2 [BigHits Series]
SLPS-72502;Tales of Destiny 2 [Mega Hits]
SLPS-73219;Tales of Destiny 2 [PlayStation 2 The Best]
SLPS-25774;Tales of Fandom Vol.2 [Luke Version]
SLPS-25773;Tales of Fandom Vol.2 [Tia Version]
SCAJ-20145;Tales of Legendia
SCKA-20050;Tales of Legendia
SLPS-25533;Tales of Legendia
SLUS-21201;Tales of Legendia
SLPS-73242;Tales of Legendia [PlayStation 2 The Best]
SCAJ-20112;Tales of Rebirth
SLPS-25450;Tales of Rebirth
SCAJ-20102;Tales of Symphonia
SLPS-25400;Tales of Symphonia
SLPS-73217;Tales of Symphonia [PlayStation 2 The Best]
SCAJ-20163;Tales of the Abyss
SLPM-66897;Tales of the Abyss
SLPS-25586;Tales of the Abyss
SLUS-21386;Tales of the Abyss
SLPS-73252;Tales of the Abyss [PlayStation 2 the Best]
SLPS-25070;Tales of the Sunrise Heroes 2
SLPM-62073;Tam Tam Paradise
SLPS-25054;Tamamayu Story 2
SLPM-66433;Tamashii Kyou
SLPM-66432;Tamashii Kyou [Limited Edition]
SCED-51454;Tango - Game On Demo [Disc 1]
SCED-51643;Tango - Game On Demo [Disc 2]
SCES-51855;Tank Elite
SLES-51855;Tank Elite
SLUS-20444;Tankers
SLPM-65623;Tantei Gakuen Q [Konami The Best]
SLPM-65489;Tantei Jingiji Saburo - Innocent Black [WorkJam Best Collection]
SLPM-65576;Tantei Jingiji Saburo - Kind of Blue
SLES-51377;Taxi 3
SLES-53402;Taxi Rider
SCES-50649;Taz Wanted
SLES-50649;Taz Wanted
SLUS-20236;Taz Wanted
SLPM-65261;TBS All Star Kanshasai Vol.1 - Chou Gouka! Quiz Ketteiban
SLPM-65369;TBS All-Star Kansha Matsuri 2003-Aki Chou Gouka! Quiz Ketteiban
SLPM-65577;TBS All-Star Kansha Matsuri 2003-Aki Chou Gouka! Quiz Ketteiban
SCES-50778;TD Overdrive - The Brotherhood of Speed
SLES-50778;TD Overdrive - The Brotherhood of Speed
SLPS-73229;TearRing Saga Series - Berwick Saga [PlayStation 2 The Best]
SLPS-25159;Technic Beat
SLUS-21019;Technic Beat
SLPS-20055;Technictix
SLPS-20401;Tecmo Hit Parade
SCES-54430;Teen Titans
SCES-54431;Teen Titans
SLES-54430;Teen Titans
SLES-54431;Teen Titans
SLUS-21183;Teen Titans
SCES-51931;Teenage Mutant Ninja Turtles
SLES-51931;Teenage Mutant Ninja Turtles
SLUS-20716;Teenage Mutant Ninja Turtles
SCES-53127;Teenage Mutant Ninja Turtles - Mutant Melee
SLES-53127;Teenage Mutant Ninja Turtles - Mutant Melee
SLES-55565;Teenage Mutant Ninja Turtles - Smash-Up
SLUS-20981;Teenage Mutant Ninja Turtles 2
SCES-53017;Teenage Mutant Ninja Turtles 2 - Battle Nexus
SLES-53017;Teenage Mutant Ninja Turtles 2 - Battle Nexus
SCES-53850;Teenage Mutant Ninja Turtles 3 - Mutant Nightmare
SLES-53850;Teenage Mutant Ninja Turtles 3 - Mutant Nightmare
SLUS-21184;Teenage Mutant Ninja Turtles 3 - Mutant Nightmare
SLPS-25436;Teikoku Sensenki
SLPM-66518;Teikoku Sensenki [Best Version]
SLPS-25433;Teikoku Sensenki [Limited Edition]
SLPM-62145;Teitoku no Ketsudan 4
SLPM-62518;Teitoku no Ketsudan 4 [Koei the Best]
SLPM-62470;Teitoku no Ketsudan 4 with Power-Up Kit
SCED-51120;Tekken 4
SCES-50878;Tekken 4
SCPS-55017;Tekken 4
SCPS-56006;Tekken 4
SLES-50878;Tekken 4
SLPS-25100;Tekken 4
SLUS-20328;Tekken 4
SLUS-29034;Tekken 4 [Demo]
SLPS-73209;Tekken 4 [PlayStation 2 The Best]
SLPS-73414;Tekken 4 [PlayStation 2 the Best]
SLUS-28012;Tekken 4 [Trade Demo]
SCAJ-20125;Tekken 5
SCAJ-20126;Tekken 5
SCED-53538;Tekken 5
SCES-53202;Tekken 5
SCKA-20049;Tekken 5
SLES-53202;Tekken 5
SLPS-25510;Tekken 5
SLUS-21059;Tekken 5
SCKA-20081;Tekken 5 [BigHits Series]
SLUS-21160;Tekken 5 [Demo]
SCAJ-20199;Tekken 5 [PlayStation 2 the Best]
SLPS-73223;Tekken 5 [PlayStation 2 The Best]
SCKA-20039;Tekken Nina Williams In Death By Degree
SCES-50001;Tekken Tag Tournament
SCPS-56002;Tekken Tag Tournament
SLES-50001;Tekken Tag Tournament
SLPS-20015;Tekken Tag Tournament
SLUS-20001;Tekken Tag Tournament
SCED-50041;Tekken Tag Tournament [Demo]
SLPS-71501;Tekken Tag Tournament [Mega Hits!]
SLPS-73104;Tekken Tag Tournament [PlayStation 2 The Best]
SLES-55040;Telly Addicts
SLES-53481;Ten
SCES-53012;Tenchu - Fatal Shadows
SCES-53013;Tenchu - Fatal Shadows
SCES-53014;Tenchu - Fatal Shadows
SCES-53015;Tenchu - Fatal Shadows
SCES-53016;Tenchu - Fatal Shadows
SLES-53012;Tenchu - Fatal Shadows
SLES-53013;Tenchu - Fatal Shadows
SLES-53014;Tenchu - Fatal Shadows
SLES-53015;Tenchu - Fatal Shadows
SLES-53016;Tenchu - Fatal Shadows
SCES-51400;Tenchu - Wrath of Heaven
SCES-51401;Tenchu - Wrath of Heaven
SCES-51402;Tenchu - Wrath of Heaven
SCES-51403;Tenchu - Wrath of Heaven
SLES-51400;Tenchu - Wrath of Heaven
SLES-51401;Tenchu - Wrath of Heaven
SLES-51402;Tenchu - Wrath of Heaven
SLES-51403;Tenchu - Wrath of Heaven
SCAJ-20027;Tenchu 3
SLPS-25234;Tenchu 3
SCES-50679;Tenchu 3 - Wrath of Heaven
SLES-50679;Tenchu 3 - Wrath of Heaven
SLUS-20397;Tenchu 3 - Wrath of Heaven
SLPS-73421;Tenchu 3 [PlayStation 2 The Best]
SLUS-21129;Tenchu 4 - Fatal Shadows
SCAJ-20093;Tenchu Kurenai
SCAJ-20100;Tenchu Kurenai
SLPS-25384;Tenchu Kurenai
SLPS-73226;Tenchu Kurenai [PlayStation 2 The Best]
SLPS-73237;Tenchu San [PlayStation 2 The Best]
SCES-53871;Tengai
SLES-53871;Tengai
SLKA-15037;Tengai [Premium Package]
SLPM-74208;Tengai Makyou 2 - Manjimaru [PlayStation 2 The Best]
SLPM-65401;Tengai Makyou II - Manji Maru
SLPM-65952;Tengai Makyou III - Namida
SLPM-74240;Tengai Makyou III - Namida [Best Version]
SLPM-66719;Tenka-bito [Sega the Best]
SLPM-66291;Tenkabito
SLPM-65777;Tenkuu Danzai - Skelter Heaven
SLPM-65776;Tenkuu Danzai - Skelter Heaven [Limited Edition]
SLUS-20480;Tennis - Sega Sports
SCES-51860;Tennis Court Smash
SLES-51860;Tennis Court Smash
SLPM-66013;Tennis no Oji-Sama - Form the Strongest Team [Konami Palace Selection]
SLPM-66219;Tennis no Oji-Sama - Gakuensai no Oji-Sama
SLPM-65820;Tennis no Oji-Sama - Kiss of Prince - Flame Version [Konami Palace Selection]
SLPM-65819;Tennis no Oji-Sama - Kiss of Prince - Ice Version [Konami Palace Selection]
SLPM-65818;Tennis no Oji-Sama - Love of Prince Bitter [Konami Palace Selection]
SLPM-65817;Tennis no Oji-Sama - Love of Prince Sweet [Konami Palace Selection]
SLPM-65756;Tennis no Oji-Sama - Rush & Dream
SLPM-66014;Tennis no Oji-Sama - Rush & Dream [Konami Palace Selection]
SLPM-65877;Tennis no Oji-Sama - Rush & Dream! [Limited Editon]
SLPM-66010;Tennis no Oji-Sama - Smash-Hit! [Konami Palace Selection]
SLPM-66011;Tennis no Oji-Sama - Smash-Hit! 2 [Konami Palace Selection]
SLPM-66012;Tennis no Oji-Sama - Sweat & Tears 2 [Konami Palace Selection]
SLPM-62435;Tennis no Oujisama - Smash Hit! 2 - Original Anime Game
SLPM-62359;Tennis no Oujisama - Smash Hit! Original Anime Game
SLPM-65371;Tennis no Oujisama - Sweat & Tears 2 - Seishun Gakuen Teikyuusai '03 - Perfect Live
SLPM-65560;Tenohira Taiyouni
SLPM-65559;Tenohira Taiyouni [Limited Edition]
SLPS-25603;Tensei - Swords of Destiny [Best Collection]
SLPM-66396;Tensei Hakken Fuumoroku
SLPS-20053;Tenshi no Present - Marle Oukoku Monogatari
SLPM-66906;Tensho Gakuen Gekkoroku [Tokudame Price]
SLPM-66566;Tenshou Gakuen Gekkou Hasumi
SLPM-65598;Tenshou Gakuen Kensousoku
SLPM-66382;Tenshou Gakuen Kensousoku [Tokudame Price]
SLPM-66486;Tentama - 1st Sunny Side [2800 Collection]
SLPS-25298;Tentama 1st - Sunny Side
SLPM-66487;Tentama 2 - Wins [2800 Collection]
SLPM-65521;Tentama 2 Wins
SLPM-65520;Tentama 2 Wins [Limited Edition]
SCES-50922;Terminator
SCES-52151;Terminator 3 - Le Macchine Ribelli
SLES-52151;Terminator 3 - Le Macchine Ribelli
SLPM-65837;Terminator 3 - Redemption
SCAJ-20058;Terminator 3 - Rise of the Machines
SCES-51957;Terminator 3 - Rise of the Machines
SCES-52038;Terminator 3 - Rise of the Machines
SCES-52152;Terminator 3 - Rise of the Machines
SLES-51957;Terminator 3 - Rise of the Machines
SLES-52038;Terminator 3 - Rise of the Machines
SLES-52152;Terminator 3 - Rise of the Machines
SCES-52283;Terminator 3 - The Redemption
SLES-52283;Terminator 3 - The Redemption
SLPM-65442;Terminator 3, The - Rise of the Machines
SLUS-20852;Terminator 3, The - The Redemption
SLES-50922;Terminator, The - Dawn of Fate
SLUS-20391;Terminator, The - Dawn of Fate
SLUS-20799;Terminator, The - Rise of the Machines
SLKA-15058;Terra Defence Force 2, the
SLUS-20213;Test Drive
SLUS-20910;Test Drive - Eve of Destruction
SLUS-28043;Test Drive - Eve of Destruction [Trade Demo]
SLUS-20177;Test Drive - Off-Road - Wide Open
SLES-54466;Test Drive Unlimited
SLUS-21490;Test Drive Unlimited
SLUS-29192;Test Drive Unlimited [Public Beta Vol.1.0]
SLPM-62423;Tetris Kiwamemichi [SuperLite 2000 Series]
SCES-50551;Tetris Worlds
SLES-50551;Tetris Worlds
SLUS-20247;Tetris Worlds
SLPS-20100;Tetsu-One Train Battle
SLPS-25362;Tetsujin 28 Go
SLPM-62499;Tetuya Digest
SLES-55126;The Dog Island
SLPM-65040;The Fear
SCED-51351;The Getaway
SCKA-20018;The Getaway
SCED-52946;The Getaway - Black Monday
SLES-54996;The Golden Compass
SLES-55012;The Golden Compass [Scandinavia]
SLPS-20116;The Great Japanese Dictionary
SLES-54708;The History Channel - Great Battles of Rome
SLES-55280;The King of Fighters '98 Ultimate Match
SLPS-25935;The King of Fighters '98 Ultimate Match [NeoGeo Online Collection the Best]
SLPS-25915;The King of Fighters 2002 Unlimited Match
SLPS-25983;The King of Fighters 2002 Unlimited Match [Tougeki Ver.]
SLES-55373;The King of Fighters Collection - The Orochi Saga
SLES-55163;The Legend of Spyro - Dawn of the Dragon
SLES-54815;The Legend of Spyro - The Eternal Night
SLAJ-25019;The Lord of the Rings - The Return of the King
SLES-52801;The Lord of the Rings - The Third Age[Platinum]
SLPM-65212;The Lord of the Rings - The Two Towers
SLES-51252;The Lord of the Rings - The Two Towers [Platinum]
SLPS-25903;The Magician's Academy [eb! Kore]
SCED-51406;The Mark of Kri
SLES-55328;The Millenium European Paintball Series - Championship Paintball 2009
SLES-54581;The Red Star
SLES-52741;The Red Star [Beta]
SLES-55546;The Secret Saturdays - Beasts of the 5th Sun
SLES-50382;The Silent Hill Collection [Disc1of3]
SLES-51897;The Simpsons - Hit & Run [Platinum]
SLES-54904;The Simpsons Game
SLES-54903;The Sims 2 - Castaway
SLES-54347;The Sims 2 - Pets
SLES-54120;The Snow Queen Quest
SLES-54209;The Sopranos - Road to Respect
SLES-55109;The Spiderwick Chronicles
SLES-53599;The Ultimate Music Quiz
SLES-53598;The Ultimate Trivia Quiz
SLES-53600;The Ultimate World Cup Quiz
SLPM-66517;The Urbz - Sims in the City [EA Best Hits]
SLES-54984;The Waterhorse - Legend of the Deep
PAPX-90502;The Yamanote-sen - Train Simulator Real
SLUS-20099;Theme Park Rollercoaster
SCES-50032;Theme Park World
SLES-50032;Theme Park World
SLES-54803;They Came from the Skies
SCES-50975;Thing
SCES-50976;Thing
SLES-50975;Thing, The
SLUS-20371;Thing, The
SLES-50976;Thing, The [Das Ding]
SCES-51548;This is Football
SLES-51548;This is Football
SCED-50449;This Is Football 2002
SCES-50244;This is Football 2002
SLES-50244;This is Football 2002
SCAJ-20018;This is Football 2003
SCED-51165;This Is Football 2003
SCES-51039;This is Football 2003
SCES-51041;This is Football 2003
SCES-51179;This is Football 2003
SCPS-15034;This is Football 2003
SLES-51039;This is Football 2003
SLES-51041;This is Football 2003
SLES-51179;This is Football 2003
SCED-52497;This Is Football 2004
SCES-51611;This is Football 2004
SCES-51613;This is Football 2004
SLES-51611;This is Football 2004
SLES-51613;This is Football 2004
TCES-51613;This Is Football 2004 [Beta]
SCES-51610;This is Football 2004 [Red Devils 2004]
SLES-51610;This is Football 2004 [Red Devils 2004]
SCES-52426;This is Football 2005
SCES-52427;This is Football 2005
SCES-52429;This is Football 2005
SCES-52431;This is Football 2005
SCES-52432;This is Football 2005
SCES-52596;This is Football 2005
SLES-52426;This is Football 2005
SLES-52429;This is Football 2005
SLES-52431;This is Football 2005
SLES-52432;This is Football 2005
SLES-52596;This is Football 2005
TCES-52426;This Is Football 2005
SCES-51612;This is Football 5
SCES-52425;This is Football 5
SLES-51612;This is Football 5
SLES-52425;This is Football 5
SLES-54863;Thomas & Friends - A Day at the Races [Eye Toy]
SLPM-65187;Thread Colors
SLPM-65186;Thread Colors [Limited Edition]
SLES-54455;Thrillville
SLUS-21413;Thrillville
SLES-54806;Thrillville - Off the Rails
SLUS-21611;Thrillville - Off the Rails
SCES-51852;Thug MOTX [Demo]
SLES-51852;Thug MOTX [Demo]
SLPM-55096;Thunder Force VI
SLPS-25084;Thunder Strike - Operation Phoenix
SLES-54738;Thunderbirds
SCES-50554;Thunderhawk - Operation Pheonix
SLES-50554;Thunderhawk - Operation Pheonix
SCPS-55008;Thunderstrike
SLUS-20232;Thunderstrike - Operation Phoenix
SCES-53541;Tiger Woods PGA Tour '06
SLES-53541;Tiger Woods PGA Tour '06
SLPM-66191;Tiger Woods PGA Tour '06
SCES-54253;Tiger Woods PGA Tour '07
SLES-54253;Tiger Woods PGA Tour '07
SLPM-66674;Tiger Woods PGA Tour '07
SLUS-21483;Tiger Woods PGA Tour '07
SLUS-21646;Tiger Woods PGA Tour '08
SLUS-21772;Tiger Woods PGA Tour '09
SLUS-21877;Tiger Woods PGA Tour '10
SLES-54867;Tiger Woods PGA Tour 08
SLES-55218;Tiger Woods PGA Tour 09
SLES-55528;Tiger Woods PGA Tour 10
SCES-50118;Tiger Woods PGA Tour 2001
SLES-50118;Tiger Woods PGA Tour 2001
SLPS-20092;Tiger Woods PGA Tour 2001
SLUS-20104;Tiger Woods PGA Tour 2001
SCES-50728;Tiger Woods PGA Tour 2002
SLES-50728;Tiger Woods PGA Tour 2002
SLPS-25142;Tiger Woods PGA Tour 2002
SLUS-20364;Tiger Woods PGA Tour 2002
SCES-51282;Tiger Woods PGA Tour 2003
SLES-51282;Tiger Woods PGA Tour 2003
SLUS-20572;Tiger Woods PGA Tour 2003
SCES-51887;Tiger Woods PGA Tour 2004
SLES-51887;Tiger Woods PGA Tour 2004
SLUS-20757;Tiger Woods PGA Tour 2004
SLUS-21002;Tiger Woods PGA Tour 2005
SLUS-21264;Tiger Woods PGA Tour 2006
SCES-52509;Tiger Woods PGA Tour Golf 2005
SLES-52509;Tiger Woods PGA Tour Golf 2005
SLES-50729;Tiger Woods USA Tour 2002
SLPM-66131;Tim Burton's The Nightmare Before Christmas [Premium Pack]
SLES-55202;Tim Stockdale's Riding Star
SCKA-20038;Time Crisis - Crisis Zone
SLUS-20927;Time Crisis - Crisis Zone
SCES-50300;Time Crisis 2
SLES-50300;Time Crisis 2
SCAJ-10004;Time Crisis 2 [PlayStation 2 The Best]
SCAJ-20047;Time Crisis 3
SCAJ-20060;Time Crisis 3
SCES-51844;Time Crisis 3
SCKA-20015;Time Crisis 3
SLES-51844;Time Crisis 3
SLPS-25290;Time Crisis 3
SCKA-20034;Time Crisis 3 [BigHits Series]
SLPS-25289;Time Crisis 3 [with G-Con 2]
SLUS-20645;Time Crisis 3 [with Guncon]
SLPS-20122;Time Crisis II
SLUS-20219;Time Crisis II
SLPS-73006;Time Crisis II [PlayStation 2 The Best]
SLPS-20113;Time Crisis II [with Guncon 2]
SCAJ-20014;Time Splitter
SLPS-25207;TimeSplitter - Jikuu no Shinryakusha
SCES-50078;TimeSplitters
SLES-50078;TimeSplitters
SLUS-20090;TimeSplitters
SCES-52993;TimeSplitters - Future Perfect
SLES-52993;TimeSplitters - Future Perfect
SCES-50877;TimeSplitters 2
SLES-50877;TimeSplitters 2
SLUS-20314;TimeSplitters 2
SLUS-21148;TimeSplitters 3 - Future Perfect
SLPS-25843;Tir-Na-Nog
SCES-52711;Titeuf Mega Compet
SLES-52711;Titeuf Mega Compet
SLES-54478;TMNT
SLES-55150;TNA iMPACT!
SLUS-21787;TNA iMPACT!
SLPS-25414;To Heart 2
SLPS-25411;To Heart 2 [Deluxe Edition]
SLPS-25412;To Heart 2 [First Print Deluxe Edition with To Heart]
SLPS-25413;To Heart 2 [Limited Edition]
SCES-50723;TOCA Race Driver
SLES-50723;TOCA Race Driver
SLUS-21039;TOCA Race Driver 2 - The Ultimate Racing Simulator
SLPM-66498;TOCA Race Driver 2 - Ultimate Racing Simulator
SCES-53087;TOCA Race Driver 3
SLES-53087;TOCA Race Driver 3
SLUS-21182;TOCA Race Driver 3
SLPM-66881;TOCA Race Driver 3 - Ultimate Racing Simulator
SLPM-55046;TOCA Race Driver 3 [Best Price]
SLUS-29178;TOCA Race Driver 3 [Demo]
SCES-52637;TOCA Racer Driver 2
SLES-52637;TOCA Racer Driver 2
SLPM-66856;Togainu no Chi - True Blood
SLPM-66855;Togainu no Chi - True Blood [Limited Edition]
SLPM-65126;Tokimeki Mamorial - Girl's Side
SLPM-66330;Tokimeki Memorial - Girl's Side - 2nd Kiss
SLPM-65745;Tokimeki Memorial - Girl's Side [Konami Dendou Collection]
SLPM-65365;Tokimeki Memorial - Girl's Side [Konami The Best]
SLPM-66482;Tokimeki Memorial - Girl's Side 2nd Kiss
SLPM-65118;Tokimeki Memorial 2 - Video Clips
SLPM-65080;Tokimeki Memorial 3
SLPM-68504;Tokimeki Memorial 3 - Special Sound Track
SLPM-65693;Tokimeki Memorial 3 [Konami Palace Selection]
SLPM-65230;Tokimeki Memorial 3 [Konami The Best]
SLPM-65079;Tokimeki Memorial 3 [Limited Edition]
SLPM-65145;Tokimeki Memorial Girl's Side
SLES-54487;Tokobot Plus - Mysteries of the Karakuri
SLUS-21471;Tokobot Plus - Mysteries of the Karakuri
SLPM-65032;Tokyo Bus Guide - Annai
SLPM-65349;Tokyo Bus Guide [Superlite 2000 Series]
SCAJ-20148;Tokyo Bus Guide 2
SLPM-65982;Tokyo Bus Guide 2
SLPS-25379;Tokyo Majin Gakuen - Kaihoujyou Kefurokou
SLPS-25405;Tokyo Majin Gakuen - Kaihoujyou Kefurokou [Best Collection]
SLPS-25378;Tokyo Majin Gakuen - Kaihoujyou Kefurokou [Limited Edition]
SCES-50954;Tokyo Road Race
SLES-50954;Tokyo Road Race
SCES-50115;Tokyo Xtreme Racer
SLES-50115;Tokyo Xtreme Racer
SLUS-20831;Tokyo Xtreme Racer 3
SLUS-21236;Tokyo Xtreme Racer Drift
SLUS-20189;Tokyo Xtreme Racer Zero
SLPM-62449;Tom & Jerry - War of the Whiskers
SLUS-20355;Tom & Jerry - War of the Whiskers
SCES-51053;Tom & Jerry's War of the Wiskers
SLES-51053;Tom & Jerry's War of the Wiskers
SCES-51181;Tom Clancy's Ghost Recon
SCES-51182;Tom Clancy's Ghost Recon
SLES-51181;Tom Clancy's Ghost Recon
SLES-51182;Tom Clancy's Ghost Recon
SLPM-65244;Tom Clancy's Ghost Recon
SLUS-20613;Tom Clancy's Ghost Recon
SCES-53763;Tom Clancy's Ghost Recon - Advanced Warfighter
SLES-53763;Tom Clancy's Ghost Recon - Advanced Warfighter
SLPM-66461;Tom Clancy's Ghost Recon - Advanced Warfighter
SLPM-66808;Tom Clancy's Ghost Recon - Advanced Warfighter [Ubisoft the Best]
SLUS-21422;Tom Clancy's Ghost Recon - Advenced Warfighter
SCES-51976;Tom Clancy's Ghost Recon - Jungle Storm
SLES-51976;Tom Clancy's Ghost Recon - Jungle Storm
SLPM-65619;Tom Clancy's Ghost Recon - Jungle Storm
SLUS-20820;Tom Clancy's Ghost Recon - Jungle Storm
SLPM-65954;Tom Clancy's Ghost Recon [Ubisoft Best]
SCES-52646;Tom Clancy's Ghost Recon 2
SLES-52646;Tom Clancy's Ghost Recon 2
SLPM-65951;Tom Clancy's Ghost Recon 2
SLUS-21105;Tom Clancy's Ghost Recon 2
SLUS-21463;Tom Clancy's Ghost Recon 2
SLPM-66622;Tom Clancy's Ghost Recon 2 [Ubisoft Best]
SCES-53104;Tom Clancy's Rainbow Six - Lockdown
SLES-53104;Tom Clancy's Rainbow Six - Lockdown
SLUS-21144;Tom Clancy's Rainbow Six - Lockdown
SCES-52288;Tom Clancy's Rainbow Six 3
SLES-52288;Tom Clancy's Rainbow Six 3
SLPM-65731;Tom Clancy's Rainbow Six 3
SLUS-20883;Tom Clancy's Rainbow Six 3
SLPM-66262;Tom Clancy's Rainbow Six 3 [Ubisoft The Best]
SCES-51466;Tom Clancy's Splinter Cell
SLES-51466;Tom Clancy's Splinter Cell
SLPM-65422;Tom Clancy's Splinter Cell
SLUS-20652;Tom Clancy's Splinter Cell
SCES-53007;Tom Clancy's Splinter Cell - Chaos Theory
SLES-53007;Tom Clancy's Splinter Cell - Chaos Theory
SLPM-66130;Tom Clancy's Splinter Cell - Chaos Theory
SLPM-66496;Tom Clancy's Splinter Cell - Chaos Theory
SCES-53826;Tom Clancy's Splinter Cell - Double Agent
SCES-53827;Tom Clancy's Splinter Cell - Double Agent
SLES-53826;Tom Clancy's Splinter Cell - Double Agent
SLES-53827;Tom Clancy's Splinter Cell - Double Agent
SLPM-66672;Tom Clancy's Splinter Cell - Double Agent
SLUS-21356;Tom Clancy's Splinter Cell - Double Agent
SLPM-66868;Tom Clancy's Splinter Cell - Double Agent [Ubisoft the Best]
SCES-52149;Tom Clancy's Splinter Cell - Pandora Tomorrow
SLES-52149;Tom Clancy's Splinter Cell - Pandora Tomorrow
SLPM-65815;Tom Clancy's Splinter Cell - Pandora Tomorrow
TLES-52149;Tom Clancy's Splinter Cell - Pandora Tomorrow
SLPM-65955;Tom Clancy's Splinter Cell [Ubisoft Best]
SLUS-20958;Tom Clancy's Splinter Cell 2 - Pandora Tomorrow
SLUS-21137;Tom Clancy's Splinter Cell 3 - Chaos Theory
SCES-51180;Tom Clancy's The Sum of All Fears
SLES-51180;Tom Clancy's The Sum of All Fears
SLPS-20242;Tomak - Save the Earth
SLPM-67552;Tomak - Save the Earth Again [Complete Edition]
SCES-51227;Tomb Raider - Angel of Darkness
SLES-51227;Tomb Raider - Angel of Darkness
SLES-54674;Tomb Raider - Anniversary
SLPS-25856;Tomb Raider - Anniversary
SLUS-21555;Tomb Raider - Anniversary
SLPS-25946;Tomb Raider - Anniversary [Spike the Best]
SLPM-66558;Tomb Raider - Legend
SLUS-21203;Tomb Raider - Legend
SLPS-25945;Tomb Raider - Legend [Spike the Best]
SCES-53908;Tomb Raider - Legends
SLES-53908;Tomb Raider - Legends
SCAJ-20044;Tomb Raider - The Angel of Darkness
SLPS-25246;Tomb Raider - The Angel of Darkness
SLUS-20467;Tomb Raider - The Angel of Darkness
SLES-55442;Tomb Raider - Underworld
SLPS-25927;Tomb Raider - Underworld
SLUS-21858;Tomb Raider - Underworld
SLPM-66611;Tomoyo After - It's Wonderful Life [CS Edition]
SCES-50432;Tony Hawk Pro Skater 3
SCES-50436;Tony Hawk Pro Skater 3
SLES-50432;Tony Hawk Pro Skater 3
SLES-50436;Tony Hawk Pro Skater 3
SCES-51854;Tony Hawk Underground
SLES-51854;Tony Hawk Underground
SCES-53534;Tony Hawk's American Wasteland
SCES-53535;Tony Hawk's American Wasteland
SLES-53534;Tony Hawk's American Wasteland
SLES-53535;Tony Hawk's American Wasteland
SLUS-21208;Tony Hawk's American Wasteland
SLUS-21295;Tony Hawk's American Wasteland [Collector's Edition]
SLES-54714;Tony Hawk's Downhill Jam
SLUS-21456;Tony Hawk's Downhill Jam
SLPM-65419;Tony Hawk's Pro Skater 2003
SCES-50435;Tony Hawk's Pro Skater 3
SCES-50437;Tony Hawk's Pro Skater 3
SLES-50435;Tony Hawk's Pro Skater 3
SLES-50437;Tony Hawk's Pro Skater 3
SLPM-65190;Tony Hawk's Pro Skater 3
SLUS-20013;Tony Hawk's Pro Skater 3
SCES-51130;Tony Hawk's Pro Skater 4
SCES-51132;Tony Hawk's Pro Skater 4
SLES-51130;Tony Hawk's Pro Skater 4
SLES-51132;Tony Hawk's Pro Skater 4
SLUS-20504;Tony Hawk's Pro Skater 4
SCES-54389;Tony Hawk's Project 8
SLES-54389;Tony Hawk's Project 8
SLUS-21444;Tony Hawk's Project 8
SLES-54963;Tony Hawk's Proving Ground
SLUS-21616;Tony Hawk's Proving Ground
SCES-51848;Tony Hawk's Underground
SCES-51851;Tony Hawk's Underground
SCES-51853;Tony Hawk's Underground
SLES-51848;Tony Hawk's Underground
SLES-51851;Tony Hawk's Underground
SLES-51853;Tony Hawk's Underground
SLUS-20731;Tony Hawk's Underground
SCES-52621;Tony Hawk's Underground 2
SCES-52622;Tony Hawk's Underground 2
SLES-52621;Tony Hawk's Underground 2
SLES-52622;Tony Hawk's Underground 2
SLUS-20965;Tony Hawk's Underground 2
SCES-51752;Tony Hawks Underground
SLES-51752;Tony Hawks Underground
SCES-50861;Top Angler
SLES-50861;Top Angler
SLUS-20342;Top Angler - Real Bass Fishing
SLUS-20039;Top Gear Dare Devil
SCES-50068;Top Gear Daredevil
SCES-50069;Top Gear Daredevil
SLES-50068;Top Gear Daredevil
SLES-50069;Top Gear Daredevil
SLPS-20064;Top Gear Daredevil
SLUS-20029;Top Gear Daredevil
SLES-54664;Top Gun
SLPM-62182;Top Gun - Ace of the Sky
SLUS-20211;Top Gun - Combat Zone
SCES-50568;Top Gun - Combat Zones
SLES-50568;Top Gun - Combat Zones
SLUS-29012;Top Gun - Combat Zones [Demo]
SCES-53175;Top Spin
SLES-53175;Top Spin
SLUS-21222;Top Spin
SLES-55125;Top Trumps - Doctor Who
SLES-54635;Top Trumps - Dogs & Dinosaurs
SLES-54634;Top Trumps - Horror & Predators
SLPM-65302;Torakapuu! Dash
SLPM-65301;Torakapuu! Dash [Limited Edition]
SLPS-25812;Tori no Hoshi - Aerial Planet
SLPS-25668;Torikago no Mukougawa - The Angles with Strange Wings
SLUS-21375;Torino 2006 - The Official Game of the XX Olympic Winter Games
SLES-53901;Torino 2006 - The Official Video Game of the XX Olympic Winter Games
SCPS-51013;Torneko's Adventure 3
PCPX-96323;Toro to Kyuujitsu
SCPS-15015;Toro to Kyuujitsu
SCPS-19212;Toro to Kyuujitsu [PlayStation 2 The Best]
SCPS-19334;Toro to Kyuujitsu [PlayStation 2 the Best]
SCES-53979;Torrente 3 - El Protector
SCES-54117;Torrente 3 - El Protector
SLES-53979;Torrente 3 - El Protector
SLES-54117;Torrente 3 - El Protector
SLPS-20128;Toshiyuki Morikawa Private Collection - Puppet Princess of Marl's Kingdom
SCES-52022;Total Club Manager 2004
SLES-52022;Total Club Manager 2004
SCES-51128;Total Immersion Racing
SLES-51128;Total Immersion Racing
SLUS-20409;Total Immersion Racing
SCES-53492;Total Overdose
SLES-53492;Total Overdose
SLUS-21283;Total Overdose - A Gunslinger's Tale in Mexico
SLUS-29170;Total Overdose - A Gunslinger's Tale in Mexico [Demo]
SLES-54953;Totally Spies! Totally Party
SLUS-21795;Totally Spies! Totally Party
SCES-52666;Tottenham Hotspur - Club Football 2005
SLES-52666;Tottenham Hotspur - Club Football 2005
SLPS-20047;Toudai Shogi
SLPS-20392;Toudai Shogi - Jouseki Dojo Kanketsuhen
SLPM-62684;Toudai Shogi - Jouseki Dojo Kanketsuhen [Mycom The Best]
SLPS-20225;Toudai Shogi - Shikenbisha Dojo [Mycom Best]
SLPM-62087;Touge 3
SLPM-66064;Tough - Dark Fight
SLPM-62613;Tough Dark Fight
SLPS-25189;Toukon Inoki Michi - Puzzle de Daa!
SCES-50570;Tour de France
SCES-51488;Tour de France
SLES-50570;Tour de France, Le
SLES-51488;Tour de France, Le - Centenary Edition
PCPX-96660;Tourist Trophy
SCAJ-20170;Tourist Trophy
SCUS-97502;Tourist Trophy
SCES-53372;Tourist Trophy - The Real Riding Simulator
SCPS-15105;Tourist Trophy - The Real Riding Simulator
SLES-53372;Tourist Trophy - The Real Riding Simulator
SCPS-19324;Tourist Trophy - The Real Riding Simulator [PlayStation 2 The Best]
SLES-55049;Toy Golf Extreme
SCES-52294;Toys Room
SLES-52294;Toys Room, The
SLPS-20090;Train Kit for A-Ressha de Ikou 2001
SLPM-67007;Train Simulator - Keisei Toei Keikyu
SLPM-67006;Train Simulator - Kyushu Shinkansen
SLPM-65386;Train Simulator - Midosuji Line
SLPM-65472;Train Simulator & Densha de Go! Tokyo Kyuukouhen
SLPM-66371;Train Simulator & Densha de Go! Tokyo Kyuukouhen [Ongakukan Pocket Books]
SCPS-15031;Train Simulator Real, The
SCPS-15035;Train Simulator Real, The - Keihin Keikyu
SCPS-15018;Train Simulator Real, The - Yamanote Sen
SLKA-25175;Transformers
SLUS-20668;Transformers
SLES-55520;Transformers - Revenge of the Fallen
SLUS-21881;Transformers - Revenge of the Fallen
SLES-54755;Transformers - The Game
SLKA-25375;Transformers - The Game
SLPS-25834;Transformers - The Game
SLUS-21602;Transformers - The Game
SLUS-29107;Transformers [Demo]
SLES-53309;Transformers [Director's Cut]
SLUS-28040;Transformers [Trade Demo]
SCES-52388;Transformers Armada - Prelude to Energon [Special Edition]
SLES-52388;Transformers Armada - Prelude to Energon [Special Edition]
SLPM-65407;Transformers Tatakai
SLPM-65917;Transformers Tatakai [The Best]
SCES-50886;Transworld Surf
SLES-50886;Transworld Surf
SLUS-20356;Transworld Surf
SCES-53824;Trapt
SLES-53824;Trapt
SLUS-21255;Trapt
SLPM-65223;Triange Again
SLPM-65273;Triange Again 2
SLUS-20149;Tribes - Aerial Assault
SLUS-20931;Trigger Man
SLPM-55052;Triggerheart Exelica Enhanced
ALCH-00017;Triggerheart Exelica Enhanced [Nendroid Super Set]
SCES-53076;Triggerman
SLES-53076;Triggerman
SLPS-25167;Triple Play 2002
SLUS-20168;Triple Play 2002
SLUS-20366;Triple Play 2002
SLES-55467;Trivial Pursuit
SLUS-21869;Trivial Pursuit
SLUS-20791;Trivial Pursuit - Unhinged
SLES-55517;Trivial Pursuit [Scandinavia]
SCES-52504;Trivial Pursuit Unhinged
SCES-52544;Trivial Pursuit Unhinged
SLES-52504;Trivial Pursuit Unhinged
SLES-52544;Trivial Pursuit Unhinged
SCES-53452;Trixie in Toyland
SLES-53452;Trixie in Toyland
SLPM-66626;Trouble Fortune Comany - Happy Cure
SLPM-66625;Trouble Fortune Comany - Happy Cure [Limited Edition]
SLPS-20062;Truck Kyousokyoku
SLES-53173;Truck Racing 2
SCES-53616;True Crime - New York City
SCES-53618;True Crime - New York City
SLES-53616;True Crime - New York City
SLES-53618;True Crime - New York City
SLPM-66473;True Crime - New York City
SLUS-21106;True Crime - New York City
SLPM-74243;True Crime - New York City [PlayStation 2 the Best]
SCES-51753;True Crime - Streets of L.A.
SCES-51754;True Crime - Streets of L.A.
SLES-51753;True Crime - Streets of L.A.
SLES-51754;True Crime - Streets of L.A.
SLPM-65729;True Crime - Streets of L.A.
SLUS-20550;True Crime - Streets of L.A.
SLPM-66098;True Crime - Streets of L.A. [CapKore]
SLPS-25880;True Fortune
SLPS-25245;True Love Story - Summer Days and Yet
SLPS-25387;True Love Story - Summer Days, and Yet...
SLPS-25038;True Love Story 3
SLPS-25281;True Love Story 3 [Enterbrain Collection]
SLPM-66935;True Tears
SCPS-11007;Tsuganai
SLUS-20292;Tsugunai - Atonement
SLPM-66787;Tsuika AS+ Eternal Name
SLPS-20219;Tsukande! Mawashite! Dossun Pazuru Egg Mania
SLPS-20196;Tsuki no Hikari - Shizumeru Kane no Satsujin
SLPS-20297;Tsuki no Hikari - Shizumeru Kane no Satsujin [Best Collection]
SLPS-20415;Tsuki no Hikari - Shizumeru Kane no Satsujin [Super Best Collection]
SLPM-65717;Tsuki wa Higashi ni Ha wa Nishi na - Operation Sanctuary
SLPM-65896;Tsuki wa Kirisaku
SLPM-65895;Tsuki wa Kirisaku - Tantei Sagara Kyoichiro
SCAJ-20114;Tsukiyo ni Saraba
SLKA-25261;Tsukiyo ni Saraba
SLPM-65826;Tsukiyo ni Saraba
TCPS-10097;Tsukiyo ni Saraba
SLPM-66599;Tsukiyo ni Saraba [Taito Best]
TCPS-10171;Tsukiyo ni Saraba [Taito Best]
SLPM-66408;Tsuyo Kiss - Mighty Heart
SLPM-66624;Tsuyo Kiss - Mighty Heart [Princess Soft Collection]
SLPM-55154;Tsuyo Kiss 2 Gakki - Swift Love
SLPM-55153;Tsuyo Kiss 2 Gakki - Swift Love [Limited Edition]
SLPM-65141;Tsuzuse Gareijiri
SCES-51980;TT Superbikes
SLES-51980;TT Superbikes
SLES-55409;TT Superbikes Legends
SLES-54611;TT Superbikes Real Road Racing Championship
SLES-54195;Turbo Trucks
SLUS-20333;Turok - Evolution
SCES-50479;Turok Evolution
SCES-51124;Turok Evolution
SLES-50479;Turok Evolution
SLES-51124;Turok Evolution
SCPS-15002;TV DJ
SLPM-62290;TV Kura Emon
PAPX-90204;TVDJ
SCES-53369;Twenty-2 Party
SLES-53369;Twenty-2 Party
SCES-50986;Twin Caliber
SCES-51226;Twin Caliber
SLES-50986;Twin Caliber
SLES-51226;Twin Caliber
SLPS-25534;Twinkle Star Sprites - La Petite Princesse
SLPS-25713;Twinkle Star Sprites - La Petite Princesse [SNK the Best]
SCES-50360;Twisted Metal - Black
SCUS-97101;Twisted Metal - Black
SLES-50360;Twisted Metal - Black
SCES-51480;Twisted Metal - Black - Online
SLES-51480;Twisted Metal - Black - Online
SCUS-97621;Twisted Metal - Head-On [Extra Twisted Edition]
SCUS-97179;Twisted Metal Black
SCUS-97195;Twisted Metal Black - Online
SCUS-97196;Twisted Metal Black - Online [Demo]
SCUS-97164;Twisted Metal Black [Demo]
SCUS-97860;Twisted Metal Black Online [Beta]
SLUS-21394;TXR Drift 2
SCES-51220;Ty - The Tazmanian Tiger
SLES-51220;Ty - The Tazmanian Tiger
SLUS-20571;Ty the Tasmanian Tiger
SLUS-21057;Ty the Tasmanian Tiger 2 - Bush Rescue
SLUS-21253;Ty the Tasmanian Tiger 3
SLES-53366;Ty the Tasmanian Tiger 3 - Night of the Quinkan
SCES-52709;Ty the Tazmanian Tiger 2 - Bush Rescue
SLES-52709;Ty the Tazmanian Tiger 2 - Bush Rescue
SLPS-20163;Typing Kengo 634
SLPS-20162;Typing Kengo 634 [with Keyboard]
SLPS-20175;Typing Love Story - Boys Be
SLPS-20081;Typing Namidabashi - Ashita no Joe Touda
SLPS-20080;Typing Namidabashi - Ashita no Joe Touda [USB Keyboard]
SLPM-62566;Typing of the Dead - Zombie Panic
SLPS-20174;Typing Renai Hakusho - Boys Be... [Keyboard Set]
SCPS-56011;U - Underwater Unit
SLPM-60176;U - Underwater Unit
SCES-52594;U-Move SuperSports
SLES-52594;U-Move SuperSports
SLPM-62070;Uchu-Jintte Naani
SLPS-25294;Uchuu no Stellvia
SLPS-25162;Uchuu Senkan Yamato - Ankoku Seidan Teikoku no Gyakushuu
SLPS-25161;Uchuu Senkan Yamato - Ankoku Seidan Teikoku no Gyakushuu [Special Edition]
SLPS-25095;Uchuu Senkan Yamato - Iscandar he no Tsuioku
SLPS-25080;Uchuu Senkan Yamato - Iscandar he no Tsuioku [Special Edition]
SLPS-25164;Uchuu Senkan Yamato - Nijuu Ginga no Houkai
SCES-50195;UEFA Challenge
SLES-50195;UEFA Challenge
SCES-50398;UEFA Champions League
SCES-54511;UEFA Champions League
SCES-54512;UEFA Champions League
SCES-54513;UEFA Champions League
SLES-50398;UEFA Champions League
SLES-54511;UEFA Champions League
SLES-54512;UEFA Champions League
SLES-54513;UEFA Champions League
SCES-52909;UEFA Champions League 2004-2005
SLES-52909;UEFA Champions League 2004-2005
SCES-52910;UEFA Champions League 2005
SCES-52911;UEFA Champions League 2005
SCES-52912;UEFA Champions League 2005
SLES-52910;UEFA Champions League 2005
SLES-52911;UEFA Champions League 2005
SLES-52912;UEFA Champions League 2005
SLUS-21581;UEFA Champions League 2006-2007
SLUS-20936;UEFA Euro 2004
SLUS-21699;UEFA Euro 2008
SLES-55104;UEFA EURO 2008 - Austria-Switzerland
SLPS-25601;Ueki no Housoku - Taosu Zeroberuto Juudan!!
SLUS-29022;UFC - Throwdown [Demo]
SLUS-28009;UFC - Throwdown [Trade Demo]
SLUS-20596;UFC - Ultimate Fighting Championship - Sudden Impact
SLUS-20252;UFC - Ultimate Fighting Championship - Throwdown
SLPS-25355;UFC 2004 - Ultimate Fighting Championship
SCES-52204;UFC Sudden Impact
SLES-52204;UFC Sudden Impact
SCES-50999;UFC Throwdown
SLES-50999;UFC Throwdown
SCES-52394;UFEA Euro 2004
SCES-52395;UFEA Euro 2004
SLES-52394;UFEA Euro 2004
SLES-52395;UFEA Euro 2004
SCED-53798;Ufficiale PlayStation 2 Italia Kids Special 2005 Demo
SCED-53946;Ufficiale PlayStation 2 Special Platinum 2006
SCED-54682;Ufficiale PlayStation 2 Speciale Platinum 2007
SCED-54730;Ufficiale PlayStation 2 Speciale Racing 2007
SLES-55088;Ultimate Board Game Collection
SLUS-21366;Ultimate Board Game Collection
SCES-52515;Ultimate Casino
SLES-52515;Ultimate Casino
SLPM-62213;Ultimate Fighting Championship 2 - Tap-Out
SLPM-65166;Ultimate Fighting Championship 2 - Tap-Out
SCES-51625;Ultimate Mindgames
SLES-51625;Ultimate Mindgames
SLES-55482;Ultimate Ninja 4 - Naruto Shippuden
SLPM-62698;Ultimate Pro Pinball
TCPS-10128;Ultimate Pro Pinball
SCES-53508;Ultimate Pro-Pinball
SLES-53508;Ultimate Pro-Pinball
SCES-53390;Ultimate Spider-Man
SCES-53391;Ultimate Spider-Man
SLES-53390;Ultimate Spider-Man
SLES-53391;Ultimate Spider-Man
SLPM-66404;Ultimate Spider-Man
SLUS-20870;Ultimate Spider-Man
SLES-53672;Ultimate Spider-Man [Limited Edition]
SLUS-21285;Ultimate Spider-Man [Limited Edition]
SLPS-25364;Ultraman
SLPS-73220;Ultraman [PlayStation 2 The Best]
SLPS-25529;Ultraman Fighting Evolution - Rebirth
SLPS-25800;Ultraman Fighting Evolution - Rebirth [Banpresto Best]
SCPS-55046;Ultraman Fighting Evolution 2
SLPS-25155;Ultraman Fighting Evolution 2
SLPS-73422;Ultraman Fighting Evolution 2 [PlayStation 2 The Best]
SLPS-25441;Ultraman Fighting Evolution 3
SLPS-25799;Ultraman Fighting Evolution 3 [Banpresto Best]
SLPS-20420;Ultraman Nexus
SLPM-66864;Umisho
SLPM-55175;Under the Moon - Crescent
SCES-52719;Under the Skin
SLES-52719;Under the Skin
SLUS-20985;Under the Skin
SCPS-51009;Underwater Unit
SLPS-20194;Underwater Unit
SCES-52108;Underworld - The Eternal War
SCES-52109;Underworld - The Eternal War
SLES-52108;Underworld - The Eternal War
SLES-52109;Underworld - The Eternal War
SLPS-25010;Unison
SLUS-20173;Unison
SLUS-29004;Unison & Dead or Alive 2 Hardcore [Demo]
SCES-51606;Unlimited Saga
SLAJ-25003;Unlimited SaGa
SLES-51606;Unlimited Saga
SLPS-25199;Unlimited Saga
SLUS-20678;Unlimited SaGa
SLPS-25185;Unlimited SaGa [Limited Edition]
SLPM-62471;Uno [SuperLite 2000 Series]
SCES-50074;Unreal Tournament
SLES-50074;Unreal Tournament
SLUS-20034;Unreal Tournament
SCAJ-20088;UO Nanatsu no Mizu to Densetsu no Nushi
SLPM-55274;Uragiri wa Boku no Namae o Shitteiru
SCES-53991;Urban Chaos - Riot Response
SLES-53991;Urban Chaos - Riot Response
SLPM-66767;Urban Chaos - Riot Response
SLUS-21390;Urban Chaos - Riot Response
SLES-55082;Urban Constructor
SCES-52957;Urban Extreme
SLES-52957;Urban Extreme
SCES-50849;Urban Freestyle Soccer
SLES-50849;Urban Freestyle Soccer
SCAJ-20152;Urban Reign
SCES-53688;Urban Reign
SLES-53688;Urban Reign
SLPS-25557;Urban Reign
SLUS-21209;Urban Reign
SCES-52908;Urbz
SLAJ-25052;Urbz, The - Sims in the City
SLES-52908;Urbz, The - Sims in the City
SLPM-65807;Urbz, The - Sims in the City
SLUS-21066;Urbz, The - Sims in the City
SLPM-66028;Ururun Quest
SLPM-62281;US Open 2002
SCES-50939;USA Racer
SLES-50939;USA Racer
SLPS-20207;Usagi - Yasei no Topai
SLPS-20264;Usagi - Yasei no Topai - The Arcade
SLPS-25323;Usagi - Yasei no Topai - Yamashiro Mahjong-Hen
SLPM-62533;Usagi - Yasei no Topai The Arcade - Yamashiro Mahjong-Hen
SLPM-65641;Utau - Tumbling Dice
SLPS-25679;Utawareru Mono
SLPS-25678;Utawareru Mono [Limited Edition]
PBPX-95202;Utility Disc Version 1.01
PBPX-95203;Utility Disc Version 1.01
SCAJ-20008;V-Rally 3
SCES-50725;V-Rally 3
SLES-50725;V-Rally 3
SLPM-65191;V-Rally 3
SLPM-65539;V-Rally 3
SLUS-20496;V-Rally 3
SCES-52639;V8 Supercars 2
SLES-52639;V8 Supercars 2
SCES-53089;V8 Supercars 3
SLES-53089;V8 Supercars 3
SCES-50767;V8 Supercars Australia - Race Driver
SLES-50767;V8 Supercars Australia - Race Driver
SCAJ-20177;Valkyrie Profile 2 - Silmeria
SCKA-20079;Valkyrie Profile 2 - Silmeria
SLES-54644;Valkyrie Profile 2 - Silmeria
SLPM-66419;Valkyrie Profile 2 - Silmeria
SLUS-21452;Valkyrie Profile 2 - Silmeria
SCAJ-20197;Valkyrie Profile 2 - Silmeria [Ultimate Hits]
SLPM-66782;Valkyrie Profile 2 - Silmeria [Ultimate Hits]
SLPS-20386;Value 2000 Series - Igo 4
SLPS-20387;Value 2000 Series - Shogi 4
SLPM-65998;Vampire Darkstalkers Collection
SLPM-66637;Vampire Darkstalkers Collection [Capcom the Best]
SCES-50411;Vampire Night
SCPS-55003;Vampire Night
SLES-50411;Vampire Night
SLPS-25077;Vampire Night
SLUS-20221;Vampire Night
SLPS-73412;Vampire Night [PlayStation 2 The Best]
SLPM-62506;Vampire Panic
SLPM-62507;Vampire Panic
SLPM-65618;Vampire Panic
SCES-51908;Van Helsing
SLES-51908;Van Helsing
SLPM-65723;Van Helsing
SLPM-65983;Van Helsing
SLUS-20738;Van Helsing
SCUS-97153;Vans Warped Tour '01 [Demo]
SCES-52477;Vegas Casino II
SLES-52477;Vegas Casino II
SLUS-21226;Velocity
SLPS-20034;Velvet File
SLPS-25037;Velvet File Plus
SLPS-25097;Velvet File Plus
SCAJ-20012;Venus & Braves
SLPS-25196;Venus & Braves
SLPS-73236;Venus & Braves [PlayStation 2 The Best]
SLPS-25195;Venus & Braves [Premium Pack]
SCES-50481;Vexx
SLES-50481;Vexx
SLUS-20383;Vexx
SCPS-11032;Vib Ripple
SLPS-25128;Victorious Boxer - Championship Version
SLPS-25129;Victorious Boxer - Championship Version
SCES-50280;Victorious Boxers
SLES-50280;Victorious Boxers
SLPS-25012;Victorious Boxers
SLPS-73401;Victorious Boxers - Championship Edition [PlayStation 2 The Best]
SLUS-20282;Victorious Boxers - Ippo's Road to Glory
SLUS-29013;Victorious Boxers - Ippo's Road to Glory [Demo]
SCES-53338;Victorious Boxers 2 - Fighting Spirit
SLES-53338;Victorious Boxers 2 - Fighting Spirit
SLUS-21204;Victorious Boxers 2 - Fighting Spirit
SLPS-25287;Victorious Boxers 2 - Ippo's Road to Glory
SLPM-62511;Victory Wings - Zero Pilot Series
SCES-52616;Video Poker & Blackjack
SLES-52616;Video Poker & Blackjack
SCES-52798;Vietcong - Purple Haze
SCES-52799;Vietcong - Purple Haze
SLES-52798;Vietcong - Purple Haze
SLES-52799;Vietcong - Purple Haze
SLUS-21068;Vietcong - Purple Haze
SCES-52678;Viewtiful Joe
SLES-52678;Viewtiful Joe
SLUS-20951;Viewtiful Joe
SLKA-25452;Viewtiful Joe - A New Hope [BigHits Series]
SLPM-65699;Viewtiful Joe - Aratanaru Kibo
SCES-52868;Viewtiful Joe 2
SLES-52868;Viewtiful Joe 2
SLPM-65824;Viewtiful Joe 2
SLUS-20939;Viewtiful Joe 2
SLPM-65683;Violet no Atelier [Gust Best Price]
GUST-00002;Violet no Atelier [Limited Edition]
SCCS-40015;Viorate no Atelier - Gramnad no Renkinjutsushi 2
SLPM-65311;Viorate no Atelier - The Alchemist of Gramnad
SLPM-65310;Viorate no Atelier - The Alchemist of Gramnad [Limited Edition]
SCES-50730;VIP
SLES-50730;VIP
SCES-51229;Virtua Cop - Elite Edition
SLES-51229;Virtua Cop - Elite Edition
SLPM-62205;Virtua Cop Re-Birth
SLPM-62215;Virtua Cop Re-Birth
SCES-51699;Virtua Fighter - 10th Anniversary Edition
SLES-51699;Virtua Fighter - 10th Anniversary Edition
SLPM-68018;Virtua Fighter - 10th Anniversary Edition
SLAJ-25042;Virtua Fighter - Cyber Generation
SCES-50759;Virtua Fighter 4
SLES-50759;Virtua Fighter 4
SLPM-62130;Virtua Fighter 4
SLPM-62158;Virtua Fighter 4
SLUS-20323;Virtua Fighter 4
SLKA-25188;Virtua Fighter 4 - Evolution
SLPM-65270;Virtua Fighter 4 - Evolution
SLUS-20616;Virtua Fighter 4 - Evolution
SCES-51616;Virtua Fighter 4 Evolution
SLES-51616;Virtua Fighter 4 Evolution
SLUS-20977;Virtua Fighter Cyber Generation
SLPM-65632;Virtua Fighter Cyber Generation - Ambition of the Judgement Six
SLPM-60242;Virtua Fighter Cyber Generation - Ambition of the Judgement Six [Demo]
SCES-54153;Virtua Pro Football
SLES-54153;Virtua Pro Football
SLPM-66442;Virtua Pro Football
SCES-51232;Virtua Tennis 2
SLES-51232;Virtua Tennis 2
SLAJ-25006;Virtual Fighter 4 - Evolution
SLAJ-25014;Virtual On - Marz
SLPM-65303;Virtual On - Marz
SLPM-74421;Virtual On - Marz [PlayStation 2 The Best]
SLUS-20674;Virtual On Marz
SCES-51022;Virtual Racer - Jaques Villeneuve
SLES-51022;Virtual Racer - Jaques Villeneuve
SLPS-25260;Virtual View - Megumi
SLPS-25259;Virtual View - Nemoto Harumi
SLPS-25258;Virtual View - R.C.T. Eyes Play
SLPS-25071;Visual Mix - Ayumi Hamasaki Dome Tour 2001
SLPS-25923;Vitamin Z
SLPS-25922;Vitamin Z [Limited Edition]
SLPS-25761;VitaminX
SLPS-25760;VitaminX [Limited Edition]
SLPM-65806;VM Japan
SCES-52520;Volleyball Challenge
SLES-52520;Volleyball Challenge
SLPM-62770;Volleyball World Cup - Venus Evolution
SCES-51765;Volleyball Xciting
SLES-51765;Volleyball Xciting
SLPM-65672;W - Wish
SLPM-65671;W - Wish [Limited Edition]
SCES-50183;Wacky Races
SLES-50183;Wacky Races
SLES-54670;Wacky Races - Mad Motors
SLES-54956;Wacky Zoo GP
SCAJ-30004;Waga Ryuomiyo - Pride of the Dragon Peace
SCPS-15080;Waga Ryuomiyo - Pride of the Dragon Peace
PAPX-90521;Waga Ryuu o Miyo - Pride of the Dragon Peace
SCES-51272;Wakeboarding Unleashed
SCES-51273;Wakeboarding Unleashed
SLES-51272;Wakeboarding Unleashed
SLES-51273;Wakeboarding Unleashed
SLUS-20418;Wakeboarding Unleashed featuring Shaun Murray
SLPM-62285;Waku Waku Volley 2
SLPM-62481;Waku Waku Volleyball 2 [Superlite 2000 Series]
SLUS-21736;Wall-E
SLUS-21312;Wallace & Gromit - The Curse of the Were-Rabbit
SCES-51372;Wallace & Gromit in Project Zoo
SCES-51989;Wallace & Gromit in Project Zoo
SCES-52026;Wallace & Gromit in Project Zoo
SLES-51372;Wallace & Gromit in Project Zoo
SLES-51989;Wallace & Gromit in Project Zoo
SLES-52026;Wallace & Gromit in Project Zoo
SLUS-20647;Wallace & Gromit in Project Zoo
SCES-53621;Wallace & Grommit - The Curse of the Were Rabbit
SLES-53621;Wallace & Grommit - The Curse of the Were Rabbit
SLPM-66327;Wallace and Gromit - The Curse of the Were-Rabbit
SLPM-55177;Wand of Fortune
SLPM-55246;Wand of Fortune - Mirai e no Prologue
SLPM-55176;Wand of Fortune [Limited Edition]
SRP2-00201;Wand of Fortune Twin Pack
SCKA-20061;Wanda to Kyozou [Shadow of the Colossus]
SCPS-15097;Wanda to Kyozou [Shadow of the Colossus]
SCPS-19320;Wanda to Kyozou [Shadow of the Colossus] [PlayStation 2 The Best]
SCPS-19335;Wander to Kyozou [PlayStation 2 the Best Reprint]
SLPS-20185;Wangan Midnight
SCES-51973;War Chess
SLES-51973;War Chess
SCES-51224;War of the Monsters
SCUS-97197;War of the Monsters
SLES-51224;War of the Monsters
SLPM-65412;War of the Monsters
SCUS-97260;War of the Monsters [Demo]
SCES-50958;Warhammer 40
SLUS-29049;Warhammer 40,000 - Fire Warrior [Demo]
SLES-50958;Warhammer 40,000 - Firewarrior
SLUS-20597;Warhammer 40K - Fire Warrior
SLPM-62292;Warrior Blade - Rasten vs Barbarian
SCAJ-20003;Warrior in Argus
SCAJ-20016;Warrior of Argus
SCES-53443;Warriors
SCES-50187;Warriors of Might and Magic
SLES-50187;Warriors of Might and Magic
SLPM-65132;Warriors of Might and Magic
SLUS-20006;Warriors of Might and Magic
SCES-54845;Warriors Orochi
SLES-54845;Warriors Orochi
SLUS-21662;Warriors Orochi
SLUS-21803;Warriors Orochi 2
SLES-53443;Warriors, The
SLUS-21215;Warriors, The
SLUS-21387;Warship Gunner 2
SLPM-66656;Warship Gunner 2 - Change of Direction [Koei the Best]
SLPM-55250;Warship Gunner 2 - Koutetsu no Houkou [Koei Teiban Series]
SCPS-51008;Wave Rally
SLPS-20170;Wave Rally
SLUS-20313;Wave Rally
SCES-50921;Way of the Samurai
SLES-50921;Way of the Samurai
SLUS-20407;Way of the Samurai
SCES-52275;Way of the Samurai 2
SLES-52275;Way of the Samurai 2
SLUS-20893;Way of the Samurai 2
SLPM-66449;We Are
SLPM-66839;We Are [Best Hit Selection]
SLPM-66448;We Are [Limited Edition]
SCES-53828;We Love Katamari
SLES-53828;We Love Katamari
SLUS-21230;We Love Katamari
SCES-50503;Weakest Link
SLES-50503;Weakest Link
SCES-50709;Weakest Link [Le Maillon Fable]
SLES-50709;Weakest Link [Le Maillon Fable]
SLPM-62711;Welcome to Sheep Village [Superlite 2000]
SCUS-97394;Welcome to the World of Online Gaming for Your PlayStation 2 [Demo]
SLPM-62349;Welcome to Universal Studios Japan
SLUS-20790;Wheel of Fortune
SCES-51958;Whiplash
SLES-51958;Whiplash
SLUS-20684;Whiplash
SLUS-29080;Whiplash [Demo]
SCES-51126;Whirl Tour
SLES-51126;Whirl Tour
SLUS-20489;Whirl Tour
SLPM-66607;White Breath - Kizuna
SLPM-66606;White Breath - Kizuna [First Print - Limited Edition]
SLPM-66215;White Clarity - And, the Tears Became You
SLPM-66214;White Clarity - And, the Tears Became You [First Print Limited Edition]
SLPM-66078;White Princess the Second
SLPM-66588;White Princess the Second [2800 Collection]
SCES-51451;Whiteout
SLES-51451;Whiteout
SLUS-20599;Whiteout
SCES-50495;Who Wants to be a Millionaire - 2nd Edition
SLES-50495;Who Wants to be a Millionaire - 2nd Edition
SCES-54199;Who Wants to be a Millionaire - Party Edition
SLES-54199;Who Wants to be a Millionaire - Party Edition
SCES-50497;Who Wants to be a Millionaire 2 [Wer wird Millionar 2]
SLES-50497;Who Wants to be a Millionaire 2 [Wer wird Millionar 2]
SCPS-15023;Wild ARMs - Advanced 3rd
SCPS-15024;Wild ARMs - Advanced 3rd
SCPS-55006;Wild ARMs - Advanced 3rd
SCPS-19205;Wild ARMs - Advanced 3rd [PlayStation 2 The Best]
SCAJ-30002;Wild ARMs - Alter Code F
SCPS-17002;Wild ARMs - Alter Code F
SLUS-20937;Wild ARMs - Alter Code F
SCPS-19253;Wild ARMs - Alter Code F [PlayStation 2 The Best - Reprint]
SCPS-19251;Wild ARMs - Alter Code F [PlayStation 2 The Best]
SCAJ-20123;Wild ARMs - The 4th Detonator
SCPS-15091;Wild ARMs - The 4th Detonator
SCPS-15092;Wild ARMs - The 4th Detonator
SCPS-19322;Wild ARMs - The 4th Detonator [PlayStation 2 The Best - Reprint]
SCPS-19323;Wild ARMs - The 4th Detonator [PlayStation 2 The Best - Reprint]
SCPS-19313;Wild ARMs - The 4th Detonator [PlayStation 2 The Best]
PAPX-90524;Wild ARMs - The Vth Vanguard
SCAJ-20183;Wild ARMs - The Vth Vanguard
SCPS-15118;Wild ARMs - The Vth Vanguard
SCPS-19333;Wild ARMs - The Vth Vanguard [PlayStation 2 the Best]
SCES-51307;Wild ARMs 3
SCUS-97203;Wild ARMs 3
SLES-51307;Wild ARMs 3
SCUS-97224;Wild ARMs 3 [Demo]
PCPX-96654;Wild ARMs 4
SCES-54239;Wild ARMs 4
SLES-54239;Wild ARMs 4
SLUS-21292;Wild ARMs 4
SLUS-21615;Wild ARMs 5
SLES-54972;Wild ARMs 5 [10th Anniversary Edition]
SLES-53595;Wild Water Adrenaline featuring Salomon
SCES-50009;Wild Wild Racing
SLPS-20021;Wild Wild Racing
SLUS-20108;Wild Wild Racing
SLPM-66842;Will O' Wisp
SLPM-55051;Will O' Wisp - Easter no Kiseki
WLFD-00810;Will O' Wisp - Easter no Kiseki [Twin Pack]
SLPM-66841;Will O' Wisp [Limited Edition]
SLPM-62023;Winback
SLPM-62201;Winback
SLUS-20160;Winback - Covert Operations
SLPM-62567;Winback [Koei Best Series]
SLPM-62299;Winback [Koei The Best]
SLPM-66431;WinBack 2 - Project Poseidon
SLPM-55113;WinBack 2 - Project Poseidon [Koei Teiban Series]
SLUS-20947;Winback 2nd Operation
SLPM-65464;Wind - A Breath of Heart
SLPM-66635;Wind - A Breath of Heart [Alchemist Best Collection]
SLUS-21084;Winnie the Pooh's Rumbly Tumbly Adventure
SLUS-21464;Winning Eleven - Pro Evolution Soccer 2007
SLKA-25381;Winning Eleven 10
SLKA-25153;Winning Eleven 10 - Liveware Edition
SLPM-66885;Winning Eleven 2008
SLUS-20623;Winning Eleven 6
SLPM-62268;Winning Eleven 6 - Final Evolution
SLUS-20863;Winning Eleven 7 World Soccer - International
SLPM-65788;Winning Eleven 8 - Liveware Evolution
SLKA-25298;Winning Eleven 9
SLKA-25359;Winning Eleven 9 - Liveware Edition
SLPM-62058;Winning Post 4 - Maximum 2001 & GI Jockey 2 2001 [Super Value Set]
SLPM-62019;Winning Post 4 Maximum
SLPM-62060;Winning Post 4 Maximum 2001
SLPM-62202;Winning Post 4 Maximum 2001
SLPM-62123;Winning Post 5
SLPM-62221;Winning Post 5 - Max 2002
SLPM-62279;Winning Post 5 - Maximum 2002
SLPM-65298;Winning Post 5 - Maximum 2003
SLPM-62517;Winning Post 5 [Koei The Best]
SLPM-65346;Winning Post 6
SLPM-66173;Winning Post 6
SLPM-62590;Winning Post 6 - 2005 Nendoban
SLPM-65893;Winning Post 6 - 2005 Nendoban
SLPM-65894;Winning Post 6 - 2005 Version
SLPM-66559;Winning Post 6 [KOEI Selection]
SLPM-65582;Winning Post 6 Maximum 2004
SLPM-66087;Winning Post 7
SLPM-66702;Winning Post 7 - Maximum 2007
SLPM-66811;Winning Post 7 [Koei the Best]
KOEI-00043;Winning Post 7 [Premium Box]
SLPM-66342;Winning Post 7 Maximum 2006
SLPM-66950;Winning Post 7 Maximum 2008
KOEI-00015;Winning Post Kouryaku Box
SLPM-55150;Winning Post World
SLPM-55253;Winning Post World 2010
SCES-53948;Winter Sports
SLES-53948;Winter Sports
SLUS-21849;Winter Sports 2 - The Ultimate Challenge
SLES-54939;Winter Sports 2008 - The Ultimate Challenge
SCES-53219;Winx Club
SLES-53219;Winx Club
SCED-50768;WipEout Fusion
SCES-50005;Wipeout Fusion
SLES-50005;Wipeout Fusion
SLUS-20462;Wipeout Fusion
SCES-54748;Wipeout Pulse
SLPM-65484;WISP - Word Image Sound Play
SCES-53716;Without Warning
SLES-53716;Without Warning
SLUS-21156;Without Warning
SLUS-20259;Wizadry - Tale of the Forsaken
SCES-51118;Wizardry - Tales of the Forsaken Land
SLES-51118;Wizardry - Tales of the Forsaken Land
SLPM-62409;Wizardry Empire III - Ancestry of the Emperor
SLPM-62550;Wizardry Empire III - Ancestry of the Emperor [Good Price - Limited Edition]
SLPM-62551;Wizardry Empire III - Ancestry of the Emperor [Good Price]
TCPS-10166;Wizardry Gaiden
SLPM-62742;Wizardry Gaiden - Sentou no Kangoku - Prisoners of the Battles
SLPM-62603;Wizardry Summoner
SLPM-62720;Wizardry Summoner [Taito The Best]
SLPM-65840;Wizardry X - Zensen no Gakufu
SLPM-66234;Wizardry X - Zensen no Gakufu [Wonder Price]
SLPM-66749;Wizardry X 2 - Mugen no Gakuto [Wonder Price]
SLPM-66300;Wizardry Xth - Mugen no Gakuto
SCES-50854;WM Nationalspieler
SLES-50854;WM Nationalspieler
SLUS-21742;Women's Volleyball Championship
SLPM-67001;Wonder Zone
XSPL-67001;Wonder Zone
SCES-50613;Woody Woodpecker
SLES-50613;Woody Woodpecker
SLUS-20341;Woody Woodpecker - Escape from Buzz Buzzard Park
SLUS-21340;World Championship Cards
SLUS-21457;World Championship Paintball
SCES-53130;World Championship Poker
SLES-53130;World Championship Poker
SLUS-21028;World Championship Poker
SLUS-21176;World Championship Poker 2 featuring Howard Lederer
SLUS-21412;World Championship Poker featuring Howard Lederer - All-In
SCES-52483;World Championship Pool 2004
SLES-52483;World Championship Pool 2004
SLUS-20760;World Championship Pool 2004
SCES-52312;World Championship Rugby
SLES-52312;World Championship Rugby
SCES-50395;World Championship Snooker 2002
SLES-50395;World Championship Snooker 2002
SCES-51398;World Championship Snooker 2003
SLES-51398;World Championship Snooker 2003
SCES-52386;World Championship Snooker 2004
SLES-52386;World Championship Snooker 2004
SCES-53082;World Championship Snooker 2005
SLES-53082;World Championship Snooker 2005
SCES-50170;World Destruction League - Thunder Tanks
SLES-50170;World Destruction League - Thunder Tanks
SLUS-20005;World Destruction League - Thunder Tanks
SCES-50262;World Destruction League - War Jets
SLES-50262;World Destruction League - War Jets
SLUS-20007;World Destruction League - War Jetz
SLPS-20195;World Fantasista
SCES-52516;World Fighting
SLES-52516;World Fighting
SLPM-66324;World Football Climax
SLPM-62142;World Grand Prix
SLPS-25782;World Heroes - Gorgeous
SLES-55233;World Heroes Anthology
SLUS-21725;World Heroes Anthology
SLPS-25933;World Heroes Gorgeous [NeoGeo Online Collection the Best]
SCES-51509;World of Outlaws - Sprint Cars
SLES-51509;World of Outlaws - Sprint Cars
SLUS-20283;World of Outlaws - Sprint Cars 2002
SCES-53689;World Poker Tour 2K6
SLES-53689;World Poker Tour 2K6
SLUS-21333;World Poker Tour 2K6
SLUS-21472;World Pool Challenge '06
SCES-51387;World Racing
SLES-51387;World Racing
SCES-53646;World Racing 2
SLES-53646;World Racing 2
SLPM-65284;World Rallt Championship II Extreme
SLPM-65573;World Rallt Championship II Extreme [Spike The Best]
SCES-50139;World Rally Championship
SLES-50139;World Rally Championship
SCES-51684;World Rally Championship 3
SLES-51684;World Rally Championship 3
SLPM-65583;World Rally Championship 3
SCES-52389;World Rally Championship 4
SLES-52389;World Rally Championship 4
SLPM-65975;World Rally Championship 4
SCES-50934;World Rally Championship II Extreme
SCES-50935;World Rally Championship II Extreme
SLES-50934;World Rally Championship II Extreme
SLUS-20611;World Series Baseball 2K3
SCES-53724;World Series of Poker
SLES-53724;World Series of Poker
SLUS-21301;World Series of Poker
SCES-54448;World Series of Poker - Tournament of Champions
SLES-54448;World Series of Poker - Tournament of Champions
SLUS-21491;World Series of Poker - Tournament of Champions
SLES-54961;World Series of Poker 2008 - Battle for the Bracelets
SLUS-21686;World Series of Poker 2008 - Battle for the Bracelets
SCES-54013;World Snooker Championship 2007
SLES-54013;World Snooker Championship 2007
SLUS-21117;World Soccer - Winning Eleven 8 - International
SLUS-21220;World Soccer - Winning Eleven 9 International
SLPM-66374;World Soccer Winning Eleven 10
SLPM-55131;World Soccer Winning Eleven 2009
SLPM-55209;World Soccer Winning Eleven 2010
SLPM-55258;World Soccer Winning Eleven 2010 - Aoki Samurai no Chousen
SLAJ-25115;World Soccer Winning Eleven 2011
SLPM-55276;World Soccer Winning Eleven 2011
SLPM-55294;World Soccer Winning Eleven 2012
SLPM-62053;World Soccer Winning Eleven 5
SLPM-62113;World Soccer Winning Eleven 5 - Final Evolution
SLPM-62159;World Soccer Winning Eleven 6
SLAJ-25005;World Soccer Winning Eleven 7
SLPM-62356;World Soccer Winning Eleven 7
SCCS-40014;World Soccer Winning Eleven 7 - International
SLPM-65498;World Soccer Winning Eleven 7 - International
SLPM-65497;World Soccer Winning Eleven 7 - International [Limited Edition]
SLPM-65657;World Soccer Winning Eleven 8
SCCS-40022;World Soccer Winning Eleven 8 - Asia Championship
SLPM-66009;World Soccer Winning Eleven 9 [Bonus Pack]
SLPM-66255;World Soccer Winning Eleven 9 [Bonus Pack]
SCES-54080;World Super Police
SLES-54080;World Super Police
SLPM-65761;World Super Police
SLUS-21656;World Superbikes '07
SLPM-66135;World Tank Museum For Game - Toubu Sensen Success
SCUS-97172;World Tour Soccer 2002
SCUS-97192;World Tour Soccer 2002 [Demo]
SCUS-97233;World Tour Soccer 2003
SCUS-97236;World Tour Soccer 2003 [Demo]
SCUS-97365;World Tour Soccer 2005
SCUS-97396;World Tour Soccer 2005 [Demo]
SCUS-97463;World Tour Soccer 2006
SCUS-97473;World Tour Soccer 2006 [Demo]
SCES-51924;World War Zero - Ironstorm
SLES-51924;World War Zero - Ironstorm
SCES-52342;Worms - Forts Under Seige
SLES-52342;Worms - Forts Under Seige
SCES-51843;Worms 3D
SLES-51843;Worms 3D
SLUS-20894;Worms 3D
SCES-53096;Worms 4 - Mayhem
SLES-53096;Worms 4 - Mayhem
SCES-50589;Worms Blast
SLES-50589;Worms Blast
SCES-52734;Worms Forts - Under Siege
SLES-52734;Worms Forts - Under Siege
SLUS-21093;Worms Forts - Under Siege!
SCES-52101;Wrath Unleashed
SLES-52101;Wrath Unleashed
SLUS-20840;Wrath Unleashed
SLPS-25099;WRC - World Rally Championship
SLUS-20419;WRC - World Rally Championship
SCES-53247;WRC - World Rally Championship - Rally Evolved
SLES-53247;WRC - World Rally Championship - Rally Evolved
SLPM-66334;WRC - World Rally Championship 4 [Spike the Best]
SLPM-74406;WRC - World Rally Chanpionship [PlayStation 2 The Best]
SCED-52141;WRC 3 - The Official Game of the FIA World Rally Championship
SLPM-66103;WRC 3 [Spike the Best]
SCED-52945;WRC 4 - Ford Fiesta Sports Edition
SCED-52869;WRC 4 - The Official Game of the FIA World Rally Championship
SCED-52880;WRC 4 - The Official Game of the FIA World Rally Championship
TCES-52389;WRC 4 - The Official Game of the FIA World Rally Championship
TCES-53247;WRC 5 WT
SCED-51305;WRC II Extreme - Special Demo
SCED-51632;WRC II Extreme - Special Demo
SCES-51202;Wreckless - The Yakuza Missions
SLES-51202;Wreckless - The Yakuza Missions
SLUS-20431;Wreckless - The Yakuza Missions
SLPM-66239;Wrestle Angels - Survivor
SLPM-66927;Wrestle Angels - Survivor [Good Price]
SLPM-55058;Wrestle Angels - Survivor 2
SLPM-55056;Wrestle Angels - Survivor 2 [First Print Limited Edition]
SLPM-66401;Wrestle Kingdom
SLPM-66714;Wrestle Kingdom 2 - Pro Wrestling Sekai Taisen
SLPM-62046;WTA Tennis Tour USA
SCES-50283;WTA Tour Tennis
SLES-50283;WTA Tour Tennis
SLUS-20357;WTA Tour Tennis
SLES-54792;WWC - World Wrestling Championship
SLES-55648;WWE All Stars
SCES-51600;WWE Crush Hour
SLES-51600;WWE Crush Hour
SLUS-20385;WWE Crush Hour
SLUS-20483;WWE Smackdown - Shut Your Mouth
SLES-54793;WWE SmackDown vs Raw 2008
SLKA-25451;WWE SmackDown vs Raw 2008
SLPM-66863;WWE SmackDown vs RAW 2008
SLES-55251;WWE SmackDown vs Raw 2009
SLES-55545;WWE Smackdown vs Raw 2010
SLES-55635;WWE SmackDown vs Raw 2011
SCES-52036;WWE SmackDown! - Here Comes the Pain!
SLES-52036;WWE SmackDown! - Here Comes the Pain!
SCES-51283;WWE Smackdown! 4 - Shut Your Mouth
SLES-51283;WWE Smackdown! 4 - Shut Your Mouth
SLPS-25309;WWE SmackDown! 4 - Shut your mouth [Yuke's The Best]
SLUS-20787;WWE SmackDown! Here Comes the Pain
SLPS-25326;WWE Smackdown! Here Comes the Pain - Exciting Pro Wrestling 5 [Limited Edition]
SCES-52781;WWE SmackDown! vs RAW
SLES-52781;WWE SmackDown! vs RAW
SLUS-21060;WWE SmackDown! vs RAW
TLES-52781;WWE SmackDown! vs Raw
SLUS-29116;WWE SmackDown! vs RAW [Public Beta Vol.1.0]
SCES-53676;WWE SmackDown! vs RAW 2006
SCES-53677;WWE SmackDown! vs RAW 2006
SLES-53676;WWE SmackDown! vs RAW 2006
SLES-53677;WWE SmackDown! vs RAW 2006
SLUS-21286;WWE SmackDown! vs RAW 2006
SCES-54488;WWE SmackDown! vs RAW 2007
SCES-54489;WWE SmackDown! vs RAW 2007
SLES-54488;WWE SmackDown! vs RAW 2007
SLES-54489;WWE SmackDown! vs RAW 2007
SLPM-66627;WWE SmackDown! vs RAW 2007
SLUS-21427;WWE SmackDown! vs RAW 2007
SLUS-21645;WWE SmackDown! vs Raw 2008
SLUS-21810;WWE SmackDown! vs Raw 2009
SCES-50477;WWF Smackdown! - Just Bring It
SLES-50477;WWF Smackdown! - Just Bring It
SLED-50478;WWF Smackdown! - Just Bring It [Demo]
SLUS-29011;WWF SmackDown! - Just Bring It [Demo]
SLUS-20316;WWF SmackDown! - Just Bring It!
SCES-54205;WWI - Aces of the Sky
SLES-54205;WWI - Aces of the Sky
SCES-53434;WWI - Red Baron
SLES-53434;WWI - Red Baron
SCES-54256;WWII - Battle Over the Pacific
SLES-54256;WWII - Battle Over the Pacific
SCES-53651;WWII - Soldier
SLES-53651;WWII - Soldier
SCES-52954;WWII - Tank Battles
SLES-52954;WWII - Tank Battles
SLUS-20715;WWII Paratroopers
SLUS-20094;X Squad
SCES-52341;X-Files - Resist or Serve
SLES-52341;X-Files - Resist or Serve
SLUS-20179;X-Files - Resist or Serve
SLUS-20279;X-Men - Next Dimension
SCES-50898;X-Men - The Next Dimension
SCES-50899;X-Men - The Next Dimension
SCES-50900;X-Men - The Next Dimension
SLES-50898;X-Men - The Next Dimension
SLES-50899;X-Men - The Next Dimension
SLES-50900;X-Men - The Next Dimension
SCES-54066;X-Men - The Official Game
SLES-54066;X-Men - The Official Game
SLUS-21107;X-Men - The Official Game
SLUS-20337;X-Men - Wolverines Revenge
SCES-51286;X-Men 2 - Wolverine's Revenge
SCES-51287;X-Men 2 - Wolverine's Revenge
SLES-51286;X-Men 2 - Wolverine's Revenge
SLES-51287;X-Men 2 - Wolverine's Revenge
SCES-52624;X-Men Legends
SCES-52625;X-Men Legends
SLES-52624;X-Men Legends
SLES-52625;X-Men Legends
SLUS-20656;X-Men Legends
SLES-53374;X-Men Legends II - Rise of Apocalypse
SLUS-21138;X-Men Legends II - Rise of Apocalypse
SLES-55494;X-Men Origins - Wolverine
SLUS-21880;X-Men Origins - Wolverine
SCES-50031;X-Squad
SLES-50031;X-Squad
SCES-53141;X-Treme Quads
SLES-53141;X-Treme Quads
PCPX-96310;X-treme Racing SSX
SCES-54541;Xena - Warrior Princess
SCES-54542;Xena - Warrior Princess
SLES-54541;Xena - Warrior Princess
SLES-54542;Xena - Warrior Princess
SLUS-20469;Xenosaga - Episode I - Der Wille zur Macht
SLUS-20892;Xenosaga - Episode II - Jenseits von Gut und Bose [Disc 1]
SLUS-21133;Xenosaga - Episode II - Jenseits von Gut und Bose [Disc 2]
SLUS-21389;Xenosaga - Episode III - Also Sprach Zarathustra [Disc 1]
SLUS-21417;Xenosaga - Episode III - Also Sprach Zarathustra [Disc 2]
SLPS-29002;Xenosaga Episode 1 - Der Wille zur Macht
SLPS-73901;Xenosaga Episode 1 - Der Wille zur Macht [PlayStation 2 The Best]
SLPS-29001;Xenosaga Episode 1 - Der Wille zur Macht [Premium Box]
SLPS-29005;Xenosaga Episode 1 - Der Wille zur Macht [Reloaded]
SCPS-55901;Xenosaga Episode I - Der Wille zur Macht
SCAJ-30001;Xenosaga Episode I [PlayStation 2 The Best]
SCAJ-20086;Xenosaga Episode II - Jenseits von Gut und Bose [Disc 1]
SLPS-25368;Xenosaga Episode II - Jenseits von Gut und Bose [Disc 1]
SCAJ-20087;Xenosaga Episode II - Jenseits von Gut und Bose [Disc 2]
SLPS-25369;Xenosaga Episode II - Jenseits von Gut und Bose [Disc 2]
SLPS-73224;Xenosaga Episode II - Jenseits von Gut und Bose [PlayStation 2 The Best] [Disc 1]
SLPS-73225;Xenosaga Episode II - Jenseits von Gut und Bose [PlayStation 2 The Best] [Disc 2]
SLPS-25366;Xenosaga Episode II - Jenseits von Gut und Bose [Premium Box] [Disc 1]
SLPS-25367;Xenosaga Episode II - Jenseits von Gut und Bose [Premium Box] [Disc 2]
SLES-82034;Xenosaga Episode II [Disc 1]
SLES-82035;Xenosaga Episode II [Disc 2]
SLPM-61147;Xenosaga Episode III - Also Sprach Zarathustra [Demo]
SCAJ-20179;Xenosaga Episode III - Also Sprach Zarathustra [Disc 1]
SLPS-25640;Xenosaga Episode III - Also Sprach Zarathustra [Disc 1]
SCAJ-20180;Xenosaga Episode III - Also Sprach Zarathustra [Disc 2]
SLPS-25641;Xenosaga Episode III - Also Sprach Zarathustra [Disc 2]
SCAJ-20081;Xenosaga Freaks
SLPS-25353;Xenosaga Freaks
SCES-82034;Xenosaga II - Jenseits von Gut und Bose
SCES-50210;XG3 - Extreme-G Racing
SLES-50210;XG3 - Extreme-G Racing
SLPM-62092;XG3 Extreme G Racing
SCES-51636;XGRA - Extreme G Racing Association
SLES-51636;XGRA - Extreme G Racing Association
PAPX-90229;XI [sai]
SCAJ-20007;Xi [sai] Go
SCPS-15029;Xi [sai] Jumbo
SCKA-20001;XI5 
SCES-54486;Xiaolin Showdown
SLES-54486;Xiaolin Showdown
SLUS-21405;Xiaolin Showdown
SCCS-40004;XIGO - Zuihou de Touzi
SCES-51704;XII Stag
SLES-51704;XII Stag
SLPM-62318;XII Stag
PAPX-90235;XIII
SCES-51244;XIII
SCES-51294;XIII
SLES-51244;XIII
SLES-51294;XIII
SLPS-25375;XIII
SLUS-20677;XIII
SLUS-29070;XIII [Demo]
SLPS-25472;XIII [Thirteen] [Best Collection]
SCES-50998;Xtreme Express - World Grand Prix
SLES-50998;Xtreme Express - World Grand Prix
SLES-52871;Xtreme Speed
SLPS-25803;xxxHolic - Shigatsu Tsuitachi no Izayoi Sowa
SLPS-25875;xxxHolic - Watanuki no Izayoi Souwa [Best Collection]
SLES-54784;Xyanide - Resurrection
SLPM-65926;Y's IV - Mask of the Sun - A New Theory
SLPS-20287;Yakiniku Bugyou Bonfire!
SLUS-21348;Yakuza
SLUS-29195;Yakuza [Demo]
SLES-55242;Yakuza 2
SLPS-25816;Yamasa Digi World - Collaboration SP Pachi-Slot Ridge Racer
SLPS-20354;Yamasa Digi World 3 [Best of Best]
SLPS-20356;Yamasa Digi World 4 [Best of Best]
SLPS-20258;Yamasa Digi World 4D
SLPS-20475;Yamasa Digi World SP - Giant Pulsar
SLPS-20459;Yamasa Digi World SP - Isao Lady
SLPS-20355;Yamasa Digi World SP - Neo Magic Pulsar XX [Best of Best]
SLPS-20357;Yamasa Digi World SP - Umi Ichiban R [Best of Best]
SLPS-20226;Yamasa Digital Slot World SP DX
SLPM-66296;Yamiyo ni Sasayaku - Tantei Sagara Kyouichirou
SLPM-66295;Yamiyo ni Sasayaku - Tantei Sagara Kyouichirou [Limited Edition]
SLUS-20278;Yanya Caballista - City Skater
SLPM-62051;Yanya Caballista - featuring Gawoo
PAPX-90210;Yappa RPG desho.
SLPM-66598;Yatohime Zankikou
SCES-54171;Yazuka
SLES-54171;Yazuka
SLUS-21769;Yazuka 2
SCES-53399;Yazuka Fury
SLES-53399;Yazuka Fury
SCES-53436;YetiSports Arctic Adventures
SLES-53436;YetiSports Arctic Adventures
SCPS-11018;Yoake no Mariko
SCPS-11010;Yoake no Mariko [with Microphone]
SCPS-11021;Yoake no Mariko 2nd Act
SCPS-11022;Yoake no Mariko 2nd Act
SLPM-66584;Yoake Yori Ruriiro na - Brighter than Dawning Blue
SCES-53548;Yokushin - Giga Wing Generations
SLES-53548;Yokushin - Giga Wing Generations
SLPM-62602;Yokushin - Giga Wing Generations
TCPS-10146;Yokushin - Giga Wing Generations [Taito Best]
SLPM-62713;Yokushin - Giga Wing Generations [Taito The Best]
SLPM-62489;Yoshinoya
SLPM-62608;Yoshinoya [Superlite 2000 Series]
SCAJ-20115;Yoshitsune Eiyuuden
SLPS-25553;Yoshitsune Eiyuuden Shura
SCAJ-20155;Yoshitsune Eiyuuden Syura
SCAJ-20160;Yoshitsuneki
SLPS-25523;Yoshitsuneki
SLPS-25522;Yoshitsuneki [Goukakenran Box]
SLPM-66543;Youjinbou - Unmei no Freud
SLPM-66827;Youki Hime Den
SLPM-66826;Youki Hime Den [Limited Edition]
SLPM-62442;Youkoso Hitsuji-Mura
SLUS-21149;Yourself Fitness
SLUS-21249;Yourself Fitness - Lifestyle
SLPM-66326;Ys - Napishtim no Hako
SCES-53079;Ys - The Ark of Napishtim
SLES-53079;Ys - The Ark of Napishtim
SLPM-65830;Ys - The Ark of Napishtim
SLPM-65836;Ys - The Ark of Napishtim
SLUS-20980;Ys - The Ark of Napishtim
SLPM-65829;Ys - The Ark of Napishtim [Limited Edition]
SLKA-25249;Ys - The Ark of Napishtim [with Guide Book]
SLPS-25206;Ys I-II - Eternal Story
SLPS-25205;Ys I-II - Eternal Story [Limited Edition]
TCPS-10094;Ys III - Wanderer from Ys
TCPS-10109;Ys III - Wanderer from Ys [Limited Edition]
SLPM-62532;Ys III - Wanderers from Ys [Limited Edition]
TCPS-10106;Ys IV - Mask of the Sun - A New Theory
SLPM-66360;Ys V - Lost Kefin - Kingdom of Sand
TCPS-10154;Ys V - Lost Kefin - Kingdom of Sand
SCES-53062;Yu Yu Hakuhso - Dark Tournament
SLES-53062;Yu Yu Hakuhso - Dark Tournament
SLUS-20805;Yu Yu Hakusho - Dark Tournament
SLPS-25499;Yu Yu Hakusho Forever
SLPS-73239;Yu Yu Hakusho Forever [PlayStation 2 The Best]
SLPM-66915;Yu-Gi-Oh Dual Monsters GX - Tag Force Evolution
SCES-52576;Yu-Gi-Oh! - Capsule Monster Colisee
SLES-52576;Yu-Gi-Oh! - Capsule Monster Colisee
SCES-51579;Yu-Gi-Oh! - The Duelists of the Roses
SCES-52480;Yu-Gi-Oh! - The Duelists of the Roses
SLES-51579;Yu-Gi-Oh! - The Duelists of the Roses
SLES-52480;Yu-Gi-Oh! - The Duelists of the Roses
SLPM-65222;Yu-Gi-Oh! 2 [Konami The Best]
SLPM-65613;Yu-Gi-Oh! Capsule Monster Coliseum
SLUS-20940;Yu-Gi-Oh! Capsule Monster Coliseum
SLPM-65050;Yu-Gi-Oh! Shin Duel Monsters 2
SLPM-65647;Yu-Gi-Oh! Shin Duel Monsters II - Keishou Sareshi Kioku
SLUS-21683;Yu-Gi-Oh! The Beginning of Destiny
SLUS-20515;Yu-Gi-Oh! The Duelists of the Roses
SLPS-25482;Yuki Katari [Renewal Version]
SLPM-66707;Yukinko Daisenpuu - Saiyuki to Koyuki no Hie Hie Daisoudou
SLPM-66619;Yumemishi
SLPM-66618;Yumemishi [First Print Limited Edition]
SLPS-25235;Yumeria
SLPM-66845;Yuukyuu no Sakura
SLPM-66844;Yuukyuu no Sakura [Limited Edition]
SLPM-62245;Yuusei Kara no Buttai - Episode 2
SLPM-62419;Yuusei kara no Buttai X - Episode II
SLUS-21254;Zach Bell! Mamodo Battles
SLUS-20528;Zapper - One Wicked Cricket
SCES-50974;Zapper - One Wicked Cricket!
SLES-50974;Zapper - One Wicked Cricket!
SLUS-21363;Zatch Bell! Mamodo Fury
SCES-53696;Zathura
SLES-53696;Zathura
SLUS-21336;Zathura
SCPS-19204;Zegaia - Duel Saga [PlayStation 2 The Best]
SLPS-25048;Zeonic Front - Mobile Suit Gundam 0079
SLPS-25488;Zeonic Front - Mobile Suit Gundam 0079 [Gundam the Best]
SCPS-55002;Zero
SLPS-25303;Zero - Crimson Butterfly
SLPS-73405;Zero [PlayStation 2 The Best]
SLPS-25709;Zero no Tsukaima
SLPS-20502;Zero no Tsukaima - Fantasy Force
SLPS-20507;Zero no Tsukaima - Fantasy Force 2nd Impact
SLPS-25831;Zero no Tsukaima - Muma ga Tsumugu Yokaze no Gensoukyoku
SLPS-25830;Zero no Tsukaima - Muma ga Tsumugu Yokaze no Gensoukyoku [Limited Edition]
SLPS-25825;Zero no Tsukaima [Best Collection]
SLPS-25708;Zero no Tsukaima [Limited Edition]
SLPS-25312;Zero Pilot - The Miracle in Lonely Air
SLPM-66459;Zero Pilot - Zero
SLPM-65542;Zero Shikikan Josentoki
SLPM-65811;Zero Shikikan Josentoki [Taito Best]
TCPS-10147;Zero Shikikan Josentoki Ni
TCPS-10148;Zero Shikikan Josentoki Ni [Limited Edition]
TCPS-10180;Zero Shikikan Josentoki Ni [Taito The Best]
TCPS-10084;Zero Shinkikan Josentoki
SCPS-55015;Zettai Zetsumei Toshi
SLPS-25113;Zettai Zetsumei Toshi
SCAJ-20171;Zettai Zetsumei Toshi 2 - Itetsuita Kioku Tachi
SLPS-25851;Zettai Zetsumei Toshi 2 - Itetsuita Kioku Tachi [Irem Collection]
SLPS-25606;Zettai Zetsumei Toshi 2 - Itetsuita Kioutachi
SLPS-73204;Zettai Zetsumi Toshi [PlayStation 2 The Best]
SLPM-65892;Zill O'll Infinite
SLPM-66525;Zill O'll Infinite [Koei The Best]
SLPS-25480;ZIPANG
SLPM-65749;Zoids Infinity
SLPM-66723;Zoids Infinity Fuzors [Tomy Best Collection]
SLPM-65748;Zoids Struggle
SLPM-66725;Zoids Struggle [Tomy Best Collection]
SLPM-66007;Zoids Tactics
SLPM-66724;Zoids Tactics [Tomy Best Collection]
SCES-53592;Zombie Attack
SLES-53592;Zombie Attack
SCES-54461;Zombie Hunters
SLES-54461;Zombie Hunters
SLES-54569;Zombie Hunters 2
SCES-54462;Zombie Virus
SLES-54462;Zombie Virus
SCES-53398;Zombie Zone
SLES-53398;Zombie Zone
SLPM-65019;Zone of Enders
SLPM-65018;Zone of Enders [Limited Edition]
SCES-50111;Zone of the Enders
SLES-50111;Zone of the Enders
SLUS-20148;Zone of the Enders
SCES-51113;Zone of the Enders - The 2nd Runner
SLES-51113;Zone of the Enders - The 2nd Runner
SLUS-20545;Zone of the Enders - The 2nd Runner
ULKS-25470;Zone of the Enders - The 2nd Runner [BigHits Series]
SLPM-65237;Zone of the Enders [PlayStation 2 The Best]
SCES-52533;Zoo Puzzle
SLES-52533;Zoo Puzzle
SCES-54174;Zoocube
SLES-54174;Zoocube
SLPM-62466;Zooo [Superlite 2000 Series]
SLPM-65663;Zwei!!
SLPM-66102;Zwei!! [Taito the Best]
PBPX-95235;zzz_unknown_01
PBPX-95518;zzz_unknown_02
PTPX-97038;zzz_unknown_03
SCAJ-25040;zzz_unknown_04
SCES-53361;zzz_unknown_05
SCES-54147;zzz_unknown_06
SCKA-20088;zzz_unknown_07
SCPM-62115;zzz_unknown_08
SCPM-62116;zzz_unknown_09
SCPS-20039;zzz_unknown_10
SLAJ-25054;zzz_unknown_11
SLAJ-35002;zzz_unknown_12
SLES-51213;zzz_unknown_13
SLES-52615;zzz_unknown_14
SLKA-25260;zzz_unknown_15
SLKA-25314;zzz_unknown_16
SLKA-25402;zzz_unknown_17
SLPM-62024;zzz_unknown_18
SLPM-62089;zzz_unknown_19
SLPM-65147;zzz_unknown_20
SLPM-65188;zzz_unknown_21
SLPM-65351;zzz_unknown_22
SLPM-65814;zzz_unknown_23
SLPM-66048;zzz_unknown_24
SLPM-68010;zzz_unknown_25
SLPS-20014;zzz_unknown_26
SLPS-20049;zzz_unknown_27
DVDVIDEO;DVD Player
SLPS-02210;...Iru! [The Best Takaramono]
SLPS-03086;'98 Koshien [Magical 1500 Series]
SLPM-80238;'98 Koushien
SLPS-01204;'98 Koushien: Koukou Yakyuu Simulation
SLPS-03085;'99 Koshien [Magical 1500 Series]
SLPM-80421;'99 Koushien
SLPS-02110;'99 Koushien
SLPS-01169;'Butagee' de Iinja Nai?
SLPS-01311;0 kara no Mahjong: Mahjong Youchien Tamago-gumi
SLPS-02546;0 kara no Mahjong: Mahjong Youchien Tamago-gumi
SLPS-02044;0 Kara no Shogi: Shogi Youchien Ayumi-Gumi
SLPS-01986;0 kara no Shougi: Shougi Youchien Ayumi-gumi
SLPS-02920;0 kara no Shougi: Shougi Youchien Ayumi-gumi
SLES-03355;007 Racing
SLES-03356;007 Racing
SLES-03357;007 Racing
SLUS-01300;007 Racing
SLES-02375;007: Demain ne Meurt Jamais
SLES-02376;007: Der Morgen Stirbt Nie
SLES-03136;007: Die Welt Ist Nicht Genug
SLES-03137;007: El Mundo Nunca es Suficiente
SLES-03135;007: Le Monde ne Suffit Pas
SLES-03134;007: The World Is Not Enough
SLES-03138;007: The World Is Not Enough
SLUS-00978;007: The World Is Not Enough
SLUS-01272;007: The World Is Not Enough
SLES-01324;007: Tomorrow Never Dies
SLPS-02604;007: Tomorrow Never Dies
SLUS-00975;007: Tomorrow Never Dies
SLPM-80351;1 on 1
SLPS-01706;1 on 1
SLPS-02298;1 on 1
SLPS-01730;100 Man Yen Quiz Hunter
SLES-03658;100% Star
SLES-03784;100% Star
SLPS-01054;"10101: ""Will"" the Starship"
SLPM-80643;10th Anniversary Memorial Save Data (Disc 1) (PlayStation Taiou)
LSP-990121;16 Tales 1
LSP-990122;16 Tales 2
LSP-990123;16 Tales 3
LSP-990124;16 Tales 4
SLPS-02881;19-03 Ueno Hatsu Yakou Ressha (Rerelease)
SLPM-80181;19-ji 03-pun: Ueno-hatsu Yakou Ressha
SLPS-01865;19-ji 03-pun: Ueno-hatsu Yakou Ressha
SCUS-94503;1Xtreme
SLPS-02348;20-seiki Striker Retsuden: The 20th Century's Real Strikers
SLPS-02857;20-seiki Striker Retsuden: The 20th Century's Real Strikers
SLPS-91416;20-seiki Striker Retsuden: The 20th Century's Real Strikers
SLES-03830;2002 FIFA World Cup
SLES-03831;2002 FIFA World Cup
SLES-03832;2002 FIFA World Cup
SLES-03833;2002 FIFA World Cup
SLES-03834;2002 FIFA World Cup
SLUS-01449;2002 FIFA World Cup
SCES-00400;2Xtreme
SCUS-94508;2Xtreme
SLES-03120;3, 2, 1, Smurf! My First Racing Game
SLES-02089;360 Three Sixty
SLUS-00066;3D Baseball
SLPS-00693;3D Baseball: The Majors
SLPS-01434;3D Kakutou Tkool
SCES-00009;3D Lemmings
SCUS-94601;3D Lemmings
SIPS-60002;3D Lemmings
SLPS-00461;3D Mission Shooting: Finalist
SLPS-00654;3D Shooting Tkool
SCPS-18006;3D-Kaleidoscope: Baby Universe
SLPS-00071;3x3 Eyes: Kyuusei Koushu (Disc 1)
SLPS-00072;3x3 Eyes: Kyuusei Koushu (Disc 2)
SLPS-01497;3x3 Eyes: Tenrin'ou Genmu (Disc 1)
SLPS-01498;3x3 Eyes: Tenrin'ou Genmu (Disc 2)
SLPS-01499;3x3 Eyes: Tenrin'ou Genmu (Disc 3)
SCUS-94231;3Xtreme
SCUS-94365;3Xtreme (Demo)
SLES-00095;4-4-2 Soccer
SLES-01937;40 Winks
SLES-01940;40 Winks
SLES-01941;40 Winks
SLUS-00874;40 Winks
SLED-02435;40 Winks (Demo)
SLES-02017;4x4 World Trophy
SLES-04064;5 Star Racing
SLPM-80387;70's Robot Anime: Geppy-X
SLPS-01995;70's Robot Anime: Geppy-X: The Super Boosted Armor (Disc 1)
SLPS-01996;70's Robot Anime: Geppy-X: The Super Boosted Armor (Disc 2)
SLPS-01997;70's Robot Anime: Geppy-X: The Super Boosted Armor (Disc 3)
SLPS-01998;70's Robot Anime: Geppy-X: The Super Boosted Armor (Disc 4)
SLPS-00004;A Ressha de Ikou 4: Evolution
SLPS-00011;A Ressha de Ikou 4: Evolution (Gentei Set)
SLPS-00004;A Ressha de Ikou 4: Evolution (Rev 1)
SLPS-00125;A Ressha de Ikou 4: Evolution Global
SLPS-91019;A Ressha de Ikou 4: Evolution Global
SLPS-02050;A Ressha de Ikou Z: Mezase! Tairiku Oudan
SLPS-02812;A Ressha de Ikou Z: Mezase! Tairiku Oudan
SCES-02153;A Sangre Fria (Disc 1)
SCES-12153;A Sangre Fria (Disc 2)
SCES-02152;A Sangue Freddo (Disc 1)
SCES-12152;A Sangue Freddo (Disc 2)
SLPM-87040;A Shin Megami Tensei: Devil Children: Kuro no Shoka no Sho
SLUS-00003;A-Train: Trains, Power, Money
SCES-00290;A.IV: Evolution Global
SLES-02695;A2 Racer: Europa Tour
SCPS-45153;A5: A Ressha de Ikou 5
SLPS-01120;A5: A Ressha de Ikou 5
SLPS-91124;A5: A Ressha de Ikou 5
SLPS-01280;AbalaBurn
SLPS-02095;Abe '99 (Disc 1)
SLPS-02096;Abe '99 (Disc 2)
SLPM-80175;Abe a GoGo
SLPS-01118;Abe a GoGo
SLES-01341;Absolute Football
SLPS-00061;Ace Combat
SLPS-91005;Ace Combat
SCES-00699;Ace Combat 2
SCES-00901;Ace Combat 2
SCES-00902;Ace Combat 2
SLPS-00830;Ace Combat 2
SLPS-91146;Ace Combat 2
SLUS-00404;Ace Combat 2
SCES-02066;Ace Combat 3: Electrosphere
SLUS-00972;Ace Combat 3: Electrosphere
SCPS-45397;Ace Combat 3: Electrosphere (Disc 1)
SLPS-02020;Ace Combat 3: Electrosphere (Disc 1)
SLPS-91214;Ace Combat 3: Electrosphere (Disc 1)
SCPS-45398;Ace Combat 3: Electrosphere (Disc 2)
SLPS-02021;Ace Combat 3: Electrosphere (Disc 2)
SLPS-91215;Ace Combat 3: Electrosphere (Disc 2)
SLPM-80453;Ace Combat 3: Electrosphere: Direct Audio with AppenDisc
SLUS-01470;Aces of the Air
SLPM-80430;Acid
SLPM-86589;Acid
SLPS-02119;Acid
SCPS-10131;Aconcagua (Disc 1)
SCPS-10132;Aconcagua (Disc 2)
SLES-03105;Action Bass
SLPM-86927;Action Bass
SLPS-02482;Action Bass
SLUS-01248;Action Bass
SLES-03083;Action Man: Destruction X
SLES-01761;Action Man: Mission Xtreme
SLUS-00887;Action Man: Operation Extreme
SLUS-00777;Activision Classics
SLES-00015;Actua Golf
SLPS-00298;Actua Golf
SLES-00044;Actua Golf 2
SLES-01042;Actua Golf 3
SLES-00188;Actua Ice Hockey
SLPM-86078;Actua Ice Hockey
SLES-01226;Actua Ice Hockey 2
SLES-01647;Actua Pool
SLPS-00297;Actua Soccer
SLES-00014;Actua Soccer (Rev 1)
SLES-00021;Actua Soccer 2
SLES-01028;Actua Soccer 2
SLES-01029;Actua Soccer 2
SLES-01210;Actua Soccer 3
SLES-01644;Actua Soccer 3
SLES-01645;Actua Soccer 3
SLES-01646;Actua Soccer 3
SLES-00190;Actua Soccer: Club Edition
SLES-00265;Actua Tennis
SLES-01396;Actua Tennis
PAPX-90105;Addie no Okurimono: To Moze from Addie
SCPS-10126;Addie no Okurimono: To Moze from Addie
SLES-04108;Adiboo & Paziral's Secret
SCES-03558;Adibou et L'Ombre Verte
SCUS-94502;Adidas Power Soccer
SLES-00066;Adidas Power Soccer
SLES-00189;Adidas Power Soccer
SLED-00179;Adidas Power Soccer 2
SLES-00857;Adidas Power Soccer 2
SLES-01239;Adidas Power Soccer 98
SLUS-00547;Adidas Power Soccer 98
SLED-01310;Adidas Power Soccer 98 (Demo)
SLED-01311;Adidas Power Soccer 98 (Demo)
SLES-00270;Adidas Power Soccer International '97
SLPS-03510;Adlib Ouji: ...to Fuyukai na Nakama-tachi!?
SLPS-01689;Advan Racing
SLES-00386;Advanced Dungeons & Dragons: Iron & Blood: Warriors of Ravenloft
SLUS-00378;Advanced Dungeons & Dragons: Iron & Blood: Warriors of Ravenloft
SLUS-00212;Advanced Dungeons & Dragons: Iron & Blood: Warriors of Ravenloft (Demo)
SLPM-80017;Advanced V.G.
SLPS-00208;Advanced V.G.
SLPM-87122;Advanced V.G. [Natsu-cole Series Vol.1]
SLPM-80311;Advanced V.G. 2
SLPS-01318;Advanced V.G. 2
SCUS-94906;Adventures of Lomax, The
SLPS-02367;Aerodive
SLPM-80552;Affect Taikenban Vol. 1
SLES-01875;AFL 99
SLPS-00995;Afraid Gear
SLPM-86876;Afraid Gear [Reprint]
SLPM-86834;Afraid Gear Another
SLES-00474;Agent Armstrong
SLPS-01073;Agent Armstrong: Himitsu Shirei Daisakusen
SLES-00124;Agile Warrior: F-111X
SLPS-00179;Agile Warrior: F-111X
SLUS-00023;Agile Warrior: F-111X
PTPX-97002;Aging Disk
SLPS-00462;Ãhlins Hyper-Rally
SLPS-01816;AI Igo 7
SLPS-02411;AI Mahjong 2000
SLPM-87117;AI Mahjong Selection
SLPS-00840;Ai Shogi [Reprint]
SLPS-00109;AI Shougi
SLPS-01159;AI Shougi 2
SLPS-02285;AI Shougi 2 Deluxe
SLPM-87068;AI Shougi Selection
SLPS-01409;Ai to Yuujou no Neko Monogatari. Jingle Cats: Love Para Daisakusen no Maki
SLUS-00001;Air Combat
SCES-00007;Air Combat (EDC)
SLES-03743;Air Hockey
SLUS-01467;Air Hockey
SLPS-00269;Air Management '96
SLPM-86788;Air Management [Koei Teiban Series]
SLPM-86206;Air Management [Koei the Best]
SLES-00762;Air Race
SLPS-03074;Air Race Championship [Xing Maruyasu Series Vol.8]
PCPX-96041;AirAssault: The Red Mercury Missions
SIPS-60005;AirAssault: The Red Mercury Missions
SLPS-00559;AirGrave
SLES-02137;Aironauts
SLPS-01879;AirRace Championship
SLPS-01096;Aishiau Koto Shika Dekinai
SLPS-02824;Aishiau Kotoshika Dekinai: Nothing but Loving [Playstation the Best]
SLPM-86254;Aitakute...: Your Smiles in My Heart (Disc 1)
SLPM-86255;Aitakute...: Your Smiles in My Heart (Disc 2)
SLPM-86256;Aitakute...: Your Smiles in My Heart (Disc 3)
SLPM-86257;Aitakute...: Your Smiles in My Heart (Disc 4)
SLPM-80162;Aitakute...: Your Smiles in My Heart: Oroshitate no Diary: Introduction Disc
SCPS-45302;Aizouban Houshinengi
SLPS-01863;Akagawa Jirou: Majo-tachi no Nemuri: Fukkatsusai
SLPS-01415;Akagawa Jirou: Yasoukyoku
SLPS-01462;Akagawa Jirou: Yasoukyoku
SLPS-91151;Akagawa Jirou: Yasoukyoku
SLPS-91503;Akagawa Jirou: Yasoukyoku
SLPS-03213;Akagawa Jirou: Yasoukyoku 2
SLPS-91505;Akagawa Jirou: Yasoukyoku 2 [PSOne Books]
SLPS-00619;Akazu no Ma
SLPS-03263;Akazu no ma [Reprint]
SLES-01298;Akuji the Heartless
SLUS-00715;Akuji the Heartless
SLUS-80715;Akuji the Heartless (Demo)
SLPM-86023;Akumajou Dracula X: Gekka no Yasoukyoku
SLPM-86073;Akumajou Dracula X: Gekka no Yasoukyoku
SLPM-87328;Akumajou Dracula X: Gekka no Yasoukyoku
SLPS-01925;Ãlan
SLPS-02759;Ãlan Plus
SLPS-01578;Albaria no Otome: Uruwashi no Seikishitachi
SLES-03150;Alex Ferguson's Player Manager 2001
SLES-03775;Alex Ferguson's Player Manager 2002
SLES-03290;Alexandra Ledermann 2: Equitation Competition
SLUS-00872;Alexi Lalas International Soccer
SCES-03817;Alfred Chicken
SLES-12345;Alfred Chicken (Proto)
SLPS-00636;Alice in Cyberland
SLES-02913;Alien Resurrection
SLUS-00633;Alien Resurrection
SLES-00101;Alien Trilogy
SLES-00246;Alien Trilogy
SLPS-00332;Alien Trilogy
SLUS-00007;Alien Trilogy
SLES-00288;Alien Trilogy (Demo)
SLPS-01527;Alive (Disc 1)
SLPS-01528;Alive (Disc 2)
SLPS-01529;Alive (Disc 3)
SLES-04162;All Music Dance!
SLES-04107;All Star Action (Disc 1)
SLES-14107;All Star Action (Disc 2)
SLES-03958;All Star Boxing
SLES-03740;All Star Racing
SLUS-01460;All Star Racing
SLES-03933;All Star Racing 2
SLUS-01510;All Star Racing 2
SLES-00747;All Star Soccer
SLES-03963;All Star Tennis
SLES-01433;All Star Tennis '99
SLPS-01962;All Star Tennis '99
SLED-01560;All Star Tennis '99 (Demo)
SLES-02764;All Star Tennis 2000
SLES-02765;All Star Tennis 2000
SLES-04060;All Star Watersports
SLUS-00392;All-Star Baseball 97 featuring Frank Thomas
SLPS-00993;All-Star Mahjong: Karei naru Shoubushi kara no Chousen
SLUS-01431;All-Star Slammin' D-Ball
SLES-02984;Alla Ricerca della Valle Incantata: Ritorno alla Grande Vallata
SLES-00417;Allied General
SLPS-00843;Allied General
SLUS-00303;Allied General
SLPS-00173;Alnam no Kiba: Juuzoku Juuni Shinto Densetsu
SLPM-80069;Alnam no Tsubasa: Shoujin no Sora no Kanata e
SLPS-01187;Alnam no Tsubasa: Shoujin no Sora no Kanata e (Disc 1)
SLPS-01188;Alnam no Tsubasa: Shoujin no Sora no Kanata e (Disc 2)
SLPS-01189;Alnam no Tsubasa: Shoujin no Sora no Kanata e (Disc 3)
SLPS-00141;Alone in the Dark 2
SLES-00037;Alone in the Dark: Jack Is Back
SLUS-00239;Alone in the Dark: One-Eyed Jack's Revenge
SLES-02801;Alone in the Dark: The New Nightmare (Disc 1)
SLES-02802;Alone in the Dark: The New Nightmare (Disc 1)
SLES-02803;Alone in the Dark: The New Nightmare (Disc 1)
SLES-02804;Alone in the Dark: The New Nightmare (Disc 1)
SLES-02805;Alone in the Dark: The New Nightmare (Disc 1)
SLPM-87005;Alone in the Dark: The New Nightmare (Disc 1)
SLUS-01201;Alone in the Dark: The New Nightmare (Disc 1)
SLES-12801;Alone in the Dark: The New Nightmare (Disc 2)
SLES-12802;Alone in the Dark: The New Nightmare (Disc 2)
SLES-12803;Alone in the Dark: The New Nightmare (Disc 2)
SLES-12804;Alone in the Dark: The New Nightmare (Disc 2)
SLES-12805;Alone in the Dark: The New Nightmare (Disc 2)
SLPM-87006;Alone in the Dark: The New Nightmare (Disc 2)
SLUS-01377;Alone in the Dark: The New Nightmare (Disc 2)
SCPS-10035;Alundra
SLES-01135;Alundra
SLES-01198;Alundra
SLES-01256;Alundra
SLES-01257;Alundra
SLES-01258;Alundra
SLUS-00553;Alundra
SLED-01308;Alundra (Demo)
SCPS-45449;Alundra 2
SLES-02600;Alundra 2: A New Legend Begins
SLUS-01017;Alundra 2: A New Legend Begins
SLES-02602;Alundra 2: Der Beginn einer neuen Legende
PAPX-90097;Alundra 2: Mashinka no Nazo
SCPS-10115;Alundra 2: Mashinka no Nazo
SLES-02601;Alundra 2: Une Legende Est Nee
SLES-03858;Amazing Virtual Sea-Monkeys, The
SLUS-01475;Amazing Virtual Sea-Monkeys, The
SLPS-00241;America Oudan Ultra Quiz
SLPS-01802;America Oudan Ultra Quiz
SLPS-91484;America Oudan Ultra Quiz
SLES-04037;American Pool
SLUS-01488;American Pool
SLES-02346;Amerzone, L' (Disc 1)
SLES-12346;Amerzone, L' (Disc 2)
SLES-02348;Amerzone: Das Testament des Forschungsreisenden (Disc 1)
SLES-12348;Amerzone: Das Testament des Forschungsreisenden (Disc 2)
SLES-02349;Amerzone: El Legado del Explorador (Disc 1)
SLES-12349;Amerzone: El Legado del Explorador (Disc 2)
SLES-02350;Amerzone: Il Testamento dell'Esploratore (Disc 1)
SLES-12350;Amerzone: Il Testamento dell'Esploratore (Disc 2)
SLES-02429;Amerzone: O Testamento do Explorador (Disc 1)
SLES-12429;Amerzone: O Testamento do Explorador (Disc 2)
SLES-02347;Amerzone: The Explorer's Legacy (Disc 1)
SLES-12347;Amerzone: The Explorer's Legacy (Disc 2)
PUPX-93008;Analog Controller Service Disc
PEPX-94009;Analog Controller Service Disc (Revised)
PUPX-93010;Analog Controller Service Disc (Revised)
SLES-02961;Anastasia
SLPM-80141;Ancient Roman Extra
SLPS-01108;Ancient Roman: Power of Dark Side (Disc 1)
SLPS-01109;Ancient Roman: Power of Dark Side (Disc 2)
SLES-00438;Andretti Racing
SLES-00439;Andretti Racing
SLES-00440;Andretti Racing
SLPS-00759;Andretti Racing
SLUS-00264;Andretti Racing
SLPM-80094;Angel Blade: Neo Tokyo Guardians
SLPM-86960;Angel Blade: Neo Tokyo Guardians
SLPS-00894;Angel Blade: Neo Tokyo Guardians
SLPS-00163;Angel Graffiti: Anata e no Profile
SLPS-00306;Angel Graffiti: Anata e no Profile
SLPM-86493;Angelique Duet
SLPM-86509;Angelique Duet
SLPS-01337;Angelique Duet
SLPS-01336;Angelique Duet [Premium Box]
SLPM-86189;Angelique Special
SLPM-86506;Angelique Special
SLPM-86787;Angelique Special
SLPS-00320;Angelique Special
SLPS-00517;Angelique Special
SLPM-86492;Angelique Special 2
SLPM-86508;Angelique Special 2
SLPS-00745;Angelique Special 2
SLPS-00805;Angelique Special 2
SLPM-86164;Angelique: Tenkuu no Requiem
SLPM-86165;Angelique: Tenkuu no Requiem
SLPM-86289;Angelique: Tenkuu no Requiem
SLPM-86510;Angelique: Tenkuu no Requiem
SLPM-86595;Angelique: Tenkuu no Requiem
SLES-04071;Animal Football
SLES-04036;Animal Snap: Rescue Them 2 by 2
SLES-01717;Animaniacs in Ten Pin Alley
SLUS-00784;Animaniacs: Ten Pin Alley
SLPS-01830;Animetic Story Game 1: Card Captor Sakura (Disc 1)
SLPS-01831;Animetic Story Game 1: Card Captor Sakura (Disc 2)
SLUS-01010;Animorphs: Shattered Reality
SLPS-01068;Ankh: Tutankhamen no Nazo (Disc 1)
SLPS-01069;Ankh: Tutankhamen no Nazo (Disc 2)
SCES-01833;Anna Kournikova's Smash Court Tennis (Rev 1)
SLPS-01424;Annanjarin
SLPS-01522;Ano Ko Doko no Ko
SLPS-01431;Another Memories
SLPM-80321;Another Mind
SLPS-01655;Another Mind
SLES-02563;Anstoss: Premier Manager
SLPS-02940;Ao no 6-gou: Antarctica (Disc 1)
SLPS-02941;Ao no 6-gou: Antarctica (Disc 2)
SLPM-86859;Aoki Ohkami to Shirokimejika: Genchohishi [Koei Teiban Series]
SLPM-86303;Aoki Ohkami to Shirokimejika: Genchohishi [Koei The Best]
SLPS-01579;Aoki Ookami to Shiroki Mejika: Genchou Hishi
SLPS-03564;Aozora to Nakama-tachi: Yume no Bouken Plus
SCES-01564;Ape Escape
SCES-02028;Ape Escape
SCES-02029;Ape Escape
SCES-02030;Ape Escape
SCUS-94423;Ape Escape
SCUS-94470;Ape Escape (Demo 1) (EDC)
SCUS-94489;Ape Escape (Demo 2)
SCED-02133;Ape Escape (Demo)
SCES-02031;Ape Escape: La Invasion de los Monos
SLES-00460;Apocalypse
SLES-00834;Apocalypse
SLES-00835;Apocalypse
SLES-01463;Apocalypse
SLPM-86271;Apocalypse
SLPM-86879;Apocalypse
SLUS-00373;Apocalypse
SLED-01610;Apocalypse (Demo)
SLES-03390;Aqua GT
SLPS-03095;Aqua Paradise
SLPS-00060;Aquanaut no Kyuujitsu
SLPM-80449;Aquanaut no Kyuujitsu 2
SLPS-02141;Aquanaut no Kyuujitsu 2
SLPS-02919;Aquanaut no Kyuujitsu 2
SLPS-00406;Aquanaut no Kyuujitsu: Memories of Summer 1996
SLPS-02023;Aquanaut no Kyuujitsu: Memories of Summer 1996
SCES-00241;Aquanaut's Holiday
SCUS-94603;Aquanaut's Holiday
SLPS-02731;Aquarian Age: Tokyo Wars
SCPS-10008;Arc the Lad
SCPS-91004;Arc the Lad
SCPS-91302;Arc the Lad [PSOne Books]
SLUS-01255;Arc the Lad Collection: Arc Arena: Monster Tournament
SLUS-01224;Arc the Lad Collection: Arc the Lad
SLUS-01252;Arc the Lad Collection: Arc the Lad II
SLUS-01253;Arc the Lad Collection: Arc the Lad III (Disc 1)
SLUS-01254;Arc the Lad Collection: Arc the Lad III (Disc 2)
SLUS-01256;Arc the Lad Collection: The Making of Arc the Lad
SCPS-10026;Arc the Lad II
SCPS-91071;Arc the Lad II
SCPS-91310;Arc the Lad II
PCPX-96050;Arc the Lad II: Characters & World CG Movie Collection
SCPM-85005;Arc the Lad II: Characters & World CG Movie Collection
PAPX-90093;Arc the Lad III
PAPX-90099;Arc the Lad III
PCPX-96176;Arc the Lad III
SCPS-10106;Arc the Lad III (Disc 1)
SCPS-45438;Arc the Lad III (Disc 1)
SCPS-91228;Arc the Lad III (Disc 1)
SCPS-91316;Arc the Lad III (Disc 1)
SCPS-10107;Arc the Lad III (Disc 2)
SCPS-45439;Arc the Lad III (Disc 2)
SCPS-91229;Arc the Lad III (Disc 2)
SCPS-91317;Arc the Lad III (Disc 2)
SCPS-10040;Arc the Lad: Monster Game with Casino Game (Disc 1) (Monster Game)
SCPS-10041;Arc the Lad: Monster Game with Casino Game (Disc 2) (Casino Game)
SLPS-01267;Arcade Gears: ImageFight & XMultiply
SLPS-00928;Arcade Gears: Pu-Li-Ru-La
SLPS-00927;Arcade Gears: Wonder 3
SLPM-87067;Arcade Hits: Crazy Climber
SLPM-87118;Arcade Hits: Frisky Tom
SLPM-87173;Arcade Hits: Magical Drop
SLPM-87082;Arcade Hits: Moon Cresta
SLPM-86613;Arcade Hits: Raiden
SLPM-87228;Arcade Hits: Shienryuu
SLPM-87137;Arcade Hits: Sonic Wings Special
SLPM-87255;Arcade Hits: Soukyuu Gurentai
SLPM-87145;Arcade Hits: Suiko Enbu: Outlaws of the Lost Dynasty
SLPM-87270;Arcade Hits: Wolf Fang: Kuuga 2001
SLES-02339;Arcade Party Pak
SLUS-00952;Arcade Party Pak
SLES-00466;Arcade's Greatest Hits: The Atari Collection 1
SLUS-00399;Arcade's Greatest Hits: The Atari Collection 1
SLES-00712;Arcade's Greatest Hits: The Atari Collection 2
SLUS-00449;Arcade's Greatest Hits: The Atari Collection 2
SLES-00739;Arcade's Greatest Hits: The Midway Collection 2
SLUS-00450;Arcade's Greatest Hits: The Midway Collection 2
SLPS-01438;Arcana Senki Ludo
SLES-04096;Archer Maclean's 3D Pool
SLPS-00428;Are!Mo Kore?Mo Momotarou
SLES-00578;Area 51
SLPS-00725;Area 51
SLPS-00726;Area 51
SLUS-00164;Area 51
SLES-03783;Area 51 (Midway Classics)
SLES-00748;Ark of Time
SLPM-86262;Arkanoid R 2000
SLPS-00948;Arkanoid Returns
SLPS-01598;Armed Fighter
SCES-00842;Armored Core
SCPS-45060;Armored Core
SCUS-94182;Armored Core
SLPM-80111;Armored Core
SLPM-80118;Armored Core
SLPM-80119;Armored Core
SLPS-00900;Armored Core
SLPS-03581;Armored Core
SLPS-91064;Armored Core
SLUS-01323;Armored Core (Reprint)
SLPS-91402;Armored Core [PSOne Books]
SLPM-80371;Armored Core: Master of Arena
SLPS-01855;Armored Core: Master of Arena (Disc 1)
SLPS-91188;Armored Core: Master of Arena (Disc 1)
SLPS-91444;Armored Core: Master of Arena (Disc 1)
SLUS-01030;Armored Core: Master of Arena (Disc 1)
SLPS-01856;Armored Core: Master of Arena (Disc 2)
SLPS-91189;Armored Core: Master of Arena (Disc 2)
SLPS-91445;Armored Core: Master of Arena (Disc 2)
SLUS-01081;Armored Core: Master of Arena (Disc 2)
SLPS-01130;Armored Core: Project Phantasma
SLPS-91110;Armored Core: Project Phantasma
SLPS-91424;Armored Core: Project Phantasma
SLUS-00670;Armored Core: Project Phantasma
SLES-02617;Armorines: Project S.W.A.R.M.
SLES-02726;Armorines: Project S.W.A.R.M.
SLPM-86502;Armorines: Project S.W.A.R.M.
SLUS-01022;Armorines: Project S.W.A.R.M.
SLES-02378;Army Men 3D
SLUS-00491;Army Men 3D
SLES-02498;Army Men: Air Attack
SLES-02620;Army Men: Air Attack
SLUS-00913;Army Men: Air Attack
SLES-03226;Army Men: Air Attack 2
SLES-03227;Army Men: Air Attack 2
SLES-03228;Army Men: Air Attack 2
SLES-03229;Army Men: Air Attack 2
SLES-03230;Army Men: Air Attack 2
SLUS-01132;Army Men: Air Attack 2
SLUS-01330;Army Men: Green Rogue
SLES-03231;Army Men: Land, Sea, Air
SLES-03414;Army Men: Lock 'n' Load
SLES-03431;Army Men: Omega Soldier
SLES-02855;Army Men: Operation Meltdown
SLES-02626;Army Men: Sarge's Heroes
SLES-02627;Army Men: Sarge's Heroes
SLES-02628;Army Men: Sarge's Heroes
SLES-02629;Army Men: Sarge's Heroes
SLES-02630;Army Men: Sarge's Heroes
SLUS-00914;Army Men: Sarge's Heroes
SLES-03316;Army Men: Sarge's Heroes 2
SLUS-01202;Army Men: Sarge's Heroes 2
SLES-03633;Army Men: Team Assault
SLUS-01079;Army Men: World War
SLUS-01327;Army Men: World War: Final Front
SLUS-01203;Army Men: World War: Land, Sea, Air
SLUS-01435;Army Men: World War: Team Assault
SLPM-87186;Art Camion Geijutsuden [Taito the Best]
SLPS-02405;Art Camion: Geijutsuden
SLPS-02710;Art Camion: Sugorokuden
SLPM-80144;Artdink Preview
SLPS-00363;Arthur to Astaroth no Nazo Makaimura: Incredible Toons
SLUS-01090;Arthur! Ready to Race
SLUS-90010;ASCII Entertainment Demo CD
SLPM-80289;ASCII Zanmai
SLUS-90027;Asciiware Training CD
SLPS-03540;Asonde AIUEO
SLPS-03542;Asonde Chinou Up
SLPS-03541;Asonde Kazu Suuji
SLED-01533;Assault
SLES-01244;Assault
SCUS-94405;Assault Rigs
SLES-00093;Assault Rigs
SLPS-00512;Assault Rigs
SLPM-86458;Assault Soldier [SuperLite 1500 Series]
SCPS-45420;Assault Suits Valken 2
SLPM-80452;Assault Suits Valken 2
SLPM-86872;Assault Suits Valken 2
SLPS-00854;Assault Suits Valken 2
SLUS-00713;Assault: Retribution
SLES-01416;Asterix
SLES-01748;Asterix
SLES-02474;Asterix & Obelix contro Cesare
SLES-02092;Asterix & Obelix Take On Caesar
SLES-02473;Asterix & Obelix Take On Caesar
SLES-02475;Asterix & Obelix Take On Caesar
SLES-03324;Asterix: Mega Madness
SLED-03446;Asterix: Mega Madness (Demo)
SLES-01418;Asteroids
SLES-01468;Asteroids
SLES-01469;Asteroids
SLES-01470;Asteroids
SLUS-00773;Asteroids
SLPS-01862;Astro Trooper Vanark
SLPM-80278;Astronoka
SLPM-86107;Astronoka
SLPM-86088;Astronoka (Disc 1)
SLPS-00849;Asuka 120% Excellent: Burning Fest. Excellent
SLPS-02074;Asuka 120% Final: Burning Fest. Final
SLPS-00231;Asuka 120% Special: Burning Fest. Special
SLPS-01097;Asuncia: Majou no Jubaku
SLPS-03075;Asuncia: Strategic Fantasy Role Playing Game [Xing Maruyasu Series 9]
SLES-03808;Atari Anniversary Edition Redux
SLUS-01427;Atari Anniversary Edition Redux
SLED-02251;Atari Demo Disk
SLPS-01751;Atelier Elie: Elie no Atelier: Salburg no Renkinjutsushi 2
SLPS-91180;Atelier Elie: Elie no Atelier: Salburg no Renkinjutsushi 2
SLPS-00263;Athena no Kateiban: Family Games
SLPS-02751;Athena no Kateiban: Family Games
SLPM-80413;Athena: Awakening from the Ordinary Life
SLPM-86185;Athena: Awakening from the Ordinary Life (Disc 1)
SLPM-86186;Athena: Awakening from the Ordinary Life (Disc 2)
SLPM-86187;Athena: Awakening from the Ordinary Life (Disc 3)
SLES-01603;Atlantis: Das sagenhafte Abenteuer (Disc 1)
SLES-11603;Atlantis: Das sagenhafte Abenteuer (Disc 2)
SLES-21603;Atlantis: Das sagenhafte Abenteuer (Disc 3)
SLES-01602;Atlantis: Secrets d'un Monde Oublie (Disc 1)
SLES-11602;Atlantis: Secrets d'un Monde Oublie (Disc 2)
SLES-21602;Atlantis: Secrets d'un Monde Oublie (Disc 3)
SLES-01604;Atlantis: Segreti d'un Mondo Perduto (Disc 1)
SLES-11604;Atlantis: Segreti d'un Mondo Perduto (Disc 2)
SLES-21604;Atlantis: Segreti d'un Mondo Perduto (Disc 3)
SLES-04066;Atlantis: The Lost Continent
SLES-01291;Atlantis: The Lost Tales (Disc 1)
SLES-01605;Atlantis: The Lost Tales (Disc 1)
SLES-11291;Atlantis: The Lost Tales (Disc 2)
SLES-11605;Atlantis: The Lost Tales (Disc 2)
SLES-21291;Atlantis: The Lost Tales (Disc 3)
SLES-21605;Atlantis: The Lost Tales (Disc 3)
SLPM-80224;Atlus Shinsaku Title Demo CD-ROM
SLES-01718;Attack of the Saucerman
SLES-04099;ATV Mania
SLUS-01545;ATV Mania
SLES-04059;ATV Racers
SLUS-01572;ATV Racers
SLES-02822;ATV: Quad Power Racing
SLPM-86636;ATV: Quad Power Racing
SLUS-01137;ATV: Quad Power Racing
SLPM-80053;Aubirdforce
SLPS-00533;Aubirdforce
SLPS-00546;Aubirdforce
SLPS-01606;Aubirdforce: After
SLPS-03257;Aura Battler Dunbine [Bandai The Best]
SLPS-02390;Aura Battler Dunbine: Seisenshi Densetsu
SLES-03945;Austin Powers Pinball
SLUS-01456;Austin Powers Pinball
SCED-01570;Australian Summer Special
SLES-00909;Auto Destruct
SLUS-00522;Auto Destruct
SLES-02341;Autobahn Raser II
SCED-01306;Autorennen Spezial '98
SCED-00273;Autumn-Christmas Releases '96
SLPS-00946;Ayakashi Ninden Kunoichiban (Disc 1)
SLPS-00947;Ayakashi Ninden Kunoichiban (Disc 2)
SLES-00493;Ayrton Senna Kart Duel
SLPS-00380;Ayrton Senna Kart Duel
SLES-01024;Ayrton Senna Kart Duel 2
SLPS-01659;Ayrton Senna Kart Duel Special
SLPS-01072;Ayrton Senna KartDuel 2
SLPM-87284;Azito
SLPS-00683;Azito
SLPS-01526;Azito 2
SLPS-02496;Azito 3
SLES-03052;Aztec: The Curse in the Heart of the City of Gold
SLES-03053;Aztec: The Curse in the Heart of the City of Gold
SLES-03109;Aztec: The Curse in the Heart of the City of Gold
SLPS-03424;Azumanga Donjara Daiou
SLES-01219;Azure Dreams
SLUS-00614;Azure Dreams
SLPM-80138;B Senjou no Alice: Alice on Borderlines
SLPS-01003;B Senjou no Alice: Alice on Borderlines (Disc 1)
SLPS-01004;B Senjou no Alice: Alice on Borderlines (Disc 2)
SLPS-01005;B Senjou no Alice: Alice on Borderlines (Disc 3)
SLES-01260;B-Movie
SLES-01550;B-Movie
PAPX-90050;B. L. U. E.: Legend of Water
SLPM-80243;B. L. U. E.: Legend of Water
SLPS-01459;B. L. U. E.: Legend of Water
SLES-03991;Baby Felix Tennis
SCES-00982;Baby Universe
PAPX-90088;Back to School Special: PlayStation Demo Disc
SLPS-01782;Backgammon
SLPS-03228;Backgammon
SLPS-02729;Backgammon 2000
SLPM-86733;Backgammon 2000 [Reprint]
SLPS-01446;BackGuiner: Yomigaeru Yuusha-tachi: Hishou-hen: Uragiri no Senjou (Disc 1)
SLPS-01447;BackGuiner: Yomigaeru Yuusha-tachi: Hishou-hen: Uragiri no Senjou (Disc 2)
SLPS-01217;BackGuiner: Yomigaeru Yuusha-tachi: Kakusei-hen: Guiner Tensei (Disc 1)
SLPS-01218;BackGuiner: Yomigaeru Yuusha-tachi: Kakusei-hen: Guiner Tensei (Disc 2)
SLPS-01448;BackGuiner: Yomigaeru Yuusha-tachi: Service Disc
SLUS-00659;Backstreet Billiards
SLUS-01094;Backyard Soccer
SLPM-86118;Bakumatsu Roman: Gekka no Kenshi
SLPM-86436;Bakumatsu Roman: Gekka no Kenshi
SCPS-45382;Bakumatsu Roman: Gekka no Kenshin (The Last Blade)
SLPS-00541;Bakuretsu Hunter: Mahjong Special
SLPS-00718;Bakuretsu Hunter: Sorezore no Omoi ... Nowaanchatte
SLPS-03437;Bakuretsu Soccer
SLPS-02429;Bakuryuu
SLPS-00158;Bakushou!! All Yoshimoto Quiz-ou Kettei-sen DX
SCPS-45264;Bakusou Dekotora Densetsu (Art Truck Battle): Otoko Ippiki Yume Kaidou
SLPS-91172;Bakusou Dekotora Densetsu (Art Truck Battle): Otoko Ippiki Yume Kaidou [PlayStation the Best]
SLPM-80506;Bakusou Dekotora Densetsu 2: Otoko Jinsei Yume Ichiro
SLPS-02465;Bakusou Dekotora Densetsu 2: Otoko Jinsei Yume Ichiro
SLPS-91219;Bakusou Dekotora Densetsu 2: Otoko Jinsei Yume Ichiro
SLPS-01441;Bakusou Dekotora Densetsu: Otoko Ippiki Yume Kaidou
SLPS-01489;Bakusou Kyoudai Let's & Go!! Eternal Wings
SLPS-02093;Bakusou Kyoudai Let's & Go!!: Eternal Wings [Rerelease]
SLPM-87130;Bakuten Shoot Beyblade 2002: Bey Battle Tournament 2
SLPM-87131;Bakuten Shoot Beyblade 2002: Beybattle Tournament 2
SLPM-86980;Bakuten Shoot Beyblade: Bey Battle Tournament
SLES-04091;Baldies
SLUS-01567;Baldies
SLUS-01037;Baldur's Gate (Disc 3)
SLPS-01074;Baldy Land
SLUS-01249;Ball Breakers
SLES-00592;BallBlazer Champions
SLES-00641;BallBlazer Champions
SLES-00647;BallBlazer Champions
SLES-00651;BallBlazer Champions
SLPS-00796;BallBlazer Champions
SLUS-00068;BallBlazer Champions
SLES-04017;Ballerburg
SLES-04018;Ballerburg
SLUS-01568;Ballerburg: Castle Chaos
SLES-02701;Ballistic
SLUS-00966;Ballistic
SCES-00348;Baphomets Fluch
SCES-00800;Baphomets Fluch II: Die Spiegel der Finsternis
SCES-02366;Barbie: Aventure Equestre
SLES-03693;Barbie: Aventuriere
SLES-03695;Barbie: Esploratrice
SLES-03692;Barbie: Explorer
SLES-03694;Barbie: Explorer
SLES-03696;Barbie: Explorer
SLUS-01361;Barbie: Explorer
SLUS-01569;Barbie: Gotta Have Games
SCES-02365;Barbie: Race & Ride
SCES-02367;Barbie: Race & Ride
SCES-02368;Barbie: Race & Ride
SCES-02369;Barbie: Race & Ride
SLUS-00981;Barbie: Race & Ride
SCES-02488;Barbie: Sports Extreme
SCES-02489;Barbie: Super Sport
SCES-02487;Barbie: Super Sports
SCES-02490;Barbie: Super Sports
SCES-02491;Barbie: Super Sports
SLUS-00946;Barbie: Super Sports
SLES-02615;Barca Manager 2000
SLPS-02187;Bardysh: Kromeford no Juunin
SLPM-86341;Baroque
SLPM-86540;Baroque Syndrome
SLPM-86939;Baroque Syndrome
SLPM-86328;Baroque: Yuganda Mousou
SLPM-86759;Baroque: Yuganda Mousou
SLPS-00687;Baseball Navigator
SLPS-01123;Baseball Navigator
SLPM-86650;Baseball Simulation: ID Pro Yakyuu
SLPS-03055;Baseball: Pro-nami Kusayakyuu!
SLUS-00086;Bases Loaded '96: Double Header
SLPS-01304;Bass Fisherman: Texas
SLPM-80354;Bass Landing
SLPS-01765;Bass Landing
SLPS-03204;Bass Landing
SLUS-00873;Bass Landing
SLPS-02646;Bass Landing 2
SLPS-02647;Bass Landing 2
SLPS-91223;Bass Landing 2 [PlayStation the Best]
SLPS-01764;Bass Landing: Special Fishing Set
SLUS-00905;Bass Rise
SLPS-01914;Bass Tsuri ni Ikou!
SLPS-02859;Bassing Beat 2
SLPM-80051;Bastard!! Utsuronaru Kamigami no Utsuwa
SLPS-00542;Bastard!! Utsuronaru Kamigami no Utsuwa
SLES-00102;Batman & Robin
SLES-01220;Batman & Robin
SLUS-00393;Batman & Robin
SLUS-01207;Batman Beyond: Return of the Joker
SLES-00525;Batman Forever: The Arcade Game
SLPS-00698;Batman Forever: The Arcade Game
SLUS-00387;Batman Forever: The Arcade Game
SLES-02902;Batman of the Future: Return of the Joker
SLES-02874;Batman: Gotham City Racer
SLUS-01141;Batman: Gotham City Racer
SLPS-00485;Battle Arena Nitoushinden
SCES-00002;Battle Arena Toshinden
SCUS-94003;Battle Arena Toshinden
SCUS-94200;Battle Arena Toshinden
SCES-00232;Battle Arena Toshinden 2
SLUS-00220;Battle Arena Toshinden 2
SCES-00700;Battle Arena Toshinden 3
SLUS-00483;Battle Arena Toshinden 3
SLPS-00200;Battle Arena Toushinden 2
SLPS-91006;Battle Arena Toushinden 2 Plus
SLPM-80028;Battle Arena Toushinden 2: Gyouten Kyougaku no Shishoku-ban
SLPS-00650;Battle Arena Toushinden 3
SLPM-86525;Battle Athletess: Daiundoukai Alternative
SLPS-01133;Battle Athletess: Daiundoukai Alternative
SLPM-86526;Battle Athletess: Daiundoukai GTO (Grand Trial Onnanoco)
SLPS-01548;Battle Athletess: Daiundoukai GTO (Grand Trial Onnanoco)
SLPM-80361;Battle Bombee
SLPS-02457;Battle Bombee 2: Sukkiri Momoaji
SLPS-00991;Battle Bugs
SLPS-00968;Battle Formation
SLUS-01335;Battle Hunter
SLPS-01779;Battle Konchuuden
SLPM-86519;Battle Master
SLPS-01064;Battle Master
SLES-00662;Battle Stations
SLUS-00456;Battle Stations
SLPS-01127;BattleRound USA
SLES-00628;BattleSport
SLUS-00389;BattleSport
SLES-02773;BattleTanx: Global Assault
SLES-02774;BattleTanx: Global Assault
SLUS-01044;BattleTanx: Global Assault
SLES-02977;BDFL Manager 2001
SLES-03605;BDFL Manager 2002
SCPS-10138;Bealphareth
SLES-00709;Beast Wars: Transformers
SLUS-00508;Beast Wars: Transformers
SLED-01339;Beast Wars: Transformers (Demo)
SLPM-86126;Beat Mania (Disc 1) (Arcade)
SLPM-86390;Beat Mania (Disc 1) (Arcade)
SLPM-86127;Beat Mania (Disc 2) (Append)
SLPM-86391;Beat Mania (Disc 2) (Append)
SLPM-86156;Beat Mania 3rd Mix Mini
SLPM-86184;Beat Mania Append 3rdMix
SCPS-45403;Beat Mania Append GottaMix
SLPM-86229;Beat Mania Append GottaMix
SLPM-86574;Beat Mania Append GottaMix 2: Going Global
SLPM-86769;Beat Mania: The Sound of Tokyo
PCPX-96193;Beat Planet Music
SCPS-18013;Beat Planet Music
SCED-01991;Beat-Em-Up Special
SCED-01643;Beat-Em-Up Speziale
SLES-02096;Beatmania
SLPM-87012;Beatmania 6thMix + Core Remix
SCPS-45370;Beatmania Append 3rd Mix
SCPS-45419;Beatmania Append 4th Mix
SLPM-86266;Beatmania Append 4thMix: The Beat Goes On
SLPM-86322;Beatmania Append 5thMix: Time to Get Down
SLPM-86692;Beatmania Append Club Mix
SLPM-86596;Beatmania Best Hits
SLPM-86830;Beatmania Best Hits [Konami the Best]
SLPM-86597;Beatmania featuring Dreams Come True
SLPM-86938;Beatmania: The Sound of Tokyo [Konami the Best]
SLPS-01219;Beavis and Butt-Head: Virtual Aho Shoukougun
SLES-00334;Bedlam
SLPS-00581;Beltlogger 9
SLPS-00582;Beltlogger 9
SLPS-91462;Beltlogger 9 [PSOne Books]
SCUS-94286;Best Buy Demo CD
SCUS-94668;Best Buy Greatest Hits Demo Disc: Volume One
SCED-02420;Best Horror Games Ever Demo
SCUS-94261;Best of PlayStation Underground Year One, The
SCED-02421;Best Sports Games Ever
SCED-03167;Best Sports Games Ever 2000
SLES-04093;Beyblade
SLUS-01489;Beyblade
PAPX-90005;Beyond the Beyond
SCUS-94702;Beyond the Beyond
SCPS-10014;Beyond the Beyond: Haruka naru Kanaan e
SLPS-00566;BFS: Blue Forest Story: Kaze no Fuuin
SLES-01513;Big Air
SLES-01531;Big Air
SLUS-00645;Big Air
SLES-03847;Big Bass Fishing
SLUS-01442;Big Bass Fishing
SLUS-00228;Big Bass World Championship (Rev 1)
SLPS-00459;Big Challenge Golf: Tokyo Yomiuri Country Club-hen
SLUS-01527;Big League Slugger Baseball
SLUS-01259;Big Ol' Bass 2
SLES-04025;Big Strike Bowling
SLUS-01478;Big Strike Bowling
SLUS-01289;Billiards
SLES-01316;Bio F.R.E.A.K.S.
SLUS-00502;Bio F.R.E.A.K.S.
SLPM-80027;Bio Hazard
SLPM-86770;Bio Hazard
SLPS-00222;Bio Hazard
SLPS-00998;Bio Hazard: Director's Cut
SLPS-01512;Bio Hazard: Director's Cut: Dual Shock Ver.
SLPS-01513;Bio Hazard: Director's Cut: Dual Shock Ver. Complete Disc
SLPS-00999;Biohazard 2
SLPS-01222;Biohazard 2 (Disc 1) (Leon-hen)
SLPS-01223;Biohazard 2 (Disc 2) (Claire-hen)
SLPS-01510;Biohazard 2: Dual Shock Ver. (Disc 1) (Leon-hen)
SLPS-01511;Biohazard 2: Dual Shock Ver. (Disc 2) (Claire-hen)
SLPM-80485;Biohazard 3: Last Escape
SLPM-87224;Biohazard 3: Last Escape
SLPS-02300;Biohazard 3: Last Escape
SLPM-86749;Biohazard: Gun Survivor
SLPS-02553;Biohazard: Gun Survivor
SLES-02537;Bishi Bashi Special
SLPM-86123;Bishi Bashi Special
SLPM-86825;Bishi Bashi Special [Konami The Best]
SLPM-87206;Bishi Bashi Special [PSOne Books]
SLPM-86267;Bishi Bashi Special 2
SLPM-86925;Bishi Bashi Special 2 [Konami The Best]
SLPM-87207;Bishi Bashi Special 2 [PSOne Books]
SLPM-86539;Bishi Bashi Special 3: Step Champ
SLPM-87208;Bishi Bashi Special 3: Step Champ [PSOne Books]
SLPS-00941;Bishoujo Hanafuda Kikou: Michinoku Hitou Koi Monogatari
SLPM-86680;Bishoujo Ren'ai Mahjong Series 2nd: Shiritsu Houou Gakuen: 1-nen Jun'ai-gumi
SLPM-86716;Bishoujo Ren'ai Mahjong Series 2nd: Shiritsu Houou Gakuen: 2-nen Junjou-gumi
SLPM-86414;Bishoujo Ren'ai Mahjong Series: Karan Koron Gakuen: Doki Doki-hen
SLPM-86468;Bishoujo Ren'ai Mahjong Series: Karan Koron Gakuen: Munekyun-hen
SLPM-86474;Bishoujo Ren'ai Mahjong Series: Karan Koron Gakuen: Pure Love-hen
SLPS-00260;Bishoujo Senshi Sailor Moon SuperS: Shin Shuyaku Soudatsusen
SLPS-00262;Bishoujo Senshi Sailor Moon SuperS: Shin Shuyaku Soudatsusen
SLUS-00648;Black Bass with Blue Marlin
SLES-00407;Black Dawn
SLPS-00663;Black Dawn
SLUS-00321;Black Dawn
SLPS-02962;Black/Matrix + (Disc 1)
SLPS-03415;Black/Matrix + (Disc 1)
SLPS-02963;Black/Matrix + (Disc 2)
SLPS-03416;Black/Matrix + (Disc 2)
SLPS-03571;Black/Matrix 00 (Disc 1)
SLPS-03573;Black/Matrix 00 (Disc 1)
SLPS-03572;Black/Matrix 00 (Disc 2)
SLPS-03574;Black/Matrix 00 (Disc 2)
SLPS-01983;Blackjack vs. Matsuda Jun
SLES-03213;Blade
SLES-03214;Blade
SLES-03215;Blade
SLUS-01215;Blade
SLPM-86602;Blade Arts: Tasogare no Miyako R'lyeh
SLPS-01795;Blade Maker
SCPS-45067;Blam! Machinehead
SLES-00349;Blam! Machinehead
SLES-00350;Blam! Machinehead
SLES-00351;Blam! Machinehead
SLPS-00798;Blam! Machinehead
SLES-00476;Blast Chamber
SLUS-00219;Blast Chamber
SLUS-01380;Blast Lacrosse
SLES-01169;Blast Radius
SLES-01192;Blast Radius
SLUS-00642;Blast Radius
SLED-01272;Blast Radius (Demo)
SLPS-02617;Blaster Master
SLPS-03269;Blaster Master
SLES-02273;Blaster Master: Blasting Again
SLUS-01031;Blaster Master: Blasting Again
SCES-01224;Blasto
SCUS-94412;Blasto
SLPS-01576;Blaze & Blade Busters
SLES-00845;Blaze & Blade: Eternal Quest
SLES-01274;Blaze & Blade: Eternal Quest
SLPS-01209;Blaze & Blade: Eternal Quest
SLES-00247;Blazing Dragons
SLES-00305;Blazing Dragons
SLES-00306;Blazing Dragons
SLUS-00100;Blazing Dragons
SLPS-02818;Blend x Brand: Odekake Gousei RPG
SLPS-03224;Blend x Brand: Odekake Gousei RPG
SLES-04067;Block Buster
SLPM-87236;Block Kuzushi
SLPS-02578;Block Kuzushi 2
SLPS-00353;Block Kuzushi: Deden no Gyakushuu
SLPS-03042;Block Kuzushi: Kowashite Help!
SLPM-80619;Block Wars
SLPS-03219;Block Wars
SCED-00877;Blockbuster Playstation Challenge
SLES-04003;Blockids
SLPS-00205;Blockids
SLPS-00206;Blockids
SLUS-01496;Blockids
SLPS-00235;Blood Factory
SCES-01443;Blood Lines
SLES-00075;Blood Omen: Legacy of Kain
SLES-00522;Blood Omen: Legacy of Kain
SLES-00523;Blood Omen: Legacy of Kain
SLUS-00027;Blood Omen: Legacy of Kain
SCUS-94199;Bloody Roar
SCPS-45374;Bloody Roar 2: Bringer of the New Age
SLES-01722;Bloody Roar 2: Bringer of the New Age
SLPM-80373;Bloody Roar 2: Bringer of the New Age
SLPS-01842;Bloody Roar 2: Bringer of the New Age
SLED-01928;Bloody Roar 2: Bringer of the New Age (Demo)
SCUS-94424;Bloody Roar II
SCPS-45129;Bloody Roar: Hyper Beast Duel
SLES-01010;Bloody Roar: Hyper Beast Duel
SLPM-80155;Bloody Roar: Hyper Beast Duel
SLPS-01070;Bloody Roar: Hyper Beast Duel
SLPS-91157;Bloody Roar: Hyper Beast Duel
SLED-00108;Bloody Roar: Hyper Beast Duel (Demo)
SLPS-01502;Blue Breaker Burst: Bishou o Anata to
SLPM-86648;Blue Breaker Burst: Egao no Asu ni
SLPS-01580;Blue Breaker Burst: Egao no Asu ni
SLPM-86647;Blue Breaker Burst: Hohoemi o Anata to
SLPS-01469;Blue Breaker Burst: Hohoemi o Anata to
SLPM-86646;Blue Breaker: Egao no Yakusoku
SLPS-01122;Blue Breaker: Egao no Yakusoku
SLES-03570;Blue's Clues: Blue's Big Musical
SLUS-01198;Blue's Clues: Blue's Big Musical
SLED-01054;BMG Demos
SLUS-01333;Board Game: Top Shop
SLES-03674;Bob Aggiustatutto
SLES-03798;Bob le Bricoleur: Reparer C'est Gagne!
SLES-02856;Bob the Builder: Can We Fix It
SLUS-01407;Bob the Builder: Can We Fix It
SLPS-00865;Body Hazard
SCUS-94307;Bogey: Dead 6
SLPM-87024;Boku no Choro Q
SCPS-10088;Boku no Natsuyasumi: Summer Holiday 20th Century
SCPS-91232;Boku no Natsuyasumi: Summer Holiday 20th Century
SLPS-02514;Boku wa Koukuu Kanseikan
SLPS-02489;Bokujou Monogatari: Harvest Moon
SLPS-91218;Bokujou Monogatari: Harvest Moon
SLPS-03087;Bokujou Monogatari: Harvest Moon for Girl
SLPS-91525;Bokujou Monogatari: Harvest Moon for Girl
SCPS-45368;Bomberman
SLES-01893;Bomberman
SLPM-86844;Bomberman
SLPS-01717;Bomberman
SLES-01712;Bomberman Fantasy Race
SLPM-87102;Bomberman Fantasy Race
SLPS-01525;Bomberman Fantasy Race
SLPS-91138;Bomberman Fantasy Race
SLUS-00823;Bomberman Fantasy Race
SLPM-87080;Bomberman Land
SLPM-87364;Bomberman Land
SLPS-03002;Bomberman Land
SCPS-45225;Bomberman Wars
SLPS-01347;Bomberman Wars
SCES-01078;Bomberman World
SCPS-45168;Bomberman World
SLPS-01155;Bomberman World
SLPS-91149;Bomberman World
SLUS-00680;Bomberman World
SLUS-01189;Bomberman: Party Edition
SLES-03163;Bombing Islands, The
SLUS-01292;Bombing Islands, The
SLPS-00333;Bonogurashi: Kore de Kanpeki Disu
SLUS-00968;BoomBots
SLUS-00049;Bottom of the 9th
SLUS-00296;Bottom of the 9th '97
SLUS-00678;Bottom of the 9th '99
SLPM-86004;Bottom of the 9th: Major League Heroes
SCES-00799;Boucliers de Quetzalcoatl, Les: Les Chevaliers de Baphomet II
SLPS-00907;Boundary Gate: Daughter of Kingdom
SLPM-86735;Bounty Hunter Sara: Holy Mountain no Teiou
SLPM-80101;Bounty Sword First
SLPM-86614;Bounty Sword First
SLPS-00757;Bounty Sword First
SLPM-86625;Bounty Sword: Double Edge
SLPS-01479;Bounty Sword: Double Edge
SLUS-01288;Bowling
SLES-02324;Box Champions 2000
SLES-03123;Box Champions 2001
SLES-01451;Box-Champions
SLPS-00033;Boxer's Road
SLPS-91007;Boxer's Road
SLUS-01309;Boxing
SLPS-00779;Boys Be...
SLPS-01705;Boys Be... 2nd Season
SLES-00754;Brahma Force
SLUS-00444;Brahma Force: The Assault on Beltlogger 9
SLPS-00514;BrainDead 13 (Disc 1)
SLUS-00083;BrainDead 13 (Disc 1)
SLPS-00515;BrainDead 13 (Disc 2)
SLUS-00171;BrainDead 13 (Disc 2)
SLES-03992;Bratz: Dress Up, Get Down and Be a Bratz Superstar!
SLUS-01508;Bratz: Dress Up, Get Down and Be a Bratz Superstar!
SLUS-00726;Brave Fencer Musashi
SCPS-45291;Brave Fencer Musashiden
SLPM-80262;Brave Fencer Musashiden
SLPS-01490;Brave Fencer Musashiden
SLPS-02769;Brave Fencer Musashiden
SLPS-01316;Brave Prove
SLPS-02580;Brave Saga 2 (Disc 1)
SLPS-02581;Brave Saga 2 (Disc 2)
SLPS-02314;Brave Saga 2: Koushiki Data Disc: Yuusha no Akashi 2
SLPS-02889;Brave Sword
SLUS-00488;Bravo Air Race
SLES-00258;Break Point
SLPM-86044;Break Point
SLPS-00129;Break Thru!
SLPS-02375;Break Volley
SLUS-01170;Breakout
SLES-02854;Breakout: A Story of Bat Meets Ball...!
SLES-01304;Breath of Fire III
SLES-01319;Breath of Fire III
SLES-01320;Breath of Fire III
SLPM-80115;Breath of Fire III
SLPS-00990;Breath of Fire III
SLUS-00422;Breath of Fire III
SLPM-86720;Breath of Fire III [PlayStation the Best]
SLES-03552;Breath of Fire IV
SLUS-01324;Breath of Fire IV
SLPS-02728;Breath of Fire IV (Beta)
SLPM-87159;Breath of Fire IV: Utsurowazaru Mono
SLPM-87054;Breed Master
SLPM-86087;Breeding Stud 2
SLPM-86012;Breeding Stud: Bokujou de Aimashou
SLES-00759;Brian Lara Cricket
SLPS-01107;Brigandine: Gensou Tairiku Senki
SLPS-02661;Brigandine: Grand Edition (Disc 1)
SLPS-02662;Brigandine: Grand Edition (Disc 2)
SLUS-00687;Brigandine: The Legend of Forsena
SCPS-10105;Brightis
SLES-00873;Broken Helix
SLES-00962;Broken Helix
SLPM-86065;Broken Helix
SLUS-00289;Broken Helix
SCES-00801;Broken Sword II: La Profezia dei Maya
SCES-00802;Broken Sword II: Las Fuerzas del Mal
SCES-00798;Broken Sword II: The Smoking Mirror
SLUS-00812;Broken Sword II: The Smoking Mirror
SCES-00414;Broken Sword: La Leyenda de los Templarios
SCES-00346;Broken Sword: The Shadow of the Templars
SCES-00468;Broken Sword: The Shadow of the Templars
SLUS-00484;Broken Sword: The Shadow of the Templars
SLES-01376;Brunswick Circuit Pro Bowling
SLUS-00571;Brunswick Circuit Pro Bowling
SLES-02618;Brunswick Circuit Pro Bowling 2
SLUS-00856;Brunswick Circuit Pro Bowling 2
SLES-00458;Bubble Bobble 2: Bubble Symphony
SLES-00448;Bubble Bobble also featuring Rainbow Islands
SLUS-00370;Bubble Bobble also featuring Rainbow Islands
SLPS-01710;Bubblegun Kid
SLES-00122;Bubsy 3D: Furbitten Planet
SLUS-00110;Bubsy 3D: Furbitten Planet
SLPS-01105;Buckle Up!
SLES-00174;Buggy (EDC)
SLPM-86133;Bugi
SLES-00875;Bugriders: The Race of Kings
SLUS-00354;Bugriders: The Race of Kings
SLES-02896;Bugs Bunny & Taz: Time Busters
SLUS-01144;Bugs Bunny & Taz: Time Busters
SLES-01726;Bugs Bunny: Lost in Time
SLUS-00838;Bugs Bunny: Lost in Time
SLED-02125;Bugs Bunny: Lost in Time (Demo)
SLUS-90058;Bugs Bunny: Lost in Time (Demo)
SLUS-01086;Builder's Block
SLPS-00497;Building Crush!
SLES-02564;Bundesliga 2000: Der Fussball-Manager
SLES-02143;Bundesliga Stars 2000
SLES-03065;Bundesliga Stars 2001
SLPM-86853;Burger Burger [Rerelease]
SLPM-86246;Burger Burger 2
SLPM-86804;Burger Burger 2
SLPS-00888;Burger Burger: Hamburger Simulation
SLPS-91103;Burger Burger: Hamburger Simulation
SLES-00345;Burning Road
SLPS-00518;Burning Road
SLUS-00324;Burning Road
SLUS-90002;Burning Road (Demo)
SLES-03338;BursTrick: Wake Boarding!!
SLPS-02792;BursTrick: Wake Boarding!!
SLUS-01317;BursTrick: Wake Boarding!!
SCES-00899;Bushido Blade
SCPS-45028;Bushido Blade
SCUS-94180;Bushido Blade
SLPM-86020;Bushido Blade
SLPM-87403;Bushido Blade
SCPS-45187;Bushido Blade 2
SLPS-01294;Bushido Blade 2
SLUS-00663;Bushido Blade 2
SLPM-87404;Bushido Blade 2 [Legendary Hits]
SCUS-94263;Bust A Groove
SCUS-94376;Bust A Groove (Demo)
SLUS-01159;Bust A Groove 2
SLPS-01237;Bust A Move
SLPS-01232;Bust A Move (Disc 1)
SLPS-01233;Bust A Move (Disc 2) (Premium CD-ROM)
SLPM-80410;Bust A Move 2: Dance Tengoku Mix
SLPM-86219;Bust A Move 2: Dance Tengoku Mix
PAPX-90028;Bust-A-Groove
SCES-01313;Bust-A-Groove (Beta)
SLUS-00725;Bust-A-Move '99
SLES-00278;Bust-A-Move 2: Arcade Edition
SLUS-00233;Bust-A-Move 2: Arcade Edition
SLES-04153;Bust-A-Move 2: Arcade Edition (Reprint)
SLES-00991;Bust-A-Move 3 DX
SLES-14153;Bust-A-Move 3 DX (Reprint)
SLES-01389;Bust-A-Move 4
SLUS-00754;Bust-A-Move 4
SLUS-00208;Buster Bros. Collection
SLES-04104;Buttsubushi
SLPS-03162;Buttsubushi
SLES-03562;Byggare Bob: Kan Vi Fixa Det
SLES-03564;Byggemand Bob: Kan Vi Klare Det
SLES-03563;Byggmester Bob: Kan Det Fikses
SCES-03364;C-12: Final Resistance
SCES-03365;C-12: Final Resistance
SCES-03366;C-12: Final Resistance
SCES-03426;C-12: Final Resistance
SCUS-94666;C-12: Final Resistance
SCED-03516;C-12: Final Resistance (Demo)
SLUS-00499;C: The Contra Adventure
SLPS-00279;C1: Circuit
SLES-01363;C3 Racing: Car Constructors Championship
SLUS-01391;Cabela's Big Game Hunter: Ultimate Challenge
SLUS-01474;Cabela's Ultimate Deer Hunt: Open Season
SLPS-02079;Cadillac
SLPS-02087;Cadillac
SLPS-02089;Cadillac
SLES-01008;Caesars Palace
SLUS-00285;Caesars Palace
SLES-02476;Caesars Palace 2000: Millennium Gold Edition
SLUS-01089;Caesars Palace 2000: Millennium Gold Edition
SLES-01486;Caesars Palace II
SLUS-00780;Caesars Palace II
LSP-200110;Calamity 1: The Natural World
LSP-905031;Calamity 1: The Natural World
LSP-200220;Calamity 2: People and Traditions
LSP-905048;Calamity 2: People and Traditions
LSP-200330;Calamity 3: Around the World
LSP-905055;Calamity 3: Around the World
SLES-02614;Calcio Manager 2000
SLPM-80147;Calcolo! Ochimono Shooting
SLPS-01071;Calcolo! Ochimono Shooting
LSP-903426;Cali's Geo Tools
SLES-03921;California Surfing
SLES-02950;California Watersports
SLES-02293;Canal+ Premier Manager
SLPM-86838;Capcom Generation 5 [Capkore]
SLPM-86811;Capcom Generation: Dai 3 Shuu Koko ni Rekishi Hajimaru [Capkore]
SLPM-86748;Capcom Generation: Dai-1-shuu Gekitsuiou no Jidai
SLPS-01535;Capcom Generation: Dai-1-shuu Gekitsuiou no Jidai
SLPM-86778;Capcom Generation: Dai-2-shuu Makai to Kishi
SLPS-01585;Capcom Generation: Dai-2-shuu Makai to Kishi
SLPS-01649;Capcom Generation: Dai-3-shuu Koko ni Rekishi Hajimaru
SLPM-86814;Capcom Generation: Dai-4-shuu Kokou no Eiyuu
SLPS-01701;Capcom Generation: Dai-4-shuu Kokou no Eiyuu
SLPS-01725;Capcom Generation: Dai-5-shuu Kakutouka-tachi
SLES-01881;Capcom Generations (Disc 1) (Wings of Destiny)
SLES-02098;Capcom Generations (Disc 1) (Wings of Destiny)
SLES-11881;Capcom Generations (Disc 2) (Chronicles of Arthur)
SLES-12098;Capcom Generations (Disc 2) (Chronicles of Arthur)
SLES-21881;Capcom Generations (Disc 3) (The First Generation)
SLES-22098;Capcom Generations (Disc 3) (The First Generation)
SLES-31881;Capcom Generations (Disc 4) (Blazing Guns)
SLPM-87359;Capcom Retro Game Collection Vol. 1
SLPM-87360;Capcom Retro Game Collection Vol. 2
SLPM-87362;Capcom Retro Game Collection Vol. 3
SLPM-87363;Capcom Retro Game Collection Vol. 4
SLPM-87365;Capcom Retro Game Collection Vol. 5
SLUS-01476;Capcom vs. SNK Pro
SLES-03889;Capcom vs. SNK: Millennium Fight 2000 Pro
SLPM-80632;Capcom vs. SNK: Millennium Fight 2000 Pro
SLPM-87053;Capcom vs. SNK: Millennium Fight 2000 Pro
SLPS-01567;Captain Commando
SLPM-86216;Captain Love
SLPM-86767;Captain Love
SLPS-00310;Captain Tsubasa J: Get in the Tomorrow
SLPM-87060;Captain Tsubasa: Arata naru Densetsu Joshou
SLPM-87260;Captain Tsubasa: Aratanaru Densetsu Josho [Konami the Best]
SLUS-00494;Car and Driver Presents: Grand Tour Racing '98
SLPS-02560;Card Captor Sakura: Clowcard Magic
SLPS-02561;Card Captor Sakura: Clowcard Magic
SLUS-01379;Card Games
SLES-03206;Card Shark
SCES-01043;Cardinal Syn
SCES-01077;Cardinal Syn
SCES-01205;Cardinal Syn
SCES-01206;Cardinal Syn
SCUS-94156;Cardinal Syn
SCUS-94265;Cardinal Syn (Demo)
SLES-01960;Carmageddon
SLES-01961;Carmageddon
SCES-00441;Carnage Heart
SCUS-94604;Carnage Heart
SLPS-00151;Carnage Heart
SCUS-94964;Carnage Heart (Mission Briefing)
SLPS-02540;Carnage Heart [Artdink Best Choice]
SLPM-80015;Carnage Heart Extra
SLPS-00919;Carnage Heart EZ (Easy Zapping)
SLPS-00837;Carom Shot
SLPM-80267;Carom Shot 2
SLPS-01486;Carom Shot 2
SCUS-94416;CART World Series
SLPM-80572;Carton-kun
SLPS-02935;Carton-kun
SLES-00045;Casper
SLUS-00162;Casper
SLES-03113;Casper: Friends Around the World
SLUS-01245;Casper: Friends Around the World
SLPM-86754;Castlevania Chronicle: Akumajou Dracula
SLES-03532;Castlevania Chronicles
SLUS-01384;Castlevania Chronicles
SCPS-45196;Castlevania: Symphony of the Night
SLES-00524;Castlevania: Symphony of the Night
SLUS-00067;Castlevania: Symphony of the Night
SLES-01182;Castrol Honda Superbike Racing
SLUS-00882;Castrol Honda Superbike Racing
SLES-02942;Castrol Honda VTR
SLUS-01579;Cat in the Hat, The
SLPS-02864;Cat the Ripper 13 Ninme No Tanteishi [Best Price 2500]
SLPS-00908;Cat the Ripper: 13Ninme no Tanteishi
SLES-02825;Catan: Die erste Insel
SLES-01216;CBZ: CyBall Zone
SLPS-01081;Cellophanes
SCPS-10013;Center Shiken Trial: Eigo no Tetsujin
SLES-01664;Centipede
SLES-01900;Centipede
SLUS-00807;Centipede
SLPS-00230;CG Mukashi Banashi: Jiisan 2-do Bikkuri!!
SCED-01992;Cha Cha Special 04-99 Demo
SLPS-02422;Chakushin Melody da mon
SLPS-02847;Chakushin Melody da mon Gold
SLPS-02556;Chakushin Melody da mon Volume. 2
SLPS-02601;Chakushin Melody da mon Volume. 3
SLPS-02707;Chakushin Melody da mon Volume. 4
SLPM-86617;Champion Wrestler: Jikkyou Live
SLPS-00237;Champion Wrestler: Jikkyou Live
SLES-02775;Championship Bass
SLPS-02674;Championship Bass
SLUS-01084;Championship Bass
SLES-03634;Championship Manager Quiz
SLES-03252;Championship Motocross 2001 featuring Ricky Carmichael
SLUS-01230;Championship Motocross 2001 featuring Ricky Carmichael
SLES-02200;Championship Motocross featuring Ricky Carmichael
SLUS-00790;Championship Motocross featuring Ricky Carmichael
SLED-02385;Championship Motocross featuring Ricky Carmichael (Demo)
SLES-03427;Championship Surfer
SLUS-01216;Championship Surfer
SCPS-45480;Chaos Break
SLES-03107;Chaos Break
SLPM-86363;Chaos Break
SLPS-00168;Chaos Control
SLPS-02862;Character Tkool
SLPS-02415;Charumera
SLPS-03031;Charumera
SLPS-91519;Charumera [PSOne Books]
PAPX-90106;Chase the Express
PAPX-90107;Chase the Express
PCPX-96189;Chase the Express
SCES-02812;Chase the Express (Disc 1)
SCES-02813;Chase the Express (Disc 1)
SCES-02814;Chase the Express (Disc 1)
SCES-02815;Chase the Express (Disc 1)
SCPS-10109;Chase the Express (Disc 1)
SCPS-45478;Chase the Express (Disc 1)
SCES-12812;Chase the Express (Disc 2)
SCES-12813;Chase the Express (Disc 2)
SCES-12814;Chase the Express (Disc 2)
SCES-12815;Chase the Express (Disc 2)
SCPS-10110;Chase the Express (Disc 2)
SCPS-45479;Chase the Express (Disc 2)
SCES-02816;Chase the Express: El Expreso de la Muerte (Disc 1)
SCES-12816;Chase the Express: El Expreso de la Muerte (Disc 2)
SLES-02917;Checkmate
SLPS-01251;Checkmate
SLPS-03136;Checkmate
SLES-04053;Checkmate II
SLES-00053;Cheesy
SLPS-00893;Cheesy
SLUS-01400;Chess
SLPS-02624;Chess 2000
SLES-00187;Chessmaster 3-D, The
SLUS-00052;Chessmaster 3-D, The
SLES-02117;Chessmaster II
SLUS-00886;Chessmaster II
SCES-00347;Chevaliers de Baphomet, Les
SLES-03582;Chi Vuol Essere Miliardario
SLES-03917;Chi Vuol Essere Milionario: Seconda Edizione
SLPS-02027;Chibi Chara Game Ginga Eiyuu Densetsu (Disc 1)
SLPS-02028;Chibi Chara Game Ginga Eiyuu Densetsu (Disc 2)
SLPS-01834;Chibi Chara Game: Ginga Eiyuu Densetsu (Disc 1) (Go! Go! Casino)
SLPS-02025;Chibi Chara Game: Ginga Eiyuu Densetsu (Disc 1) (Go! Go! Casino)
SLPS-01835;Chibi Chara Game: Ginga Eiyuu Densetsu (Disc 2) (Let's Sugoroku)
SLPS-02026;Chibi Chara Game: Ginga Eiyuu Densetsu (Disc 2) (Let's Surogoku)
SLPS-00166;Chibi Maruko-chan: Maruko Enikki World
SLES-03188;Chicken Run
SLES-03285;Chicken Run
SLUS-01304;Chicken Run
SLPS-01926;Chiisana Kyojin Microman
SLPS-02568;Chiisana Kyojin Microman
SLPS-02750;Chiisana Oukoku Erutoria
SLPM-86845;Chiki Chiki Machine Mou Race: Wacky Races
SLES-00711;Chill
SLED-01194;Chill (Demo)
SLES-02297;China: The Forbidden City
SLES-02090;Chine: Intrigue dans la Cite Interdite
SLPS-02788;Chinmoku no Kantai: The Silent Service
SLPM-80433;Chippoke Ralph no Daibouken: The Adventure of Little Ralph
SLPS-01853;Chippoke Ralph no Daibouken: The Adventure of Little Ralph
SLPS-01893;Chivas 1-2-3: Destiny! Unmei o Kaeru Mono!
SCPS-45473;Chocobo Collection (Disc 1)
SCPS-45474;Chocobo Collection (Disc 2)
SCPS-45475;Chocobo Collection (Disc 3)
SLPS-01234;Chocobo no Fushigi na Dungeon
SCPS-45163;Chocobo no Fushigi na Dungeon (Disc 1)
SCPS-45164;Chocobo no Fushigi na Dungeon (Disc 2)
SLPS-91439;Chocobo no Fushigi na Dungeon [PSOne Books]
SCPS-45371;Chocobo no Fushigi na Dungeon 2
SLPS-01771;Chocobo no Fushigi na Dungeon 2
SCPS-45351;Chocobo no Fushigi na Dungeon 2 (Disc 1)
SCPS-45352;Chocobo no Fushigi na Dungeon 2 (Disc 2)
SLES-02079;Chocobo Racing
SLUS-00844;Chocobo Racing
SCPS-45392;Chocobo Racing: Genkai e no Road
SLPS-01951;Chocobo Racing: Genkai e no Road
SLPS-02522;Chocobo Racing: Genkai e no Road
SLPS-91438;Chocobo Racing: Genkai e no Road
SCPS-45472;Chocobo Stallion
SLPS-02520;Chocobo Stallion
SLPS-02521;Chocobo Stallion
SLUS-00814;Chocobo's Dungeon 2
SLPS-03400;Chocolate Kiss
SLPS-00242;Choro Q
SCPS-45018;Choro Q 2
SLPS-00710;Choro Q 2
SLPS-91080;Choro Q 2
SLPM-80213;Choro Q 3
SLPS-01244;Choro Q 3
SLPS-91136;Choro Q 3
SLPM-87338;Choro Q 3 [PSOne Books]
SLPS-01140;Choro Q Jet: Rainbow Wings
SLPS-02569;Choro Q Jet: Rainbow Wings
SLPM-87337;Choro Q Jet: Rainbow Wings [PSOne Books]
SLPM-87339;Choro Q Marine Q-Boat [PSOne Books]
SLPM-80227;Choro Q Marine: Q-Boat
SLPS-01436;Choro Q Marine: Q-Boat
SLPS-91152;Choro Q Marine: Q-Boat
SLPS-91015;Choro Q Ver. 1.02
SLPM-87336;Choro Q Wonderful [PSOne Books]
SLPM-86902;Choro Q Wonderful!
SLPS-02205;Choro Q Wonderful!
SLPM-86873;Chou Aniki: Kyuukyoku Muteki Ginga Saikyou Otoko
SLPS-00183;Chou Aniki: Kyuukyoku Muteki Ginga Saikyou Otoko
SLPM-86299;Chou Hatsumei Boy Kanipan: Hirameki Wonderland
SLPS-02005;Chou Jikuu Yousai Macross: Ai Oboete Imasu ka (Disc 1)
SLPS-02006;Chou Jikuu Yousai Macross: Ai Oboete Imasu ka (Disc 2)
SLPS-02490;Chou Jiryoku Senshi Microman: Generation 2000
SLPS-00935;Chou Kousoku Gran Doll
SLPS-00869;Chou Kousoku Gran Doll (Disc 1)
SLPS-00870;Chou Kousoku Gran Doll (Disc 2) (Tokusei Premium Disc)
SLPS-01368;Chou Mashin Eiyuuden Wataru: Another Step
SLPS-02123;Chou Nazo-ou
SLPS-01871;Chou Sentou Kyuugi Vanborg
SLPS-00527;Choujin Gakuen: Gowcaizer
SLPM-80396;Chouzetsu Daigirin '99-nen Natsu-ban
SLPM-80519;Chouzetsu Daigirin 2000-nen Fuyu-ban
SLES-02948;Chris Kamara's Street Soccer
SCUS-94700;Chronicles of the Sword (Disc 1)
SLES-00165;Chronicles of the Sword (Disc 1)
SLES-00166;Chronicles of the Sword (Disc 1)
SLES-00167;Chronicles of the Sword (Disc 1)
SLES-00191;Chronicles of the Sword (Disc 1)
SLES-00192;Chronicles of the Sword (Disc 1)
SCUS-94701;Chronicles of the Sword (Disc 2)
SLES-10165;Chronicles of the Sword (Disc 2)
SLES-10166;Chronicles of the Sword (Disc 2)
SLES-10167;Chronicles of the Sword (Disc 2)
SLES-10191;Chronicles of the Sword (Disc 2)
SLES-10192;Chronicles of the Sword (Disc 2)
SCPS-45447;Chrono Cross (Disc 1)
SLPM-87395;Chrono Cross (Disc 1)
SLPS-02364;Chrono Cross (Disc 1)
SLPS-02777;Chrono Cross (Disc 1)
SLPS-91464;Chrono Cross (Disc 1)
SLUS-01041;Chrono Cross (Disc 1)
SCPS-45448;Chrono Cross (Disc 2)
SLPM-87396;Chrono Cross (Disc 2)
SLPS-02365;Chrono Cross (Disc 2)
SLPS-02778;Chrono Cross (Disc 2)
SLPS-91465;Chrono Cross (Disc 2)
SLUS-01080;Chrono Cross (Disc 2)
SCPS-45446;Chrono Trigger
SLPM-87374;Chrono Trigger
SLPS-02430;Chrono Trigger
SLPS-91446;Chrono Trigger
SLES-02296;Cina: Crimini nella Citta Proibita
SLES-04148;Cindy's Caribbean Holiday
SLES-04147;Cindy's Fashion World
SLPM-86565;Cinema Eikaiwa Series Dai-1-dan: Tengoku ni Ikenai Papa (Disc 1) (Joukan)
SLPS-01813;Cinema Eikaiwa Series Dai-1-dan: Tengoku ni Ikenai Papa (Disc 1) (Joukan)
SLPM-86566;Cinema Eikaiwa Series Dai-1-dan: Tengoku ni Ikenai Papa (Disc 2) (Chuukan)
SLPS-01814;Cinema Eikaiwa Series Dai-1-dan: Tengoku ni Ikenai Papa (Disc 2) (Chuukan)
SLPM-86567;Cinema Eikaiwa Series Dai-1-dan: Tengoku ni Ikenai Papa (Disc 3) (Gekan)
SLPS-01815;Cinema Eikaiwa Series Dai-1-dan: Tengoku ni Ikenai Papa (Disc 3) (Gekan)
SLPM-86554;Cinema Eikaiwa Series Dai-2-dan: Interceptor (Disc 1) (Joukan)
SLPS-01872;Cinema Eikaiwa Series Dai-2-dan: Interceptor (Disc 1) (Joukan)
SLPM-86555;Cinema Eikaiwa Series Dai-2-dan: Interceptor (Disc 2) (Chuukan)
SLPS-01873;Cinema Eikaiwa Series Dai-2-dan: Interceptor (Disc 2) (Chuukan)
SLPM-86556;Cinema Eikaiwa Series Dai-2-dan: Interceptor (Disc 3) (Gekan)
SLPS-01874;Cinema Eikaiwa Series Dai-2-dan: Interceptor (Disc 3) (Gekan)
SLPM-86551;Cinema Eikaiwa Series Dai-3-dan: Arashigaoka (Disc 1) (Joukan)
SLPS-01954;Cinema Eikaiwa Series Dai-3-dan: Arashigaoka (Disc 1) (Joukan)
SLPM-86552;Cinema Eikaiwa Series Dai-3-dan: Arashigaoka (Disc 2) (Chuukan)
SLPS-01955;Cinema Eikaiwa Series Dai-3-dan: Arashigaoka (Disc 2) (Chuukan)
SLPM-86553;Cinema Eikaiwa Series Dai-3-dan: Arashigaoka (Disc 3) (Gekan)
SLPS-01956;Cinema Eikaiwa Series Dai-3-dan: Arashigaoka (Disc 3) (Gekan)
SLPM-86568;Cinema Eikaiwa Series Dai-4-dan: Boy's Life (Disc 1)
SLPS-02016;Cinema Eikaiwa Series Dai-4-dan: Boy's Life (Disc 1)
SLPM-86569;Cinema Eikaiwa Series Dai-4-dan: Boy's Life (Disc 2)
SLPS-02017;Cinema Eikaiwa Series Dai-4-dan: Boy's Life (Disc 2)
SLPM-86570;Cinema Eikaiwa Series Dai-4-dan: Boy's Life (Disc 3)
SLPS-02018;Cinema Eikaiwa Series Dai-4-dan: Boy's Life (Disc 3)
SLPM-86571;Cinema Eikaiwa Series Dai-4-dan: Boy's Life (Disc 4)
SLPS-02019;Cinema Eikaiwa Series Dai-4-dan: Boy's Life (Disc 4)
SLPM-86557;Cinema Eikaiwa Series Dai-5-dan: Zombie (Disc 1)
SLPS-02060;Cinema Eikaiwa Series Dai-5-dan: Zombie (Disc 1)
SLPM-86558;Cinema Eikaiwa Series Dai-5-dan: Zombie (Disc 2)
SLPS-02061;Cinema Eikaiwa Series Dai-5-dan: Zombie (Disc 2)
SLPM-86559;Cinema Eikaiwa Series Dai-5-dan: Zombie (Disc 3)
SLPS-02062;Cinema Eikaiwa Series Dai-5-dan: Zombie (Disc 3)
SLPM-86560;Cinema Eikaiwa Series Dai-5-dan: Zombie (Disc 4)
SLPS-02063;Cinema Eikaiwa Series Dai-5-dan: Zombie (Disc 4)
SLPM-86241;Cinema Eikaiwa Series Dai-6-dan: Ai no Hate ni (Disc 1)
SLPM-86561;Cinema Eikaiwa Series Dai-6-dan: Ai no Hate ni (Disc 1)
SLPM-86242;Cinema Eikaiwa Series Dai-6-dan: Ai no Hate ni (Disc 2)
SLPM-86562;Cinema Eikaiwa Series Dai-6-dan: Ai no Hate ni (Disc 2)
SLPM-86243;Cinema Eikaiwa Series Dai-6-dan: Ai no Hate ni (Disc 3)
SLPM-86563;Cinema Eikaiwa Series Dai-6-dan: Ai no Hate ni (Disc 3)
SLPM-86244;Cinema Eikaiwa Series Dai-6-dan: Ai no Hate ni (Disc 4)
SLPM-86564;Cinema Eikaiwa Series Dai-6-dan: Ai no Hate ni (Disc 4)
SLPM-80391;Cinema Eikaiwa Series: Tengoku ni Ikenai Papa
PAPX-90073;Circadia
PCPX-96138;Circadia
PCPX-96140;Circadia
SCPS-10077;Circadia (Disc 1)
SCPS-10078;Circadia (Disc 2)
SLPS-00311;Circuit Beat
SLES-00753;Circuit Breakers
SLUS-00697;Circuit Breakers
SLED-01403;Circuit Breakers (Demo-Add-On Disc)
SLES-00573;Cite des Enfants Perdus, La
SLED-00734;Cite des Enfants Perdus, La (Demo)
SLPS-00361;City Bravo!
SLPS-02166;City Bravo!
SLPS-02421;City Bravo! Business-hen
SCUS-94150;City of Lost Children, The
SLES-00170;City of Lost Children, The
SLES-00638;Ciudad de los ninos perdidos, La
SLES-01794;Civilization II
SLES-01795;Civilization II
SLES-01796;Civilization II
SLES-01797;Civilization II
SLES-01798;Civilization II
SLPS-01735;Civilization II
SLUS-00792;Civilization II
SLPS-00618;Civizard: Majutsu no Keifu
SLPS-00160;Classic Road
SLPS-91012;Classic Road
SLPS-02039;Classic Road 2
SLPS-01325;Classic Road: Yuushun 2
SLES-03935;Cleopatra Fortune
SLPS-03187;Cleopatra Fortune
SLUS-01491;Cleopatra's Fortune
SLPM-80482;Click Manga
SLPS-02354;Click Manga: Click no Hi
SLPS-02131;Click Manga: Dynamic Robot Taisen 1: Shutsugeki! Kyoui no Robot Gundan!!
SLPS-02407;Click Manga: Dynamic Robot Taisen 2: Kyoufu! Akuma Zoku Fukkatsu
SLPS-02128;Click Manga: Ginga Eiyuu Densetsu 1: Eien no Yoru no Naka de
SLPS-02353;Click Manga: Ginga Eiyuu Densetsu 2: Iserlohn Kouryaku
SLPS-02130;Click Manga: Opera-za no Kaijin
SLPS-01838;Click Medic
SLES-00870;Clock Tower
SLES-00871;Clock Tower
SLES-00872;Clock Tower
SLUS-00539;Clock Tower
SLPM-80062;Clock Tower 2
SLPM-80063;Clock Tower 2
SLPS-00657;Clock Tower 2
SLPS-91056;Clock Tower 2
SLUS-00695;Clock Tower II: The Struggle Within
SCPS-45173;Clock Tower: Ghost Head
SLPM-80219;Clock Tower: Ghost Head
SLPS-01290;Clock Tower: Ghost Head
SLPS-91175;Clock Tower: Ghost Head [Playstation the Best]
SLPS-00917;Clock Tower: The First Fear
SLPS-00387;ClockWerx
SLES-02766;Cochons de Guerre, Les
SLPS-01569;Cocktail Harmony
SLUS-90091;Codemasters Demo CD
SLED-02809;Codemasters Demo Disk
SLED-03094;Codemasters Q3 2000 Demo
SCUS-94409;Codename: Tenka
SCES-02151;Cold Blood (Disc 1)
SCES-12151;Cold Blood (Disc 2)
SCUS-94474;Colin McRae Rally
SLED-01380;Colin McRae Rally (Demo)
SLED-01381;Colin McRae Rally (Demo)
SLED-01388;Colin McRae Rally (Demo)
SLES-01204;Colin McRae Rally (Rev 1)
SLES-00477;Colin McRae Rally (Rev 3)
SLPS-91477;Colin McRae Rally 02 [PSOne Books]
SLPS-03274;Colin McRae Rally 02 [Spike Library]
SLUS-01222;Colin McRae Rally 2.0
SLES-02605;Colin McRae Rally 2.0 (Rev 1)
SLPS-91431;Colin McRae The Rally [PSOne Books]
SLPM-80380;Colin McRae: The Rally
SLPS-01938;Colin McRae: The Rally
SLPS-02849;Colin McRae: The Rally
SLPS-02878;Colin McRae: The Rally 02
SLUS-00196;College Slam
SLPM-80304;Colony Wars
SLED-00091;Colony Wars (Demo)
SCPS-45254;Colony Wars (Disc 1)
SLES-00860;Colony Wars (Disc 1)
SLES-00861;Colony Wars (Disc 1)
SLES-00862;Colony Wars (Disc 1)
SLES-00863;Colony Wars (Disc 1)
SLES-00864;Colony Wars (Disc 1)
SLPS-01403;Colony Wars (Disc 1)
SLUS-00543;Colony Wars (Disc 1)
SCPS-45255;Colony Wars (Disc 2)
SLES-10860;Colony Wars (Disc 2)
SLES-10861;Colony Wars (Disc 2)
SLES-10862;Colony Wars (Disc 2)
SLES-10863;Colony Wars (Disc 2)
SLES-10864;Colony Wars (Disc 2)
SLPS-01404;Colony Wars (Disc 2)
SLUS-00554;Colony Wars (Disc 2)
SCES-02624;Colony Wars: El Sol Rojo
SCES-01924;Colony Wars: Red Sun
SCES-02621;Colony Wars: Red Sun
SCES-02622;Colony Wars: Red Sun
SCES-02623;Colony Wars: Red Sun
SLUS-00866;Colony Wars: Red Sun
SLES-01392;Colony Wars: Vengeance
SLES-01405;Colony Wars: Vengeance
SLES-01406;Colony Wars: Vengeance
SLES-01407;Colony Wars: Vengeance
SLES-01408;Colony Wars: Vengeance
SLUS-00722;Colony Wars: Vengeance
SLED-01471;Colony Wars: Vengeance (Demo)
SLPS-02794;Colorful Logic
SLPS-03115;Colorful Logic 2
SLPS-03239;Colorful Logic 3
SLPS-01904;Combat Choro Q
SLPM-87340;Combat Choro Q [PSOne Books]
SLPS-03070;Combat Choro Q [The Best Takaramono]
SLPM-86515;Combi Mahjong Awase uchi with Maboroshi Tsukiyo Characters
SLPS-01429;Combination Pro Soccer: J.League no Kantoku ni Natte Sekai o Mezase!
SLPM-80402;Comic Bom Bom: DigimonWorld Premium Disc
SLPM-80536;Comic Bom Bom: Special Movie Disc
SLED-00652;Command & Conquer
SLES-00530;Command & Conquer (Disc 1) (GDI)
SLES-00531;Command & Conquer (Disc 1) (GDI)
SLUS-00379;Command & Conquer (Disc 1) (GDI)
SLES-10530;Command & Conquer (Disc 2) (NOD)
SLES-10531;Command & Conquer (Disc 2) (NOD)
SLUS-00410;Command & Conquer (Disc 2) (NOD)
SLPM-80222;Command & Conquer Complete
SLPS-00976;Command & Conquer Complete (Disc 1) (GDI)
SLPS-00977;Command & Conquer Complete (Disc 2) (NOD)
SLES-01007;Command & Conquer: Alarmstufe Rot (Disc 1)
SLES-11007;Command & Conquer: Alarmstufe Rot (Disc 2)
SLED-01270;Command & Conquer: Alarmstufe Rot & Bloody Roar (Demo)
SLES-01345;Command & Conquer: Alarmstufe Rot: Gegenschlag (Disc 1) (Die Alliierten)
SLES-11345;Command & Conquer: Alarmstufe Rot: Gegenschlag (Disc 2) (Die Sowjets)
SLED-01067;Command & Conquer: Alerte Rouge (Demo)
SLES-01006;Command & Conquer: Alerte Rouge (Disc 1) (Allies)
SLES-11006;Command & Conquer: Alerte Rouge (Disc 2) (Sovietiques)
SLES-01344;Command & Conquer: Alerte Rouge: Mission Tesla (Disc 1) (Allies)
SLES-11344;Command & Conquer: Alerte Rouge: Mission Tesla (Disc 2) (Sovietiques)
SLES-00949;Command & Conquer: Red Alert (Disc 1) (Allies)
SLUS-00431;Command & Conquer: Red Alert (Disc 1) (Allies)
SLES-10949;Command & Conquer: Red Alert (Disc 2) (Soviet)
SLUS-00485;Command & Conquer: Red Alert (Disc 2) (Soviet)
SLED-01255;Command & Conquer: Red Alert & Bloody Roar
SLES-01343;Command & Conquer: Red Alert: Retaliation (Disc 1) (Allies)
SLUS-00665;Command & Conquer: Red Alert: Retaliation (Disc 1) (Allies)
SLES-11343;Command & Conquer: Red Alert: Retaliation (Disc 2) (Soviet)
SLUS-00667;Command & Conquer: Red Alert: Retaliation (Disc 2) (Soviet)
SLED-00695;Command & Conquer: Teil 1: Der Tiberiumkonflikt (Demo)
SLES-00532;Command & Conquer: Teil 1: Der Tiberiumkonflikt (Disc 1) (GDI)
SLES-10532;Command & Conquer: Teil 1: Der Tiberiumkonflikt (Disc 2) (NOD)
SLPS-00817;Community Pom
SLPS-02116;Community Pom: Omoide o Dakishimete
SLED-02310;Compilation 01
SLED-02415;Compilation 02
SLED-02439;Compilation 03
SLED-02440;Compilation 04
SLPS-01062;Complete Soccer Onside
SLES-00927;Constructor
SLES-01428;Constructor
SCUS-94294;Contender
SCUS-94380;Contender
SCUS-94494;Contender 2
SLUS-01305;Contender 2
SLES-00608;Contra: Legacy of War
SLUS-00288;Contra: Legacy of War
SCES-00568;Cool Boarders
SCPS-45061;Cool Boarders
SCUS-94356;Cool Boarders
SLPS-00456;Cool Boarders
SLPS-91031;Cool Boarders
SCES-00992;Cool Boarders 2
SCUS-94358;Cool Boarders 2
SCPS-45103;Cool Boarders 2: Killing Session
SLPM-80143;Cool Boarders 2: Killing Session
SLPS-00967;Cool Boarders 2: Killing Session
SLPS-91122;Cool Boarders 2: Killing Session [Playstation the Best]
SCUS-94597;Cool Boarders 2001
SCUS-94625;Cool Boarders 2001 (Demo)
SCES-01615;Cool Boarders 3
SCUS-94251;Cool Boarders 3
SLPM-80345;Cool Boarders 3
SLPS-01698;Cool Boarders 3
SCUS-94374;Cool Boarders 3 (Demo)
SCES-02283;Cool Boarders 4
SCUS-94559;Cool Boarders 4
SLPM-80539;Cool Boarders 4
SLPS-02527;Cool Boarders 4
SCUS-94388;Cool Boarders 4 (Demo)
SLPS-00499;Cooly Skunk
SLES-01269;Copa del Mundo: Francia '98
LSP-080230;Cosmic Cookoff: Language Arts
LSP-905154;Cosmic Cookoff: Language Arts
LSP-080240;Cosmic Cookoff: Mathematics
LSP-905413;Cosmic Cookoff: Mathematics
SLPS-00009;Cosmic Race
SLPM-86484;Cosmowarrior Zero
SLPS-02504;Countdown Vampires (Disc 1)
SLUS-00898;Countdown Vampires (Disc 1)
SLPS-02505;Countdown Vampires (Disc 2)
SLUS-01199;Countdown Vampires (Disc 2)
SLES-01266;Coupe du Monde 98
SLES-00326;Courier Crisis: The Saga of the Modern Fatalist
SLPS-01128;Courier Crisis: The Saga of the Modern Fatalist
SLUS-00442;Courier Crisis: The Saga of the Modern Fatalist
SLUS-01151;Covert Ops: Nuclear Dawn (Disc 1)
SLUS-01157;Covert Ops: Nuclear Dawn (Disc 2)
SLPS-01126;Cowboy Bebop
SLPS-03258;Cowboy Bebop
PAPX-90010;Crash Bandicoot
SCPS-10031;Crash Bandicoot
SCPS-45026;Crash Bandicoot
SCPS-91057;Crash Bandicoot
SCPS-91304;Crash Bandicoot
SCUS-94900;Crash Bandicoot
SCES-00344;Crash Bandicoot (EDC)
PCPX-96098;Crash Bandicoot 2: Cortex no Gyakushuu!
SCPS-10047;Crash Bandicoot 2: Cortex no Gyakushuu!
SCPS-45180;Crash Bandicoot 2: Cortex no Gyakushuu!
SCPS-91092;Crash Bandicoot 2: Cortex no Gyakushuu!
SCPS-91309;Crash Bandicoot 2: Cortex no Gyakushuu!
SCES-00967;Crash Bandicoot 2: Cortex Strikes Back
SCUS-94154;Crash Bandicoot 2: Cortex Strikes Back
PAPX-90070;Crash Bandicoot 3: Buttobi! Sekai Isshuu
PCPX-96145;Crash Bandicoot 3: Buttobi! Sekai Isshuu
SCPS-10073;Crash Bandicoot 3: Buttobi! Sekai Isshuu
SCPS-45350;Crash Bandicoot 3: Buttobi! Sekai Isshuu
SCPS-91164;Crash Bandicoot 3: Buttobi! Sekai Isshuu
SCPS-91318;Crash Bandicoot 3: Buttobi! Sekai Isshuu
SCES-01420;Crash Bandicoot 3: Warped
PAPX-90109;Crash Bandicoot Carnival
PCPX-96202;Crash Bandicoot Carnival
SCPS-10140;Crash Bandicoot Carnival
SCPS-45511;Crash Bandicoot Carnival
SCPS-91319;Crash Bandicoot Carnival
PCPX-96183;Crash Bandicoot Racing
SCPS-10118;Crash Bandicoot Racing
SCPS-45470;Crash Bandicoot Racing
SCPS-91328;Crash Bandicoot Racing
SCPS-91230;Crash Bandicoot Racing [Playstation the Best for Family]
SCUS-94244;Crash Bandicoot: Warped
SCUS-94289;Crash Bandicoot: Warped (Demo)
SCES-02834;Crash Bash
SCUS-94570;Crash Bash
SCUS-94616;Crash Bash (Demo)
SCUS-94654;Crash Bash & Spyro: Year of the Dragon (Demo)
SLPS-02582;Crazy Climber 2000
LSP-130110;Creative Camp
LSP-903150;Creative Camp
LSP-130120;Creative Isle
LSP-905109;Creative Journey
LSP-907097;Creative Voyage
SLPS-00120;Creature Shock (Disc 1)
SLPS-00121;Creature Shock (Disc 2)
SLES-03690;Creatures
SLUS-01438;Creatures
SLES-04111;Creatures: Raised in Space
SLUS-01553;Creatures: Raised in Space
SLES-02495;Cricket 2000
SCPS-10003;Crime Crackers
SCPS-10037;Crime Crackers 2
SLES-00954;Crime Killer
SLUS-00576;Crime Killer
SLED-01085;Crime Killer (Demo)
SLED-01305;Crime Killer (Demo)
SLUS-90020;Crime Killer (Demo)
SLES-02793;Crisis Beat
SLPS-01430;Crisis Beat
SLPS-01269;Crisis City
SLPS-01044;Critical Blow
SLES-00136;Critical Depth
SLUS-00428;Critical Depth
SLES-00196;Criticom
SLUS-00046;Criticom
SLPS-00229;Criticom: The Critical Combat
SLES-02088;Croc 2
SLUS-00634;Croc 2
SLED-02119;Croc 2 (Demo)
SLUS-90056;Croc 2 (Demo)
SLPM-80473;Croc Adventure
SLPM-86310;Croc Adventure
SLES-00593;Croc: Legend of the Gobbos
SLUS-00530;Croc: Legend of the Gobbos
SLED-00038;Croc: Legend of the Gobbos (Demo)
SLPM-80173;Croc! Pau-Pau Island
SLPS-01055;Croc! Pau-Pau Island
SLPM-87235;Croket! Kindan no Kinka Box!
SLPM-87341;Croket! Kindan no Kinka Box!
SLPS-00713;Cross Romance: Koi to Mahjong to Hanafuda to
SLPS-02515;Cross Romance: Koi to Mahjong to Hanafuda to
SLPM-80461;Cross Tantei Monogatari
SLPM-86280;Cross Tantei Monogatari (Disc 1)
SLPM-86281;Cross Tantei Monogatari (Disc 2)
SLPM-86639;Cross Tantei Monogatari 1: Kouhen
SLPM-86638;Cross Tantei Monogatari 1: Zenpen
SLUS-01342;Crossroad Crisis
SLES-00279;Crow, The: City of Angels
SLES-00648;Crow, The: City of Angels
SLUS-00242;Crow, The: City of Angels
SLES-00587;Crusader: No Remorse
SLES-00588;Crusader: No Remorse
SLES-00589;Crusader: No Remorse
SLUS-00268;Crusader: No Remorse
SLES-02582;Crusaders of Might and Magic
SLES-02583;Crusaders of Might and Magic
SLES-02584;Crusaders of Might and Magic
SLES-02691;Crusaders of Might and Magic
SLES-02692;Crusaders of Might and Magic
SLUS-00799;Crusaders of Might and Magic
SLPS-00220;CRW: Counter Revolution War
SLES-00292;Crypt Killer
SLUS-00335;Crypt Killer
SLES-03986;CT Special Forces
SLES-04155;CT Special Forces 3: Bioterror
SLES-04123;CT Special Forces: Back to Hell
SCUS-94426;CTR: Crash Team Racing
SCUS-94459;CTR: Crash Team Racing (Demo)
SCES-02105;CTR: Crash Team Racing (EDC)
SLPM-80142;Cu-On-Pa
SLPS-01026;Cu-On-Pa
SLES-03729;Cubix Robots for Everyone: Race 'n Robots
SLUS-01422;Cubix Robots for Everyone: Race 'n Robots
SLPM-80451;Culdcept: Cepter's Guild Vol. 1
SLPM-80477;Culdcept: Cepter's Guild Vol. 2
SLPM-86223;Culdcept: Expansion
SLPM-86658;Culdcept: Expansion Plus
SLPS-01711;Curiosity Kills the Cat? Koukishin wa Neko o Korosu ka
SLPS-01864;Cyber Daisenryaku: Shutsugeki! Haruka-tai
SLPS-01048;Cyber Egg: Battle Champion
SCPS-45381;Cyber Org
SLPS-01910;Cyber Org
SLPS-01011;Cyberbots: Fullmetal Madness
SLES-00233;Cyberia
SLES-00272;Cyberia
SLPS-00218;Cyberia
SLUS-00053;Cyberia
SLPS-01912;Cybernetic Empire (Disc 1)
SLPS-01913;Cybernetic Empire (Disc 2)
SCES-00006;CyberSled
SLPS-00023;CyberSled
SLUS-00008;CyberSled
SLES-00114;CyberSpeed
SLPM-80034;CyberSpeed
SLPS-00396;CyberSpeed
SLUS-00116;CyberSpeed
SLES-02370;CyberTiger
SLES-02371;CyberTiger
SLUS-01004;CyberTiger
SLPS-00055;Cyberwar (Disc 1)
SLPS-00056;Cyberwar (Disc 2)
SLPS-00057;Cyberwar (Disc 3)
SLES-00065;D (Disc 1)
SLES-00160;D (Disc 1)
SLES-00161;D (Disc 1)
SLUS-00128;D (Disc 1)
SLES-10065;D (Disc 2)
SLES-10160;D (Disc 2)
SLES-10161;D (Disc 2)
SLUS-00173;D (Disc 2)
SLES-20065;D (Disc 3)
SLES-20160;D (Disc 3)
SLES-20161;D (Disc 3)
SLUS-00174;D (Disc 3)
SLPS-00133;D no Shokutaku: Complete Graphics (Disc 1)
SLPS-91072;D no Shokutaku: Complete Graphics (Disc 1)
SLPS-00134;D no Shokutaku: Complete Graphics (Disc 2)
SLPS-91073;D no Shokutaku: Complete Graphics (Disc 2)
SLPS-00135;D no Shokutaku: Complete Graphics (Disc 3)
SLPS-91074;D no Shokutaku: Complete Graphics (Disc 3)
SLPM-80558;D-1 Grand Prix
SLPS-02406;Dai-2-Ji Super Robot Taisen
SLPM-87346;Dai-2-kai! Quiz Darake no Jinsei Game
SLPS-02530;Dai-3-Ji Super Robot Taisen
SLPS-00196;Dai-4-Ji Super Robot Taisen S
SLPS-91014;Dai-4-Ji Super Robot Taisen S
SLPS-00813;Daibouken Deluxe: Haruka naru Umi
SLPM-86309;Daikoukai Jidai Gaiden
SLPS-01021;Daikoukai Jidai Gaiden
SLPM-86863;Daikoukai Jidai Gaiden [Koei Teiban Series]
SLPM-86203;Daikoukai Jidai II
SLPS-00656;Daikoukai Jidai II
SLPM-86745;Daikoukai Jidai II [Koei Teiban Series]
SLPM-86382;Daikoukai Jidai IV: Porto Estado
SLPM-86431;Daikoukai Jidai IV: Porto Estado
SLPM-86996;Daikoukai Jidai IV: Porto Estado
SLPM-87335;Daikoukai Jidai IV: Porto Estado [Koei Teiban Series]
SLPM-80259;Daiobake Yashiki: Hamamura Jun no Jitsuwa Kaidan
SLPS-01411;Daiobake Yashiki: Hamamura Jun no Jitsuwa Kaidan
SLPS-02160;Daiobake Yashiki: Hamamura Jun no Jitsuwa Kaidan
SLPS-01699;Daisenryaku: Master Combat
SLPS-02855;Daisenryaku: Master Combat
SLPS-00299;Daisenryaku: Player's Spirit
SLPS-91178;Daisenryaku: Player's Spirit
SLPS-00634;Dakar '97
SCPS-45041;Dakar'97
SLES-04061;Dalmatians 2
SLES-02959;Dalmatians, The
SLPM-80170;DamDam Stompland
SLPS-01135;DamDam Stompland
SLPM-86222;Dance Dance Revolution
SLUS-01280;Dance Dance Revolution
SCPS-45428;Dance Dance Revolution 2nd Remix
SLPM-86252;Dance Dance Revolution 2nd Remix
SCPS-45456;Dance Dance Revolution 2nd Remix: Append Club Version Vol. 1
SLPM-86370;Dance Dance Revolution 2nd Remix: Append Club Version Vol. 1
SLPM-86399;Dance Dance Revolution 2nd Remix: Append Club Version Vol. 2
SCPS-45471;Dance Dance Revolution 2nd Remix: Append Club Version Vol.2
SCPS-45492;Dance Dance Revolution 3rd Mix
SLPM-86503;Dance Dance Revolution 3rd Mix
SLPM-86752;Dance Dance Revolution 4th Mix
SLPM-86897;Dance Dance Revolution 5th Mix
SLUS-01446;Dance Dance Revolution Konamix
SLPM-86693;Dance Dance Revolution: Best Hits
SLUS-01281;Dance Dance Revolution: Disney Mix
SLPM-86667;Dance Dance Revolution: Disney's Rave
SLPM-86831;Dance Dance Revolution: Extra Mix
SLES-04129;Dance Europe
SLES-04121;Dance-UK
SLES-04161;Dance-UK eXtra Trax
SCPS-45345;Dance! Dance! Dance!
SLPM-80348;Dance! Dance! Dance!
SLPM-86150;Dance! Dance! Dance!
SLPM-86210;Dancing Blade Katte ni Momotenshi II: Tears of Eden (Disc 1)
SLPM-86211;Dancing Blade Katte ni Momotenshi II: Tears of Eden (Disc 2)
SLPM-86212;Dancing Blade Katte ni Momotenshi II: Tears of Eden (Disc 3)
SLPM-86100;Dancing Blade Katte ni Momotenshi! (Disc 1)
SLPM-86101;Dancing Blade Katte ni Momotenshi! (Disc 2)
SLPM-86102;Dancing Blade Katte ni Momotenshi! (Disc 3)
SCPS-45303;Dancing Blade: Katteni Momotenshi (Disc 1)
SCPS-45304;Dancing Blade: Katteni Momotenshi (Disc 2)
SCPS-45305;Dancing Blade: Katteni Momotenshi (Disc 3)
SLPM-86505;Dancing Stage featuring Dreams Come True
SLPM-86411;Dancing Stage featuring True Kiss Destination
SLES-04097;Dancing Stage Fever
SLES-04163;Dancing Stage Fusion
SLES-03384;Dancing Stage: Disney Mix
SLES-02941;Dancing Stage: Euromix
SLES-03882;Dancing Stage: Party Edition
SLPS-02609;Dangan
SLES-03198;Danger Girl
SLUS-00881;Danger Girl
SLPS-01025;Dare Devil Derby 3D
SLUS-00300;Dare Devil Derby 3D
SLPM-80054;Darius Gaiden
SLPS-00574;Darius Gaiden
SLPS-00789;Dark Hunter Ge: Youma no Mori
SLPS-00773;Dark Hunter Jou: Ijigen Gakuen
SLPS-01422;Dark Messiah
SLPS-00938;Dark Seed II
SLPS-02316;Dark Tales: From the Lost Soul
SLES-00663;Darklight Conflict
SLUS-00457;Darklight Conflict
SLPS-00108;Darkseed
SLES-01719;Darkstalkers 3
SLUS-00745;Darkstalkers 3
SLES-00251;Darkstalkers: The Night Warriors
SLUS-00036;Darkstalkers: The Night Warriors
SLES-00612;Darkstone
SLES-03447;Darkstone
SLUS-01182;Darkstone
SLES-02740;Dave Mirra Freestyle BMX
SLPM-86682;Dave Mirra Freestyle BMX
SLED-03115;Dave Mirra Freestyle BMX (Demo)
SLUS-81026;Dave Mirra Freestyle BMX (Demo)
SLUS-01026;Dave Mirra Freestyle BMX (Rev 1)
SLES-03371;Dave Mirra Freestyle BMX: Maximum Remix
SLUS-01347;Dave Mirra Freestyle BMX: Maximum Remix
SLES-03488;David Beckham Soccer
SLES-03682;David Beckham Soccer
SLUS-01455;David Beckham Soccer
SLES-00096;Davis Cup Complete Tennis
SLES-01040;DBZ: Dead Ball Zone
SLUS-00658;DBZ: Dead Ball Zone
SCES-02150;De Sang Froid (Disc 1)
SCES-12150;De Sang Froid (Disc 2)
SLUS-00693;Dead in the Water
SCES-01259;Dead or Alive
SCPS-45190;Dead or Alive
SLPS-01289;Dead or Alive
SLUS-00606;Dead or Alive
SCED-01372;Dead or Alive (Demo)
SLUS-80606;Dead or Alive (Demo)
SLPS-00267;Deadheat Road
SLPS-01036;Deadly Skies
SLPS-00489;Death Wing
SLPS-00225;DeathMask (Disc 1)
SLPS-00226;DeathMask (Disc 2)
SLPS-00227;DeathMask (Disc 3)
SLPS-01229;Debut 21
SLUS-01067;Deception III: Dark Delusion
SLPM-80478;Deco Pre 2 '99
SLPM-80174;Deco Pre 97-98: Data East Taikenban Special
SLPS-01817;Deep Freeze
SCPS-45037;Deep Sea Adventure (Disc 1)
SCPS-45038;Deep Sea Adventure (Disc 2)
SLPM-80091;Deep Sea Adventure: Kaitei-kyuu Pantarassa no Nazo
SLPS-00660;Deep Sea Adventure: Kaitei-kyuu Pantarassa no Nazo (Disc 1)
SLPS-02206;Deep Sea Adventure: Kaitei-kyuu Pantarassa no Nazo (Disc 1)
SLPS-00661;Deep Sea Adventure: Kaitei-kyuu Pantarassa no Nazo (Disc 2)
SLPS-02207;Deep Sea Adventure: Kaitei-kyuu Pantarassa no Nazo (Disc 2)
SLES-00081;Defcon 5
SLES-00146;Defcon 5
SLES-00147;Defcon 5
SLES-00148;Defcon 5
SLES-00149;Defcon 5
SLPS-00275;Defcon 5
SLUS-00009;Defcon 5: Peace Has a Price...
SLPS-00853;Defeat Lightning
SCES-02174;Defi au Tetris Magique
SCPS-45072;Deka Yonku: Tough the Truck
SLPS-00864;Deka Yonku: Tough the Truck
SLPS-01810;Dekiru! Game Center
SLES-03890;Delta Force Urban Warfare
SLES-03919;Delta Force Urban Warfare
SLES-03952;Delta Force Urban Warfare
SLUS-01429;Delta Force Urban Warfare
SLED-01725;Demo Codemasters (SLED-01725)
SLED-02246;Demo Codemasters (SLED-02246)
SCED-02417;Demo Disc
SCES-00064;Demo One (SCES-00064)
SCES-00121;Demo One (SCES-00121)
SCES-00048;Demo One (Version 1)
SCES-00120;Demo One (Version 2)
SCES-00238;Demo One (Version 3)
SCED-00456;Demo One (Version 4)
SCED-00457;Demo One (Version 4)
PBPX-95001;Demo One (Version 5)
PBPX-95007;Demo One (Version 6)
SCED-00816;Demo One (Version 6)
PBPX-95008;Demo One (Version 7)
PCPX-96003;DemoDemo PlayStation Soukan-gou Vol. 1
PCPX-96015;DemoDemo PlayStation Special
PCPX-96014;DemoDemo PlayStation Vol. 10
PCPX-96016;DemoDemo PlayStation Vol. 11
PCPX-96018;DemoDemo PlayStation Vol. 12
PCPX-96019;DemoDemo PlayStation Vol. 13
PCPX-96021;DemoDemo PlayStation Vol. 14
PCPX-96022;DemoDemo PlayStation Vol. 15
PCPX-96025;DemoDemo PlayStation Vol. 16
PCPX-96026;DemoDemo PlayStation Vol. 17
PCPX-96027;DemoDemo PlayStation Vol. 18
PCPX-96032;DemoDemo PlayStation Vol. 19
PCPX-96005;DemoDemo PlayStation Vol. 2
PCPX-96036;DemoDemo PlayStation Vol. 20
PCPX-96038;DemoDemo PlayStation Vol. 21
PCPX-96042;DemoDemo PlayStation Vol. 22
PCPX-96006;DemoDemo PlayStation Vol. 3
PCPX-96007;DemoDemo PlayStation Vol. 4
PCPX-96008;DemoDemo PlayStation Vol. 5
PCPX-96009;DemoDemo PlayStation Vol. 6
PCPX-96010;DemoDemo PlayStation Vol. 7
PCPX-96011;DemoDemo PlayStation Vol. 8
PCPX-96013;DemoDemo PlayStation Vol. 9
SLES-02018;Demolition Racer
SLUS-00969;Demolition Racer
SLPS-01215;Dengeki Construction: Ochigee Yarou ze!
SLPM-80071;Dengeki PlayStation D
SLPM-80513;Dengeki PlayStation D: Konami Fanbook
SLPM-80281;Dengeki PlayStation D10
SLPM-80327;Dengeki PlayStation D11
PAPX-90060;Dengeki PlayStation D11: Yarudora Series Vol. 3: Sampaguita
SLPM-80343;Dengeki PlayStation D12
SLPM-80362;Dengeki PlayStation D13
SLPM-80331;Dengeki PlayStation D14
SLPM-80388;Dengeki PlayStation D15
SLPM-80399;Dengeki PlayStation D16
SLPM-80418;Dengeki PlayStation D17
SLPM-80412;Dengeki PlayStation D18
SLPM-80425;Dengeki PlayStation D19
SLPM-80109;Dengeki PlayStation D2
SLPM-80438;Dengeki PlayStation D20
SLPM-80457;Dengeki PlayStation D21
PCPX-96159;Dengeki PlayStation D21 SCE Special
SLPM-80471;Dengeki PlayStation D22
SLPM-80481;Dengeki PlayStation D23
SLPM-80496;Dengeki PlayStation D24
SLPM-80497;Dengeki PlayStation D25
SLPM-80505;Dengeki PlayStation D26
SLPM-80516;Dengeki PlayStation D27
SLPM-80526;Dengeki PlayStation D28
SLPM-80545;Dengeki PlayStation D29
SLPM-80130;Dengeki PlayStation D3
SLPM-80547;Dengeki PlayStation D30
SLPM-80555;Dengeki PlayStation D31
SLPM-80557;Dengeki PlayStation D32
SLPM-80562;Dengeki PlayStation D33
SLPM-80569;Dengeki PlayStation D34
SLPM-80574;Dengeki PlayStation D35
SLPM-80578;Dengeki PlayStation D36
SLPM-80582;Dengeki PlayStation D37
SLPM-80589;Dengeki PlayStation D38
SLPM-80603;Dengeki PlayStation D39
SLPM-80157;Dengeki PlayStation D4
SLPM-80607;Dengeki PlayStation D41
SLPM-80611;Dengeki PlayStation D42
SLPM-80612;Dengeki PlayStation D43
SLPM-80615;Dengeki PlayStation D44
SLPM-80618;Dengeki PlayStation D45
SLPM-80186;Dengeki PlayStation D5
SLPM-80214;Dengeki PlayStation D6
SLPM-80309;Dengeki PlayStation D7
SLPM-80257;Dengeki PlayStation D8
PCPX-96116;Dengeki PlayStation D8: Yarudora: Double Cast
SLPM-80266;Dengeki PlayStation D9
SLPS-02851;Denkou Sekka Micro Runner: Maniac Hakase no Hisaku
SLPS-91429;Denkou Sekka Micro Runner: Maniac Hakase no Hisaku
SLPS-01287;Denpa Shounen-teki Game
SLPS-00481;Densetsu no Ogre Battle
SLPS-91083;Densetsu no Ogre Battle
SLPS-02297;Densetsu-juu no Ana: Monster Complete World Ver. 2
SLPS-01753;Densha Daisuki: Plarail ga Ippai
SCPS-45166;Densha De Go!
SCPS-45167;Densha De Go!
SLPM-80166;Densha de Go!
SLPM-86263;Densha de Go!
SLPS-01150;Densha de Go!
SLPM-80346;Densha de Go! 2
SLPM-80406;Densha de Go! 2
SLPM-86142;Densha de Go! 2
SLPM-86615;Densha de Go! 2
SLPM-86141;Densha de Go! 2 [Premium Pack]
SLPM-80521;Densha de Go! Nagoya Tetsudou-hen
SLPM-86424;Densha de Go! Nagoya Tetsudou-hen
SLPM-80511;Densha de Go! Professional Shiyou
SLPM-86378;Densha de Go! Professional Shiyou
SLPM-86705;Densha de Go! Professional Shiyou
SCPS-18003;Depth
SLPS-03131;Derby Jockey 2001
SLPS-00616;Derby Jockey R
SLPM-80538;Derby Stallion Magazine 2000 Vol. 1
SLPM-80559;Derby Stallion Magazine 2000 Vol. 2
SLPM-80378;Derby Stallion Magazine Furoku CD-ROM Soushuu-hen
SLPM-80177;Derby Stallion Magazine Furoku CD-ROM Vol. 1
SLPM-80288;Derby Stallion Magazine Furoku CD-ROM Vol. 10
SLPM-80315;Derby Stallion Magazine Furoku CD-ROM Vol. 11
SLPM-80334;Derby Stallion Magazine Furoku CD-ROM Vol. 12
SLPM-80198;Derby Stallion Magazine Furoku CD-ROM Vol. 2
SLPM-80211;Derby Stallion Magazine Furoku CD-ROM Vol. 3
SLPM-80221;Derby Stallion Magazine Furoku CD-ROM Vol. 4
SLPM-80307;Derby Stallion Magazine Furoku CD-ROM Vol. 5
SLPM-80235;Derby Stallion Magazine Furoku CD-ROM Vol. 6
SLPM-80249;Derby Stallion Magazine Furoku CD-ROM Vol. 7
SLPM-80261;Derby Stallion Magazine Furoku CD-ROM Vol. 8
SLPM-80280;Derby Stallion Magazine Furoku CD-ROM Vol. 9
SLPS-00180;Deroon Dero Dero
SLES-00055;Descent
SLPS-00212;Descent
SLUS-00037;Descent
SLES-00558;Descent II
SLUS-00460;Descent Maximum
SLPS-00602;Deserted Island
SCES-01768;Destrega
SCES-01769;Destrega
SCES-01770;Destrega
SCES-01771;Destrega
SCES-01772;Destrega
SLPM-80310;Destrega
SLPS-01591;Destrega
SLUS-00732;Destrega
SLPM-86336;Destrega [Koei the Best]
SCES-00008;Destruction Derby
SCUS-94302;Destruction Derby
SIPS-60001;Destruction Derby
SCPS-45076;Destruction Derby 2
SCUS-94350;Destruction Derby 2
SIPS-60012;Destruction Derby 2
SLES-00299;Destruction Derby 2
SCES-02060;Destruction Derby Raw
SLUS-00912;Destruction Derby Raw
SLUS-90092;Destruction Derby Raw
SLES-04073;Destructo 2
SLPM-86054;Detana Twinbee Yahoo! Deluxe Pack
SLPS-00100;Detana Twinbee Yahoo! Deluxe Pack
SLPM-87322;Detana Twinbee Yahoo! Deluxe Pack [PSOne Books]
SLES-03803;Detective Barbie: The Mystery Cruise
SLUS-01221;Detective Barbie: The Mystery Cruise
SLES-04130;Detective Mouse
SLPS-01889;Devicereign
SCES-01312;Devil Dice
SLUS-00672;Devil Dice
SLPS-02275;Devil Man
SLPM-87184;Devil Summoner: Soul Hackers (Disc 1)
SLPS-01921;Devil Summoner: Soul Hackers (Disc 1)
SLPS-91200;Devil Summoner: Soul Hackers (Disc 1)
SLPM-87185;Devil Summoner: Soul Hackers (Disc 2)
SLPS-01922;Devil Summoner: Soul Hackers (Disc 2)
SLPS-91201;Devil Summoner: Soul Hackers (Disc 2)
SLES-00848;Devil's Deception
SCPS-45436;DewPrism
SLPM-87402;DewPrism
SLPS-02330;DewPrism
SLPS-91455;DewPrism
SLES-03627;Dexter's Laboratory: Mandark's Lab
SLES-03829;Dexter's Laboratory: Mandark's Lab
SLUS-01421;Dexter's Laboratory: Mandark's Lab
SLPS-01503;Dezaemon Kids!
SLPS-00335;Dezaemon Plus
SLPS-01504;Dezaemon Plus Select 100
SLES-01156;Diablo
SLPS-01416;Diablo
SLUS-00619;Diablo
SLPS-91177;Diablo [Playstation the Best]
SLPS-02523;Dice de Chocobo
SLES-00445;Die Hard Trilogy
SLPS-00585;Die Hard Trilogy
SLUS-00119;Die Hard Trilogy
SLES-02746;Die Hard Trilogy 2: Viva Las Vegas
SLES-02747;Die Hard Trilogy 2: Viva Las Vegas
SLES-02748;Die Hard Trilogy 2: Viva Las Vegas
SLES-02749;Die Hard Trilogy 2: Viva Las Vegas
SLUS-01015;Die Hard Trilogy 2: Viva Las Vegas
SLPS-03372;Diet Nyuumon Set Undou Kaishou! [Blue Controller Set]
SLPS-03371;Diet Nyuumon Set Undou Kaishou! [Orange Controller Set]
SLPM-86038;Digical League
SLPS-00549;DigiCro: Digital Number Crossword
SLES-03900;Digimon Digital Card Battle
SLUS-01328;Digimon Digital Card Battle
SLES-03841;Digimon Rumble Arena
SLUS-01404;Digimon Rumble Arena
SLES-02914;Digimon World
SLES-03434;Digimon World
SLES-03435;Digimon World
SLES-03436;Digimon World
SLES-03437;Digimon World
SLUS-01032;Digimon World
SLPS-91233;Digimon World [Playstation the Best]
SLUS-01193;Digimon World 2
SLES-03936;Digimon World 2003
SLUS-01436;Digimon World 3
SLPS-03357;DigimonTamers: Battle Evolution
SLPS-03211;DigimonTamers: PocketCulumon
SLPS-01797;DigimonWorld
SLPS-02844;DigimonWorld 2
SLPS-03446;DigimonWorld 3: Aratanaru Bouken no Tobira
SLPS-03101;DigimonWorld: Digital Card Arena
SLPS-02506;DigimonWorld: Digital Card Battle
SLPM-87103;Digital Ehon Vol. 1: Imadoki no Momotarou
SLPM-87104;Digital Ehon Vol. 2: Imadoki no Kaguya-hime
SLPM-87105;Digital Ehon Vol. 3: Imadoki no Saru Kani
SLPM-87106;Digital Ehon Vol. 4: Imadoki no Hanasaka Jiisan
SLPM-87107;Digital Ehon Vol. 5: Imadoki no Urashima-tarou
SLPS-01481;Digital Figure Iina
SLPS-02276;Digital Glider Airman
SLPS-91486;Digital Glider Airman [PSOne Books]
SLES-02207;Dino Crisis
SLES-02208;Dino Crisis
SLES-02209;Dino Crisis
SLES-02210;Dino Crisis
SLES-02211;Dino Crisis
SLPM-86903;Dino Crisis
SLPS-02180;Dino Crisis
SLUS-00922;Dino Crisis
SLUS-90066;Dino Crisis (Demo)
SLES-03221;Dino Crisis 2
SLES-03222;Dino Crisis 2
SLES-03223;Dino Crisis 2
SLES-03224;Dino Crisis 2
SLES-03225;Dino Crisis 2
SLPM-80573;Dino Crisis 2
SLPM-86627;Dino Crisis 2
SLPM-87234;Dino Crisis 2
SLUS-01279;Dino Crisis 2
SLUS-90087;Dino Crisis 2 (Demo)
CPCS-00701;Dino Crisis 5th Anniversary (Disc 3)
SLES-03989;Dinomaster Party
SLES-04063;Dinosaurs
SLPM-80587;Dioramos
SLPS-02797;Dioramos
SLPM-80501;Dirt Champ Motocross No. 1
SLPS-02146;Dirt Champ Motocross No. 1
SLUS-01552;Dirt Jockey: Heavy Equipment Operator
SLPS-02428;Disc Derby: Meiba o Tsukurou!!
SLPS-03024;Disc Derby: Meiba wo Tsukurou!! [Reprint]
SLPM-80169;Disc Station Bessatsu: I Miss You. Tanaka Katsumi
SLPS-00251;Discworld
SLPS-02656;Discworld
SLED-01109;Discworld II (Demo)
SLES-00793;Discworld II: Missing Presumed...!
SCUS-94605;Discworld II: Mortality Bytes!
SLES-00794;Discworld II: Mortellement Votre
SLES-00795;Discworld II: Vermutlich vermisst...!
SLES-01549;Discworld Noir
SLES-02063;Discworld Noir
SLES-02064;Discworld Noir
SLED-02604;Discworld Noir (Demo)
SCES-00894;Disney Action Game Disney Presenta Hercules
SCES-03004;Disney Aladdin: La Revanche de Nasira
SCES-03006;Disney Aladdin: La Vendetta di Nasira
SCES-03008;Disney Aladdin: La Venganza de Nasira
SCES-03543;Disney Atlantida: O Continente Perdido
SCES-03537;Disney Atlantide: L'Empire Perdu
SCED-03637;Disney Atlantide: L'Empire Perdu (Demo)
SCES-03541;Disney Atlantis: El Imperio Perdido
SCES-03539;Disney Atlantis: L'Impero Perduto
SCES-03715;Disney Aventuras de Peter Pan en el Pais de Nunca Jamas
SLES-03638;Disney Dingo Une Journee de Dingue!
SLES-02891;Disney Dinosaure
SLES-02893;Disney Dinosauri
SLES-02894;Disney Dinosaurio
SCES-03018;Disney El Emperador y sus Locuras
SCES-03941;Disney El planeta del tesoro
SCES-02004;Disney Fais Ton Histoire! Mulan
SCES-03940;Disney Il Pianeta del Tesoro
SLES-03271;Disney Il Re Leone: La Grande Avventura di Simba
SCES-00892;Disney Jeu d'Action Disney Presente Hercule
SCES-00895;Disney Juego de Accion Disney Presenta Hercules
SCES-03013;Disney Keisarin Uudet Kuviot
SCES-03014;Disney Kuzco: L'Empereur Megalo
SCES-03033;Disney La Petite Sirene 2
SCES-03938;Disney La Planete au Tresor
SCES-03035;Disney La Sirenetta II
SCES-03036;Disney La Sirenita 2
SLES-03641;Disney La Super-Diver Casa de Goofy
SCES-03016;Disney Le Follie dell'Imperatore
SLES-03269;Disney le Roi Lion: La Formidable Aventure de Simba
SLES-03965;Disney Learning: Mickey
SLES-03983;Disney Learning: Winnie the Pooh
SCES-02006;Disney Libro Animato Creativo: Mulan
SCES-03875;Disney Lilo & Stitch en Problemas en el Paraiso
SCES-03874;Disney Lilo & Stitch: Grossi Guai alle Hawaii
SCES-03872;Disney Lilo & Stitch: Ouragan sur Hawai
SCES-03877;Disney Lilo & Stitch: Sarilhos no Paraiso
SLES-03099;Disney Pato Donald: Cuac Attack
SCES-03717;Disney Peter Pan: Aventuras na Terra do Nunca
SCES-03711;Disney Peter Pan: Aventures au Pays Imaginaire
SCES-03713;Disney Peter Pan: L'Avventura nell'Isola che non c'e
SLES-03640;Disney Pippo Giochi Pazzi
SCES-03749;Disney Pooh e Tigro! E Qui la Festa
SLUS-01210;Disney Presents Tigger's Honey Hunt
SLUS-01536;Disney Presents Tigger's Honey Hunt (USA) (Rerelease)
SCES-01516;Disney Tarzan
SCES-01518;Disney Tarzan
SCES-01519;Disney Tarzan
SLES-03259;Disney Tigger tras un Bote de Miel
SLES-03258;Disney Tigro e la Caccia al Miele
SCES-03748;Disney Ven a la Fiesta! con Winnie the Pooh
SLES-03256;Disney Winnie l'Ourson: La Chasse au Miel de Tigrou
SCES-01489;Disney-Pixar A Bug's Life
SCES-01520;Disney-Pixar A Bug's Life
SCUS-94288;Disney-Pixar A Bug's Life
SLUS-01538;Disney-Pixar A Bug's Life (Rerelease)
SCES-02459;Disney-Pixar A Bug's Life: Atelier de Jeux
SCES-02014;Disney-Pixar A Bug's Life: Disney's Activity Centre
SCES-02460;Disney-Pixar A Bug's Life: Disneys Malen und Spielen
SCES-01522;Disney-Pixar A Bug's Life: Megaminimondo (Rev 1)
SCES-01523;Disney-Pixar Bichos Una Aventura en Miniatura
SCES-02461;Disney-Pixar Bottega dei Giochi: A Bug's Life Megaminimondo
SLES-03314;Disney-Pixar Buzz Lightyear da Commando Stellare
SLES-03310;Disney-Pixar Buzz Lightyear of Star Command
SLUS-01192;Disney-Pixar Buzz Lightyear of Star Command
SLES-03313;Disney-Pixar Captain Buzz Lightyear: Star Command
SCES-01521;Disney-Pixar Das grosse Krabbeln
SCES-03764;Disney-Pixar Die Monster AG: Schreckens-Insel
SCES-01525;Disney-Pixar Een Luizenleven
SCES-01526;Disney-Pixar Ett smakryps liv
SCES-01524;Disney-Pixar Graes-Rodderne
SLES-03312;Disney-Pixar Les Aventures de Buzz L'Eclair
SCES-03765;Disney-Pixar Monster & Co.: L'Isola dello Spavento
SCES-03766;Disney-Pixar Monsterbedriften: Skrekkoya
SCES-03762;Disney-Pixar Monsterit Oy: Saeikkysaari
SCES-03761;Disney-Pixar Monsters en Co.: Schrik Eiland
SCES-03769;Disney-Pixar Monsters, Inc.: Monstros e Companhia: Ilha Assustadora
SCES-03759;Disney-Pixar Monsters, Inc.: Scare Island
SCED-03811;Disney-Pixar Monsters, Inc.: Scare Island (Demo)
SCUS-94635;Disney-Pixar Monsters, Inc.: Scream Team
SCES-03768;Disney-Pixar Monsters, Inc.: Skraemmaroen
SCES-03760;Disney-Pixar Monsters, Inc.: Skraemmeoen
SCES-03763;Disney-Pixar Monstres & Cie: L'ile de l'Epouvante
SCES-03767;Disney-Pixar Monstruos, S.A.: Isla de los Sustos
SCES-01737;Disney-Pixar Oetoekaen elaemaeae
SCES-01738;Disney-Pixar Sma-kryp
SLES-02405;Disney-Pixar Toy Story 2: Buzz l'Eclair a la Rescousse!
SLES-02408;Disney-Pixar Toy Story 2: Buzz Lightyear al Rescate!
SLES-02406;Disney-Pixar Toy Story 2: Buzz Lightyear eilt zur Hilfe!
SLES-02067;Disney-Pixar Toy Story 2: Buzz Lightyear to the Rescue!
SLUS-00893;Disney-Pixar Toy Story 2: Buzz Lightyear to the Rescue!
SLED-02416;Disney-Pixar Toy Story 2: Buzz Lightyear to the Rescue! (Demo)
SLES-02407;Disney-Pixar Toy Story 2: Woody e Buzz alla riscossa!
SLES-03396;Disney-Pixar Toy Story Racer
SLES-03397;Disney-Pixar Toy Story Racer
SLES-03398;Disney-Pixar Toy Story Racer
SLUS-01214;Disney-Pixar Toy Story Racer
SLES-03315;Disney-Pixar's Buzz Lightyear: Guardianes del Espacio
SLUS-01574;Disney's 101 Dalmatians II: Patch's London Adventure
SLES-03189;Disney's 102 Dalmatians: Puppies to the Rescue
SLES-03190;Disney's 102 Dalmatians: Puppies to the Rescue
SLES-03191;Disney's 102 Dalmatians: Puppies to the Rescue
SLUS-01152;Disney's 102 Dalmatians: Puppies to the Rescue
SCES-00891;Disney's Action Game featuring Hercules
SCES-00896;Disney's Action Game met Hercules
SCES-00898;Disney's Action spel med Herkules
SCES-03000;Disney's Aladdin in Nasira's Revenge
SCUS-94569;Disney's Aladdin in Nasira's Revenge
SCES-03002;Disney's Aladdin in Nasira's Wraak
SCES-03535;Disney's Atlantis: De Verzonken Stad
SCES-03542;Disney's Atlantis: En foersvunnen vaerld
SCED-03636;Disney's Atlantis: The Lost Empire
SCES-03533;Disney's Atlantis: The Lost Empire
SCUS-94636;Disney's Atlantis: The Lost Empire
SCES-02007;Disney's Aventura Interactiva: Mulan
SCES-03235;Disney's De Kleine Zeemeermin II
SLES-03268;Disney's De Leeuwenkoning: Simba's Machtige Avontuur
SLES-02864;Disney's Dinosaur
SLUS-01167;Disney's Dinosaur
SLES-02892;Disney's Dinosaurier
SLPM-88502;Disney's Donald Duck: Goin' Quackers
SLUS-01242;Disney's Donald Duck: Goin' Quackers
SLES-03095;Disney's Donald Duck: Quack Attack
SLES-03097;Disney's Donald Duck: Quack Attack
SLES-03098;Disney's Donald Duck: Quack Attack
SLES-03272;Disney's El Rey Leon: Las Aventuras del Poderoso Simba
SLES-03178;Disney's Goofy's Fun House
SLES-03639;Disney's Goofy's Fun House
SLUS-01209;Disney's Goofy's Fun House
SLUS-00529;Disney's Hercules Action Game
SLUS-01029;Disney's Hercules Action Game (Rerelease)
SCES-03021;Disney's Junglebogen: Groove Party
SCES-03012;Disney's Keizer Kuzco
SCUS-94646;Disney's Lilo & Stitch
SCES-03876;Disney's Lilo & Stitch: Heisa op Hawai
SCES-03871;Disney's Lilo & Stitch: Trouble in Paradise
SCES-01695;Disney's Mulan: Story Studio
SCES-03745;Disney's Party mit Winnie Puuh
SCES-03705;Disney's Party Time with Winnie the Pooh
SCES-03707;Disney's Peter Pan: Adventures in Never Land
SCED-03883;Disney's Peter Pan: Adventures in Never Land (Demo)
SCES-03709;Disney's Peter Pan: Avonturen in Nooitgedachtland
SLUS-01583;Disney's Peter Pan: Return to Never Land
SCES-03942;Disney's Piratenplaneet: De Schat van Kapitein Flint
SLUS-01437;Disney's Pooh's Party Game: In Search of the Treasure
SCES-03943;Disney's Skattkammarplaneten
SCES-03746;Disney's Spelen met Winnie de Poeh en zijn Vriendjes!
SLUS-01038;Disney's Story Studio: Mulan
SCES-01431;Disney's Tarzan
SCES-02185;Disney's Tarzan
SCUS-94456;Disney's Tarzan
SLPM-86383;Disney's Tarzan
SLUS-01537;Disney's Tarzan (Rerelease)
SLES-03260;Disney's Teigetjes Honingjacht
SCES-03010;Disney's The Emperor's New Groove
SCUS-94571;Disney's The Emperor's New Groove
SLES-03267;Disney's The Lion King: Simba's Mighty Adventure
SLUS-01282;Disney's The Lion King: Simba's Mighty Adventure
SCES-03032;Disney's The Little Mermaid II
SLUS-01286;Disney's The Little Mermaid II
SLES-03179;Disney's Tigger's Honey Hunt
SCES-03937;Disney's Treasure Planet
SCUS-94647;Disney's Treasure Planet
SCES-02264;Disney's Verhalenstudio: Mulan
SCES-03706;Disney's Winnie L'Ourson: C' Est La Recre!
SLUS-01513;Disney's Winnie the Pooh: Kindergarten
SLUS-01514;Disney's Winnie the Pooh: Preschool
SCES-03027;Disney'sJungelboken: Groove Party
SLES-02733;Disney'sWorld Quest: Magical Racing Tour
SLPM-86330;Disney/Pixar A Bug's Life
SCES-03003;Disneyn Aladdin: Nasiran Kosto
SCES-03536;Disneyn Atlantis: Kadonnut Kaupunki
SCES-03710;Disneyn Peter Pan: Seikkailu Mika-Mika-Maassa
SCES-02184;Disneyn Tarzan
SCES-00897;Disneys Action Spil med Herkules
SCES-03009;Disneys Aladdin: Nasiras haemnd
SCES-03001;Disneys Aladdin: Nasiras Haevn
SCES-03007;Disneys Aladdin: Nasiras Hevn
SCES-03005;Disneys Aladdin: Nasiras Rache
SCES-03034;Disneys Arielle 2
SCES-03538;Disneys Atlantis: Das Geheimnis der verlorenen Stadt
SCES-03534;Disneys Atlantis: Det Forsvundne Rige
SCES-03540;Disneys Atlantis: En Forsvunnet Verden
SLES-03270;Disneys Der Koenig der Loewen: Simbas grosses Abenteuer
SCES-03939;Disneys Der Schatzplanet
SCES-03015;Disneys Ein Koenigreich fuer ein Lama
SCES-03017;Disneys Et Kongerike for en Lama
SCES-00893;Disneys Hercules Action-Spiel
SCES-02005;Disneys Interaktive Abenteuer: Mulan
SCES-03019;Disneys Kejsarens Nya Stil
SCES-03011;Disneys Kejserens Nye Flip
SCES-03879;Disneys Lilo & Stitch: Ballade pa Hawaii!
SCES-03880;Disneys Lilo & Stitch: Hula Baluba!
SCES-03878;Disneys Lilo & Stitch: Trubbel i Paradiset
SCES-03873;Disneys Lilo & Stitch: Zoff auf Hawaii
SCES-03716;Disneys Peter Pan: Aeventyr i landet Ingenstans
SCES-03714;Disneys Peter Pan: Eventyr i Drommeland
SCES-03708;Disneys Peter Pan: Eventyr pa Onskeoen
SCES-03712;Disneys Peter Pan: Rueckkehr nach Nimmerland
SCES-03747;Disneys Plys' Spil-og-Leg-Sted
SCES-03944;Disneys Skatteplaneten
SCES-01517;Disneys Tarzan
SCES-02181;Disneys Tarzan
SCES-02182;Disneys Tarzan
SCES-02183;Disneys Tarzan
SLES-03261;Disneys Tigerdyrets honningjagt
SLES-03257;Disneys Tiggers Honigjagd
SCPS-45043;Disruptor
SLES-00535;Disruptor
SLES-00564;Disruptor
SLES-00565;Disruptor
SLPS-00804;Disruptor
SLUS-00224;Disruptor
SLED-00594;Disruptor (Demo)
SLES-01535;Diver's Dream
SLUS-00317;Divide, The: Enemies Within
SLES-01082;Dodgem Arena
SLPM-80286;DoDonPachi
SLPS-01364;DoDonPachi
SLPM-80294;Dokapon! Ikari no Tekken
SLPS-01559;Dokapon! Ikari no Tekken
SLPS-91190;Dokapon! Ikari no Tekken
SLPS-01454;Doki Doki On Air
SLPS-01942;Doki Doki On Air 2
SLPM-80285;Doki Doki Poyatchio!!
SLPS-01573;Doki Doki Poyatchio!!
SLPS-03125;Doki Doki Poyatchio!! [Reprint]
SLPS-00513;Doki Doki Pretty League
SLPS-00756;Doki Doki Pretty League
SLPS-02673;Doki Doki Pretty League: Lovely Star
SLPS-01507;Doki Doki Pretty League: Nekketsu Otome Seishunki (Disc 1)
SLPS-01508;Doki Doki Pretty League: Nekketsu Otome Seishunki (Disc 2)
SLPS-01509;Doki Doki Pretty League: Nekketsu Otome Seishunki (Disc 3)
SLPM-86988;Doki Doki Shutter Chance: Koi no Puzzle o Kumitatete
SLPS-01038;Doki Doki Shutter Chance: Koi no Puzzle o Kumitatete
SLPS-00130;Dokiou-ki
SLPS-02819;Doko Demo Hamster 2
SLPS-03250;Doko Demo Hamster 4: Doki Doki Sugoroku Daibouken!
SLPS-03356;Doko Demo Hamster: Bi! Click Tankentai
PAPX-90086;Doko Demo Issho
PCPX-96152;Doko Demo Issho
SCPM-85006;Doko Demo Issho
SCPS-10092;Doko Demo Issho
SCPS-10142;Doko Demo Issho
SCPS-91212;Doko Demo Issho
SCPS-10125;Doko Demo Issyo [PocketStation mo Issho]
SLPS-03388;Doko made mo Aoku...
SLPS-03393;Doko made mo Aoku...
SLPM-86122;Dolphin's Dream
SLPS-01478;Dome no Yabou 2: The Race of Champions
SLPS-02753;Dome no Yabou 2: The Race of Champions
SLPS-01095;Domino-kun o Tomenai de.
SLPS-02536;Domino-kun o Tomenaide [Artdink Best Choice]
SLPM-86855;DonPachi
SLPS-00548;DonPachi
SLPS-00308;Doom
SLES-00132;Doom (EDC)
SLES-00157;Doom (One Level Demo Disc)
SLUS-00077;Doom (Rev 1)
SCPS-45004;Doraemon 2: Sos! Otogi no Kuni
SLPS-00628;Doraemon 2: SOS! Otogi no Kuni
SLPS-02369;Doraemon 2: Sos! Otogi no Kuni [Reprint]
SLPS-03076;Doraemon 3: Makai no Dungeon
SLPS-03421;Doraemon 3: Makai No Dungeon [Reprint]
SLPS-01726;Doraemon: Nobita to Fukkatsu no Hoshi
SLPS-00233;Doraemon: Nobitaito Fukkatsu no hoshi
SLPS-01984;Dosukoi Densetsu
SLPS-01362;Dotchi de Ball!
SCPS-10129;Dotchi Mecha!
SLPS-02891;Dotsubo-chan
SLPS-00191;Double Dragon
SCED-02257;Double Life
SLPS-03526;Doubutsu Chara Navi Uranai 2: Kosei Shinrigaku + Ren'ai Uranai Puzzle
SLPS-03165;Doubutsu Kyaranabi Uranai plus Renai Uranai Puzzle
SLPS-00077;Douga de Puzzle da! Puppukupuu
SLPS-91450;Doukyu Re-Mix Billiard Multiple [PSOne Books]
SLPS-02011;Doukyuu Re-mix: Billiards Multiple
SLPS-01385;Doukyuu: Billiard Master
SLPS-02363;Doukyuu: Billiard Master
SLPS-00690;Doukyuusei 2
SLPS-00691;Doukyuusei 2
SLPM-86469;Doukyuusei Mahjong
SLPS-00673;Doukyuusei Mahjong
SLPS-01391;Downhill Snow
SLPM-87171;Dr. Rin ni Kiite Mite! Koi no Happy Four Seasons
SLPS-01934;Dr. Slump
SLES-03350;Dracula 2: Die letzte Zufluchtsstaette (Disc 1)
SLES-13350;Dracula 2: Die letzte Zufluchtsstaette (Disc 2)
SLES-03352;Dracula 2: El Ultimo Santuario (Disc 1)
SLES-13352;Dracula 2: El Ultimo Santuario (Disc 2)
SLES-03351;Dracula 2: L'Ultimo Santuario (Disc 1)
SLES-13351;Dracula 2: L'Ultimo Santuario (Disc 2)
SLES-03349;Dracula 2: Le Dernier Sanctuaire (Disc 1)
SLES-13349;Dracula 2: Le Dernier Sanctuaire (Disc 2)
SLES-03348;Dracula 2: The Last Sanctuary (Disc 1)
SLES-13348;Dracula 2: The Last Sanctuary (Disc 2)
SLES-02762;Dracula: A Ressurreicao (Disc 1)
SLES-12762;Dracula: A Ressurreicao (Disc 2)
SLES-02761;Dracula: La Risurrezione (Disc 1)
SLES-12761;Dracula: La Risurrezione (Disc 2)
SLES-02760;Dracula: Resurreccion (Disc 1)
SLES-12760;Dracula: Resurreccion (Disc 2)
SLES-02758;Dracula: Resurrection (Disc 1)
SLES-02759;Dracula: Resurrection (Disc 1)
SLES-12758;Dracula: Resurrection (Disc 2)
SLES-12759;Dracula: Resurrection (Disc 2)
SLUS-01440;Dracula: The Last Sanctuary (Disc 1)
SLUS-01443;Dracula: The Last Sanctuary (Disc 2)
SLES-02757;Dracula: The Resurrection (Disc 1)
SLUS-01284;Dracula: The Resurrection (Disc 1)
SLES-12757;Dracula: The Resurrection (Disc 2)
SLUS-01316;Dracula: The Resurrection (Disc 2)
SCPS-45109;Dragon Ball GT Final Bout
SLUS-00493;Dragon Ball GT: Final Bout
SLPS-00355;Dragon Ball Z: Idai naru Dragon Ball Densetsu
SLPS-91035;Dragon Ball Z: Idai naru Dragon Ball Densetsu
SLES-03736;Dragon Ball Z: Ultimate Battle 22
SLES-03737;Dragon Ball Z: Ultimate Battle 22
SLES-03738;Dragon Ball Z: Ultimate Battle 22
SLES-03739;Dragon Ball Z: Ultimate Battle 22
SLPS-00073;Dragon Ball Z: Ultimate Battle 22
SLPS-91017;Dragon Ball Z: Ultimate Battle 22
SLUS-01550;Dragon Ball Z: Ultimate Battle 22
SLES-00291;Dragon Ball Z: Ultimate Battle 22 (EDC)
SLES-00964;Dragon Ball: Final Bout
SLES-03683;Dragon Ball: Final Bout
SLES-03684;Dragon Ball: Final Bout
SLES-03685;Dragon Ball: Final Bout
SLES-03735;Dragon Ball: Final Bout
SLPM-80112;Dragon Ball: Final Bout
SLPS-00949;Dragon Ball: Final Bout
SLPS-91079;Dragon Ball: Final Bout
SLPS-03470;Dragon Drive: Tactics Break
SLPS-00664;Dragon Knight 4
SLPS-02037;Dragon Money
SLPM-80479;Dragon Quest Characters: Torneko no Daibouken 2: Fushigi no Dungeon
SLPM-86293;Dragon Quest Characters: Torneko no Daibouken 2: Fushigi no Dungeon
SLPM-86916;Dragon Quest IV: Michibikareshi Mono-tachi
SLPM-87377;Dragon Quest IV: Michibikareshi Mono-tachi
SLPM-87356;Dragon Quest IV: Michibikareshi Monotachi [PSone Books]
SLPM-87050;Dragon Quest Monsters 1 & 2: Hoshifuri no Yuusha to Bokujou no Nakama-tachi
SCPS-45504;Dragon Quest VII: Eden no Senshi-tachi (Disc 1)
SLPM-86500;Dragon Quest VII: Eden no Senshi-tachi (Disc 1)
SLPM-87352;Dragon Quest VII: Eden no Senshi-tachi (Disc 1)
SLPM-87378;Dragon Quest VII: Eden no Senshi-tachi (Disc 1)
SCPS-45505;Dragon Quest VII: Eden no Senshi-tachi (Disc 2)
SLPM-86501;Dragon Quest VII: Eden no Senshi-tachi (Disc 2)
SLPM-87353;Dragon Quest VII: Eden no Senshi-tachi (Disc 2)
SLPM-87379;Dragon Quest VII: Eden no Senshi-tachi (Disc 2)
SLUS-00734;Dragon Seeds
SLPS-01514;Dragon Seeds: Saishuu Shinka Keitai
SLES-03183;Dragon Tales: Dragonseek
SLUS-01176;Dragon Tales: Dragonseek
SCES-01705;Dragon Valor (Disc 1)
SCES-02565;Dragon Valor (Disc 1)
SCES-02566;Dragon Valor (Disc 1)
SCES-02567;Dragon Valor (Disc 1)
SCES-02568;Dragon Valor (Disc 1)
SCPS-45459;Dragon Valor (Disc 1)
SLPS-02190;Dragon Valor (Disc 1)
SLUS-01092;Dragon Valor (Disc 1)
SCES-11705;Dragon Valor (Disc 2)
SCES-12565;Dragon Valor (Disc 2)
SCES-12566;Dragon Valor (Disc 2)
SCES-12567;Dragon Valor (Disc 2)
SCES-12568;Dragon Valor (Disc 2)
SCPS-45460;Dragon Valor (Disc 2)
SLPS-02191;Dragon Valor (Disc 2)
SLUS-01164;Dragon Valor (Disc 2)
SLUS-01206;Dragon Warrior VII (Disc 1)
SLUS-01346;Dragon Warrior VII (Disc 2)
SLPS-01067;Dragonbeat: Legend of Pinball
SLES-00300;DragonHeart: Fire & Steel
SLUS-00226;DragonHeart: Fire & Steel
SLES-03525;Dragstars
SLPS-01836;Dream Circus
SLPS-01482;Dream Generation: Koi Ka? Shigoto Ka!?
SLPS-02270;Dream Generation: Koi ka? Shigoto ka!?...
SLES-01938;Dream Story: Les Aventures de Tim et Lola
SLES-00714;Dreams
SLPM-80037;Drift King Shutokou Battle: Tsuchiya Keiichi & Bandou Masaaki
SLPS-00250;Drift King Shutokou Battle: Tsuchiya Keiichi & Bandou Masaaki
SLPS-91021;Drift King Shutokou Battle: Tsuchiya Keiichi & Bandou Masaaki
SLES-01816;Driver
SLES-01975;Driver
SLES-01976;Driver
SLES-01977;Driver
SLES-01978;Driver
SLED-01817;Driver (Demo)
SLUS-90094;Driver 2
SLUS-90093;Driver 2 (Demo)
SLUS-01161;Driver 2 (Disc 1) (Rev 1)
SLUS-01318;Driver 2 (Disc 2)
SLED-03110;Driver 2: Back on the Streets (Demo)
SLES-02993;Driver 2: Back on the Streets (Disc 1)
SLES-02995;Driver 2: Back on the Streets (Disc 1)
SLES-02997;Driver 2: Back on the Streets (Disc 1)
SLES-02994;Driver 2: Back on the Streets (Disc 1) (Rev 1)
SLES-02996;Driver 2: Back on the Streets (Disc 1) (Rev 1)
SLES-12993;Driver 2: Back on the Streets (Disc 2)
SLES-12996;Driver 2: Back on the Streets (Disc 2)
SLES-12997;Driver 2: Back on the Streets (Disc 2)
SLES-12994;Driver 2: Back on the Streets (Disc 2) (Rev 1)
SLES-12995;Driver 2: Back on the Streets (Disc 2) (Rev 1)
SLPS-02613;Driver: Sennyuu! Car Chase Daisakusen
SLPS-03273;Driver: Sennyuu! Car Chase Daisakusen
SLUS-00842;Driver: You Are the Wheelman
SLUS-90053;Driver: You Are the Wheelman (Demo)
SLPS-02466;Driver: You Are the Wheelman / V-Rally: Championship Edition 2
SLPS-01246;Druid: Yami e no Tsuisekisha
SCED-03358;Dschungelbuch, Das: Groove Party (Demo)
SLES-03402;DSF Fussball Manager 2001
SLES-03864;DSF Fussball Manager 2002
SCED-01386;Dual Shock Demo
SLES-02821;Ducati World
SLES-03377;Ducati World
SLUS-01025;Ducati World: Racing Challenge
SLES-00703;Duke Nukem
SLES-00987;Duke Nukem
SLED-01027;Duke Nukem (Demo)
SLES-03405;Duke Nukem: Land of the Babes
SLES-03440;Duke Nukem: Land of the Babes
SLUS-01002;Duke Nukem: Land of the Babes
SLES-01515;Duke Nukem: Time to Kill
SLES-01619;Duke Nukem: Time to Kill
SLUS-00583;Duke Nukem: Time to Kill
SLUS-80583;Duke Nukem: Time to Kill (Demo 1)
SLUS-90036;Duke Nukem: Time to Kill (Demo 2)
SLES-03517;Duke Nukem: Time to Kill (Rerelease)
SLES-03518;Duke Nukem: Time to Kill (Rerelease)
SLPS-01557;Duke Nukem: Total Meltdown
SLUS-00355;Duke Nukem: Total Meltdown
SLES-03393;Dukes of Hazzard II, The: Daisy Dukes It Out
SLUS-01243;Dukes of Hazzard II, The: Daisy Dukes It Out
SLES-02343;Dukes of Hazzard, The: Racing for Home
SLUS-00859;Dukes of Hazzard, The: Racing for Home (Rev 1)
SLES-02250;Dune
SLES-02247;Dune 2000
SLES-02248;Dune 2000
SLES-02249;Dune 2000
SLUS-00973;Dune 2000
SLPS-00349;Dungeon Creator
SLPS-00370;Dungeon Creator (Disc 1)
SLPS-00371;Dungeon Creator (Disc 2) (Memory Bank Disc)
SLPS-01650;Dungeon Shoutenkai: Densetsu no Ken Hajime mashita
SLPM-86908;DX Hyakunin Isshu
SLPM-87285;DX Jinsei Game IV: The Game of Life [The Best Takaramono]
SLPM-87368;DX Jinsei Game V [PSone Books]
SLPM-87348;DX Jinsei Game V [The Best Takaramono]
SLPS-02943;DX Monopoly
SLPM-87133;DX Monopoly [The Best Takaramono]
SLPS-00570;DX Nippon Tokkyuu Ryokou Game: Let's Travel in Japan
SLPS-91054;DX Nippon Tokkyuu Ryokou Game: Let's Travel in Japan
SLPM-87344;DX Okuman Chouja Game II [PSOne Books]
SLPS-01586;DX Okuman Chouja Game II: The Money Battle
SLPS-02566;DX Okuman Chouja Game II: The Money Battle
SLPS-00623;DX Okuman Chouja Game: The Money Battle
SLPS-91046;DX Okuman Chouja Game: The Money Battle
SLPS-02105;DX Shachou Game
SLPS-03071;DX Shachou Game
SLPM-87345;DX Shachou Game [PSOne Books]
SLPM-80234;Dynamite Boxing
SLPS-01387;Dynamite Boxing
SLPS-02554;Dynamite Soccer 2000
SLPS-03436;Dynamite Soccer 2002
SLPS-03575;Dynamite Soccer 2004 Final
PAPX-90043;Dynamite Soccer 98
SLPS-01414;Dynamite Soccer 98
SLUS-00438;Dynasty Warriors
PCPX-96178;e-Jump (Disc 1)
PCPX-96179;e-Jump (Disc 2)
SLES-03805;E.T. the Extra-Terrestrial: Interplanetary Mission
SLUS-01385;E.T. the Extra-Terrestrial: Interplanetary Mission
SCED-03914;E3 Demo 2002
SLES-02538;EA Sports Superbike 2000
SLUS-01052;EA Sports Superbike 2000
SLES-03399;EA Sports Supercross
SLUS-01319;EA Sports Supercross
SLES-02373;EA Sports Supercross 2000
SLUS-01005;EA Sports Supercross 2000
SLES-01715;Eagle One: Harrier Attack
SLUS-00943;Eagle One: Harrier Attack
SLES-00343;Earthworm Jim 2
SLPS-00525;East End x Yuri: Eexy Life
SLUS-01551;Easter Bunny's Big Day
SLPS-00844;Eberouge (Disc 1)
SLPS-00845;Eberouge (Disc 2)
SLPS-01905;Eberouge 2
SLPS-01412;Eberouge Special: Koi to Mahou no Gakuen Seikatsu
SLPS-00366;Ebisu Yoshikazu no Ooana Kyoutei
SLPS-01518;Echo Night
SLPS-91143;Echo Night
SLPS-91403;Echo Night
SLUS-00820;Echo Night
SLPM-80468;Echo Night #2: Nemuri no Shihaisha
SLPS-02167;Echo Night #2: Nemuri no Shihaisha
SLPS-91425;Echo Night #2: Nemuri no Shihaisha
SLPS-00648;Econo Kids: Ta ga Tame ni Kane wa Naru
SLPS-01791;Ecsaform (Disc 1)
SLPS-01792;Ecsaform (Disc 2)
SLES-01980;ECW Anarchy Rulz
SLES-02823;ECW Anarchy Rulz
SLES-03069;ECW Anarchy Rulz
SLUS-01169;ECW Anarchy Rulz
SLES-02535;ECW Hardcore Revolution
SLUS-01045;ECW Hardcore Revolution
SLUS-81045;ECW Hardcore Revolution (Demo)
SLES-02536;ECW Hardcore Revolution (Rev 1)
SLPS-01549;Efficus: Kono Omoi o Kimi ni...
SLPM-86543;Egg
SLPS-01121;Egg
SLUS-00751;Eggs of Steel: Charlie's Eggcellent Adventure
SLES-03491;Egipto II: La Profecia de Heliopolis
SLPM-80159;EGWord Ver 2.00
SLES-01599;Egypt 1156 A.C.: L'Enigma della Tomba Reale
SLES-01600;Egypt 1156 B.C.: Tomb of the Pharaoh
SLES-03374;Egypt II: Die Prophezeiung von Helipolis
SLES-03490;Egypt II: La Profezia di Heliopolis
SLES-03372;Egypt II: La Prophetie d'Heliopolis
SLES-03373;Egypt II: The Heliopolis Prophecy
SLES-01597;Egypte 1156 AV. J.-C.: L'Enigme de la Tombe Royale
SCPS-45364;Ehrgeiz
SLES-02111;Ehrgeiz: God Bless the Ring
SLPM-80332;Ehrgeiz: God Bless the Ring
SLPM-80333;Ehrgeiz: God Bless the Ring
SLPS-01750;Ehrgeiz: God Bless the Ring
SLPS-02770;Ehrgeiz: God Bless the Ring
SLPS-91448;Ehrgeiz: God Bless the Ring
SLUS-00809;Ehrgeiz: God Bless the Ring
SLED-02411;Eidos
SLUS-90040;Eidos Demo CD
SLUS-90047;Eidos Demo CD Volume 3
SLUS-90051;Eidos Demo CD Volume 4
SLUS-90074;Eidos Demo CD Volume 6
SLUS-90065;Eidos Demo Disc Volume 5
SLUS-90076;Eidos Demo Disc Volume 7
SLPS-02173;Eikan wa Kimi ni 4
SLPS-02813;Eikan wa Kimi ni 4
SLPM-86003;Eikou no Fairway: Virtual Golf Simulation
SLPM-80164;EinhÃ¤nder
SLPS-01008;EinhÃ¤nder
SCUS-94243;Einhaender
SCPS-45125;Einhnder
SLPS-00090;Eisei Meijin
SLPM-86014;Eisei Meijin II
SLPM-86199;Eisei Meijin III: Game Creator Yoshimura Nobuhiro no Zunou
SLPM-87091;EithÃ©a (Disc 1)
SLPS-03058;EithÃ©a (Disc 1)
SLPS-03141;EithÃ©a (Disc 1)
SLPM-87092;EithÃ©a (Disc 2)
SLPS-03059;EithÃ©a (Disc 2)
SLPS-03142;EithÃ©a (Disc 2)
SLPS-00181;Eko Eko Azarak: Wizard of Darkness
SCES-02177;El Tetris Un Magico Desafio
SLPM-80560;Elder Gate
SLPM-86494;Elder Gate
SLUS-00654;Elemental Gearbolt
SLES-04038;Elemental Pinball
SLES-00960;Elf Masters presente Formula Karts: Special Edition
SLPS-01456;Elf o Karu Monotachi II (Disc 1)
SLPS-01457;Elf o Karu Monotachi II (Disc 2)
SLPS-01458;Elf o Karu Monotachi II (Disc 3)
SLPS-00904;Elf o Karu Monotachi: Hanafuda-hen
SLPS-00973;Elf o Karu Monotachi: Kanzenban (Disc 1)
SLPS-00974;Elf o Karu Monotachi: Kanzenban (Disc 2)
SLPS-00778;Elfin Paradise
SLES-01364;Eliminator
SLUS-00699;Eliminator
SLPS-00117;Emit Value Pack (Disc 1) (Vol. 1: Toki no Maigo)
SLPS-00118;Emit Value Pack (Disc 2) (Vol. 2: Inochigake no Tabi)
SLPS-00119;Emit Value Pack (Disc 3) (Vol. 3: Watashi ni Sayonara wo)
SLPS-03216;Emmyrea
SLES-02985;En Busca del Valle Encantado: El Retorno al Gran Valle
SLPM-80328;End Sector
SLPS-01584;End Sector
SLPS-02972;End Sector [ASCII Casual Collection]
SLPM-86537;Enen Angel
SLPS-91459;Enen Angel
SLPS-02263;Engacho!
SLPS-01351;Enigma (Disc 1)
SLPS-01352;Enigma (Disc 2)
SLPS-01937;Enomoto Kanako no Boke Shindan Game
SLPS-00051;Entertainment Jansou: That's Pon!
SLPS-00820;EOS: Edge of Skyhigh
SLPS-01465;Epica Stella
SCES-00393;Epidemic
SCUS-94152;Epidemic
SCPS-40001;EPS Series Vol. 1: Because I Love You: Yukiko Morikawa
SCPS-40002;EPS Series Vol. 2: Moonlight to Daybreak: Yukie Nakama
SCPS-40003;EPS Series Vol. 3: Come and Kiss Me: Tomomi Tsunoda
SCPS-40004;EPS Series Vol. 4: Noise Reduction: Tomoa Yamamoto
SCPS-40005;EPS Series Vol. 5: Believer Dreamer: Junko Mizutani
SLES-02943;Equestriad 2001
SLUS-01462;Equestrian Showcase
SCED-03927;Erlebe den Zauber von Disney auf der PlayStation
SCES-00063;ESPN Extreme Games
SLUS-01186;ESPN MLS Gamenight
SIPS-60004;ESPN Street Games
SCED-00502;Essential PlayStation 1
SCED-01141;Essential PlayStation 10
SCED-01142;Essential PlayStation 11
SCED-01143;Essential PlayStation 12
SCED-00572;Essential PlayStation 2
SCED-00636;Essential PlayStation 3
SCED-00938;Essential PlayStation 4
SCED-01004;Essential PlayStation 5
SCED-00751;Essential PlayStation 6
SCED-01110;Essential PlayStation 7
SCED-01139;Essential PlayStation 8
SCED-01140;Essential PlayStation 9
SCES-01704;Esto Es Futbol
SCES-03076;Esto Es Futbol 2
SCED-03205;Esto Es Futbol 2 (Demo)
SLES-02270;Eternal Eyes
SLUS-01034;Eternal Eyes
SLPS-00584;Eternal Melody
SLPM-80336;Eurasia Express Satsujin Jiken
SLPM-86135;Eurasia Express Satsujin Jiken (Disc 1)
SLPM-86136;Eurasia Express Satsujin Jiken (Disc 2)
SLPM-86137;Eurasia Express Satsujin Jiken (Disc 3)
SLPM-86138;Eurasia Express Satsujin Jiken (Disc 4)
SCED-04079;Euro Demo (Future 100)
SCED-04080;Euro Demo (Future 101)
SCED-04081;Euro Demo (Future 102)
SCED-04082;Euro Demo (Future 103)
SCED-04083;Euro Demo (Future 104)
SCED-04084;Euro Demo (Future 105)
SLES-00885;Euro Demo (Future 107)
SCED-04134;Euro Demo (Future 108)
SLES-01907;Euro Demo (Future 94)
SCED-04074;Euro Demo (Future 95)
SCED-04075;Euro Demo (Future 96)
SCED-04076;Euro Demo (Future 97)
SCED-04077;Euro Demo (Future 98)
SCED-04078;Euro Demo (Future 99)
SCED-04085;Euro Demo (Future) 106
SCED-04133;Euro Demo (Future) 107
SCED-04056;Euro Demo (Future) 94
SCES-00107;Euro Demo 01 (Europe)
SCED-01844;Euro Demo 01-00
SCED-02666;Euro Demo 01-01
SCED-03476;Euro Demo 01-02
SCED-03903;Euro Demo 01-03
SCED-00583;Euro Demo 02
SLES-00150;Euro Demo 02
SCED-01845;Euro Demo 02-00
SCED-02667;Euro Demo 02-01
SCED-03809;Euro Demo 02-02
SCED-03477;Euro Demo 02/02
SCED-00622;Euro Demo 03
SLES-00181;Euro Demo 03
SCED-01846;Euro Demo 03-00
SCED-02668;Euro Demo 03-01
SCED-03478;Euro Demo 03-02
SCED-03905;Euro Demo 03-04-2003
SCED-00669;Euro Demo 04
SCES-00182;Euro Demo 04
SLES-00182;Euro Demo 04
SCED-01847;Euro Demo 04-00
SCED-02669;Euro Demo 04-01
SCED-03479;Euro Demo 04-02
SCED-01835;Euro Demo 04-99
SCED-01995;Euro Demo 04-99 'Action Special'
SCED-00670;Euro Demo 05
SCES-00183;Euro Demo 05
SCED-01848;Euro Demo 05-00
SCED-03887;Euro Demo 05-02
SCED-01836;Euro Demo 05-99
SCED-03468;Euro Demo 05/01
SCED-00610;Euro Demo 06
SCED-00671;Euro Demo 06
SCES-00184;Euro Demo 06
SCED-03469;Euro Demo 06-01
SCED-03892;Euro Demo 06-02
SCED-01837;Euro Demo 06-99
SCED-02050;Euro Demo 06-99 'Special'
SCED-02659;Euro Demo 06/00
SCED-00668;Euro Demo 07
SCED-00672;Euro Demo 07
SCES-00185;Euro Demo 07
SCED-02660;Euro Demo 07-00
SCED-03470;Euro Demo 07-01
SCED-03893;Euro Demo 07-02
SCED-01838;Euro Demo 07-99
SCED-00673;Euro Demo 08
SCED-00360;Euro Demo 08 (SCED-00360)
SCES-00186;Euro Demo 08 (SCES-00186)
SCED-02661;Euro Demo 08-00
SCED-03894;Euro Demo 08-02
SCED-01839;Euro Demo 08-99
SCED-03471;Euro Demo 08/01
SCED-00890;Euro Demo 08b
SCED-00361;Euro Demo 09
SCED-00674;Euro Demo 09
SCED-00772;Euro Demo 09
SCED-02662;Euro Demo 09-00
SCED-03472;Euro Demo 09-01
SCED-03895;Euro Demo 09-02
SCED-01840;Euro Demo 09-99
SCED-00362;Euro Demo 10
SCED-00675;Euro Demo 10
SCED-00773;Euro Demo 10
SCED-02663;Euro Demo 10-00
SCED-03473;Euro Demo 10-01
SCED-03896;Euro Demo 10/02
SCED-01841;Euro Demo 10/99
SCED-00363;Euro Demo 11
SCED-00676;Euro Demo 11
SCED-00774;Euro Demo 11
SCED-02664;Euro Demo 11-00
SCED-03474;Euro Demo 11-01
SCED-03897;Euro Demo 11-02
SCED-01842;Euro Demo 11/99
SCED-00364;Euro Demo 12
SCED-00677;Euro Demo 12
SCED-00775;Euro Demo 12
SCED-02665;Euro Demo 12-00
SCED-03475;Euro Demo 12-01
SCED-01843;Euro Demo 12-99
SCED-00365;Euro Demo 13
SCED-00678;Euro Demo 13
SCED-00776;Euro Demo 13
SCED-00366;Euro Demo 14
SCED-00679;Euro Demo 14
SCED-00777;Euro Demo 14
SCED-00367;Euro Demo 15
SCED-00680;Euro Demo 15
SCED-00778;Euro Demo 15
SCED-00368;Euro Demo 16
SCED-00779;Euro Demo 16
SCED-01121;Euro Demo 16
SCED-00369;Euro Demo 17
SCED-00780;Euro Demo 17
SCED-01122;Euro Demo 17
SCED-00370;Euro Demo 18
SCED-00781;Euro Demo 18
SCED-01123;Euro Demo 18
SCED-00371;Euro Demo 19
SCED-01124;Euro Demo 19
SCED-00372;Euro Demo 20
SCED-00782;Euro Demo 20
SCED-01125;Euro Demo 20
SCED-00817;Euro Demo 21
SCED-01114;Euro Demo 21
SCED-01126;Euro Demo 21
SCED-00818;Euro Demo 22
SCED-01115;Euro Demo 22
SCED-01127;Euro Demo 22
SCED-00819;Euro Demo 23
SCED-01116;Euro Demo 23
SCED-01128;Euro Demo 23
SCED-00820;Euro Demo 24
SCED-01117;Euro Demo 24
SCED-01129;Euro Demo 24
SCED-00821;Euro Demo 25
SCED-01118;Euro Demo 25
SCED-01120;Euro Demo 25
SCED-01130;Euro Demo 25
SCED-00822;Euro Demo 26
SCED-01119;Euro Demo 26
SCED-00823;Euro Demo 27
SCED-01777;Euro Demo 27
SCED-00824;Euro Demo 28
SCED-01785;Euro Demo 28
SCED-01786;Euro Demo 28
SCED-00825;Euro Demo 29
SCED-01834;Euro Demo 29
SCED-01849;Euro Demo 29
SCED-00826;Euro Demo 30
SCED-01850;Euro Demo 30
SCED-00827;Euro Demo 31
SCED-01851;Euro Demo 31
SCED-00828;Euro Demo 32
SCED-01852;Euro Demo 32
SCED-00829;Euro Demo 33
SCED-01853;Euro Demo 33
SCED-01144;Euro Demo 34
SCED-01854;Euro Demo 34
SCED-01145;Euro Demo 35
SCED-01855;Euro Demo 35
SCED-01856;Euro Demo 36
SCED-01147;Euro Demo 37
SCED-01857;Euro Demo 37
SCED-01148;Euro Demo 38
SCED-01858;Euro Demo 38
SCED-01149;Euro Demo 39
SCED-01859;Euro Demo 39
SCED-01150;Euro Demo 40
SCED-01860;Euro Demo 40
SCED-01151;Euro Demo 41
SCED-01861;Euro Demo 41
SCED-01152;Euro Demo 42
SCED-01862;Euro Demo 42
SCED-01153;Euro Demo 43
SCED-02647;Euro Demo 43
SCED-01818;Euro Demo 44
SCED-02648;Euro Demo 44
SCED-01819;Euro Demo 45
SCED-02649;Euro Demo 45
SCES-02149;Euro Demo 45
SCED-01820;Euro Demo 46
SCED-02650;Euro Demo 46
SCED-01821;Euro Demo 47
SCED-02651;Euro Demo 47
SCED-01822;Euro Demo 48
SCED-02652;Euro Demo 48
SCED-01823;Euro Demo 49
SCED-02229;Euro Demo 49
SCED-02230;Euro Demo 49
SCED-02653;Euro Demo 49
SCED-01824;Euro Demo 50
SCED-02654;Euro Demo 50
SCED-01825;Euro Demo 51
SCED-02655;Euro Demo 51
SCED-01826;Euro Demo 52
SCED-02656;Euro Demo 52
SCED-01827;Euro Demo 53
SCED-02657;Euro Demo 53
SCED-01828;Euro Demo 54
SCED-01829;Euro Demo 55
SCED-03461;Euro Demo 55
SCED-01830;Euro Demo 56
SCED-01831;Euro Demo 57
SCED-02632;Euro Demo 58
SCED-02633;Euro Demo 59
SCED-02634;Euro Demo 60
SLES-02792;Euro Demo 60
SCED-02635;Euro Demo 61 (EDC)
SCED-02636;Euro Demo 62
SCED-02637;Euro Demo 63
SCED-02638;Euro Demo 64
SCED-02639;Euro Demo 65
SCED-02640;Euro Demo 66
SCED-02641;Euro Demo 67
SCED-02642;Euro Demo 68
SCED-02643;Euro Demo 69
SCED-02644;Euro Demo 70
SCED-02645;Euro Demo 71
SCED-02646;Euro Demo 72
SCED-03450;Euro Demo 73
SCED-03451;Euro Demo 74
SCED-03452;Euro Demo 75
SCED-03453;Euro Demo 76
SCED-03454;Euro Demo 77
SCES-01909;Euro Demo 77
SCED-03455;Euro Demo 78
SCED-03456;Euro Demo 79
SCED-03457;Euro Demo 80
SCED-03458;Euro Demo 81
SCED-03785;Euro Demo 82
SCED-03786;Euro Demo 83
SCED-03787;Euro Demo 84
SCED-03788;Euro Demo 85
SCED-03789;Euro Demo 86
SCED-03790;Euro Demo 87
SCED-03791;Euro Demo 88
SCED-03792;Euro Demo 89
SCED-03793;Euro Demo 90
SCED-03794;Euro Demo 91
SCED-04016;Euro Demo 92
SCED-00994;Euro Demo Classics Special
SCED-04035;Euro Demo Future 93
SLES-03415;Europe Racer
SLES-03082;European Super League
SLPM-86475;Eve Zero (Disc 1)
SLPM-86478;Eve Zero (Disc 1)
SLPM-86976;Eve Zero (Disc 1)
SLPM-86476;Eve Zero (Disc 2)
SLPM-86479;Eve Zero (Disc 2)
SLPM-86977;Eve Zero (Disc 2)
SLPM-86477;Eve Zero (Disc 3)
SLPM-86480;Eve Zero (Disc 3)
SLPM-86978;Eve Zero (Disc 3)
SLPM-86821;Eve: The Fatal Attraction (Disc 1)
SLPM-86826;Eve: The Fatal Attraction (Disc 1)
SLPM-86822;Eve: The Fatal Attraction (Disc 2)
SLPM-86827;Eve: The Fatal Attraction (Disc 2)
SLPM-86823;Eve: The Fatal Attraction (Disc 3)
SLPM-86828;Eve: The Fatal Attraction (Disc 3)
SLPM-87221;Eve: The Fatal Attraction [Gamevillage the Best] (Disc 1)
SLPM-87222;Eve: The Fatal Attraction [Gamevillage the Best] (Disc 2)
SLPM-87223;Eve: The Fatal Attraction [Gamevillage the Best] (Disc 3)
SLPM-87246;Eve: The Lost One (Disc 1) (Kyoko Disc)
SLPS-01805;Eve: The Lost One (Disc 1) (Kyoko Disc)
SLPM-87247;Eve: The Lost One (Disc 2) (Snake Disc)
SLPS-01806;Eve: The Lost One (Disc 2) (Snake Disc)
SLPM-87248;Eve: The Lost One (Disc 3) (Lost One Disc)
SLPS-01807;Eve: The Lost One (Disc 3) (Lost One Disc)
SLPS-01808;Eve: The Lost One (Disc 4) (Premium Disc)
SLPS-03278;Evergreen Avenue
LSP-990191;Every Child Can Succeed 1
LSP-990192;Every Child Can Succeed 2
LSP-990193;Every Child Can Succeed 3
LSP-990194;Every Child Can Succeed 4
LSP-990195;Every Child Can Succeed 5
LSP-990196;Every Child Can Succeed 6
LSP-990197;Every Child Can Succeed 7
SCES-00983;Everybody's Golf
SCES-02146;Everybody's Golf 2
SLES-03428;Evil Dead: Hail to the King (Disc 1)
SLUS-01072;Evil Dead: Hail to the King (Disc 1)
SLES-13428;Evil Dead: Hail to the King (Disc 2)
SLUS-01326;Evil Dead: Hail to the King (Disc 2)
SLES-01903;Evil Zone
SLUS-00855;Evil Zone
SLES-01871;Evo's Space Adventures
SLPS-01117;Exalegiuse
SLES-00693;Excalibur 2555 A.D.
SLUS-00541;Excalibur 2555 A.D.
SLED-00797;Excalibur 2555 A.D. (Demo)
SLES-00478;Excalibur 2555 A.D. (Rev 1)
SLPM-86124;Exciting Bass
SLPM-86295;Exciting Bass 2
SLPM-86729;Exciting Bass 3
SLPM-86949;Exciting Bass 3 [Konami the Best]
SLPM-80570;Exciting Pro Wres
SLPS-02885;Exciting Pro Wres
SLPM-80601;Exciting Pro Wres 2
SLPS-03122;Exciting Pro Wres 2
SLPS-91497;Exciting Pro Wres 2
SCED-02043;Exclusive PlayStation Racing Demos
SLPS-00091;Exector
SLES-00097;Exhumed
SLPS-01707;Exodus Guilty
SLPS-01721;Exodus Guilty
SLUS-01075;Expendable
SCED-03923;Experience the Magic of Disney on PlayStation
SLPS-00342;Expert
SLES-00716;Explosive Racing
SLED-00956;Explosive Racing (Demo)
SLPS-00625;Extra Bright
SLES-02220;Extreme 500
SLES-03990;Extreme Ghostbusters: The Ultimate Invasion
SLUS-01530;Extreme Go-Kart Racing
SLES-00206;Extreme Pinball
SLUS-00200;Extreme Pinball
SLPS-00329;Extreme Power
SLES-00501;Extreme Snow Break
SLED-01193;Extreme Snow Break (Demo)
SLPS-00677;F-1 Grand Prix 1996: Team Un'ei Simulation
SLES-00416;F.A. Manager
SLES-02254;F.A. Premier League Football Manager 2000, The
SLES-03061;F.A. Premier League Football Manager 2001, The
SLES-03063;F.A. Premier League Stars 2001, The
SLES-02142;F.A. Premier League Stars, The
SLES-02722;F1 2000
SLES-02723;F1 2000
SLES-02724;F1 2000
SLPM-80564;F1 2000
SLPS-02758;F1 2000
SLUS-01120;F1 2000
SLES-03117;F1 Championship Season 2000
SLES-03118;F1 Championship Season 2000
SLES-03119;F1 Championship Season 2000
SLUS-01290;F1 Championship Season 2000
SLPS-00519;F1 GP Nippon no Chousen: Dome no Yabou
SLES-02501;F1 Racing Championship
SLUS-01088;F1 Racing Championship
SLES-03102;F1 World Grand Prix
SLES-03346;F1 World Grand Prix
SLES-03347;F1 World Grand Prix
SLUS-01344;F1 World Grand Prix
SLES-00887;F1 World Grand Prix: 1999 Season
SLUS-01036;F1 World Grand Prix: 1999 Season
SLES-03345;F1 World Grand Prix: Saison 2000
SLES-00209;Fade to Black
SLPM-80092;Fade to Black
SLPS-00812;Fade to Black
SLUS-00236;Fade to Black
SLES-00339;Fade to Black (SLES-00339)
LSP-080130;Faire Games: Language Arts
LSP-905161;Faire Games: Language Arts
LSP-080140;Faire Games: Mathematics
SLPS-00010;Falcata: Astran Pardma no Monshou
SLPS-03487;Family 1500 Series: Mahjong
SLPS-01523;Family Bowling
SLPS-03043;Family Bowling
SLUS-01454;Family Card Games Fun Pack
SLPS-03392;Family Chess
LSP-150200;Family Connection: A Guide to Lightspan
SLPS-03348;Family Diamond
SLUS-01171;Family Feud
SLUS-01049;Family Game Pack
SLES-03485;Family Games Compendium (Disc 1)
SLES-13485;Family Games Compendium (Disc 2)
SLES-23485;Family Games Compendium (Disc 3)
SLPS-03379;Family Gunjin Shougi
SLPS-03488;Family Igo 2
SLPS-03378;Family Igo: Super Strong
SLPS-03489;Family Shougi 2
SLPS-03377;Family Shougi: Super Strong
SLPS-01665;Famires e Youkoso!
SLPM-80483;Famitsu Wave 10gatsu-gou Vol. 15
SLPM-80498;Famitsu Wave 11gatsu-gou Vol. 16
SLPM-80312;Famitsu Wave 11gatsu-gou Vol. 4
SLPM-80502;Famitsu Wave 12gatsu-gou Vol. 17
SLPM-80339;Famitsu Wave 12gatsu-gou Vol. 5
SLPM-80518;Famitsu Wave 1gatsu-gou Vol. 18
SLPM-80352;Famitsu Wave 1gatsu-gou Vol. 6
SLPM-80530;Famitsu Wave 2gatsu-gou Vol. 19
SLPM-80366;Famitsu Wave 2gatsu-gou Vol. 7
SLPM-80543;Famitsu Wave 3gatsu-gou Vol. 20
SLPM-80383;Famitsu Wave 3gatsu-gou Vol. 8
SLPM-80394;Famitsu Wave 4gatsu-gou Vol. 9
SLPM-80411;Famitsu Wave 5gatsu-gou Vol. 10
SLPM-80423;Famitsu Wave 6gatsu-gou Vol. 11
SLPM-80434;Famitsu Wave 7gatsu-gou Vol. 12
SLPM-80450;Famitsu Wave 8gatsu-gou Vol. 13
SLPM-80465;Famitsu Wave 9gatsu-gou Vol. 14
SLPM-80256;Famitsu Wave Soukan-gou Vol. 1
SLPM-80277;Famitsu Wave Soukan-gou Vol. 2
SLPM-80290;Famitsu Wave Soukan-gou Vol. 3
SLPS-03214;Fantastic Fortune
SLES-00548;Fantastic Four
SLPS-01034;Fantastic Four
SLUS-00395;Fantastic Four
SLPS-02034;Fantastic Night Dreams: Cotton Original
SLPS-00781;Fantasy Tap
SLPS-01903;Farland Saga: Toki no Michishirube
SLPM-80137;Farland Story: Yottsu no Fuuin
SLPS-00797;Farland Story: Yottsu no Fuuin
SLUS-01001;Fatal Fury: Wild Ambition
SLPS-01759;Favorite Dear
SLPS-03286;Favorite Dear: Enkan no Monogatari
SLPS-03566;Favorite Dear: Enkan no Monogatari [Best Edition]
SLPS-02754;Favorite Dear: Junpaku no Yogensha
SLES-02166;Fear Effect (Disc 1)
SLES-02167;Fear Effect (Disc 1)
SLES-02168;Fear Effect (Disc 1)
SLUS-00920;Fear Effect (Disc 1)
SLES-12166;Fear Effect (Disc 2)
SLES-12167;Fear Effect (Disc 2)
SLES-12168;Fear Effect (Disc 2)
SLUS-01056;Fear Effect (Disc 2)
SLES-22166;Fear Effect (Disc 3)
SLES-22167;Fear Effect (Disc 3)
SLES-22168;Fear Effect (Disc 3)
SLUS-01057;Fear Effect (Disc 3)
SLES-32166;Fear Effect (Disc 4)
SLES-32167;Fear Effect (Disc 4)
SLES-32168;Fear Effect (Disc 4)
SLUS-01058;Fear Effect (Disc 4)
SLES-03386;Fear Effect 2: Retro Helix (Disc 1)
SLUS-01266;Fear Effect 2: Retro Helix (Disc 1) (Rev 1)
SLES-13386;Fear Effect 2: Retro Helix (Disc 2)
SLUS-01275;Fear Effect 2: Retro Helix (Disc 2) (Rev 1)
SLES-23386;Fear Effect 2: Retro Helix (Disc 3)
SLUS-01276;Fear Effect 2: Retro Helix (Disc 3)
SLES-33386;Fear Effect 2: Retro Helix (Disc 4)
SLUS-01277;Fear Effect 2: Retro Helix (Disc 4)
SLPS-00723;FEDA 2: White Surge the Platoon
SLPM-86874;Feda 2: White Surge the Platoon [Cyclone Reprint]
SLES-00940;Felony 11-79
SLUS-00533;Felony 11-79
SLPS-02760;Fever 2: Sankyo Koushiki Pachinko Simulation
SLPS-91474;Fever 2: Sankyo Koushiki Pachinko Simulation [PSOne Books]
SLPS-02994;Fever 3: Sankyo Koushiki Pachinko Simulation
SLPS-91475;Fever 3: Sankyo Koushiki Pachinko Simulation
SLPS-03166;Fever 4: Sankyo Koushiki Pachinko Simulation
SLPS-03277;Fever 5: Sankyo Koushiki Pachinko Simulation
SLPS-91495;Fever 5: Sankyo Koushiki Pachinko Simulation
SLPS-02371;Fever: Sankyo Koushiki Pachinko Simulation
SLPS-91473;Fever: Sankyo Koushiki Pachinko Simulation [PSOne Books]
SLES-02315;FIFA 2000
SLES-02316;FIFA 2000
SLES-02317;FIFA 2000
SLES-02318;FIFA 2000
SLES-02319;FIFA 2000
SLES-02320;FIFA 2000
SLES-02321;FIFA 2000
SLPS-02675;FIFA 2000: Europe League Soccer
SLUS-00994;FIFA 2000: Major League Soccer
SLES-03140;FIFA 2001
SLES-03141;FIFA 2001
SLES-03142;FIFA 2001
SLES-03143;FIFA 2001
SLES-03144;FIFA 2001
SLES-03145;FIFA 2001
SLES-03146;FIFA 2001
SLUS-01262;FIFA 2001
SLES-00504;FIFA 97
SLES-00505;FIFA 97
SLES-00506;FIFA 97
SLES-01584;FIFA 99
SLES-01585;FIFA 99
SLES-01586;FIFA 99
SLES-01587;FIFA 99
SLES-01588;FIFA 99
SLUS-00782;FIFA 99
SLPS-02309;FIFA 99: Europe League Soccer
SLES-03666;FIFA Football 2002
SLES-03668;FIFA Football 2002
SLES-03669;FIFA Football 2002
SLES-03671;FIFA Football 2002
SLES-03672;FIFA Football 2002
SLES-03977;FIFA Football 2003
SLES-03978;FIFA Football 2003
SLES-03979;FIFA Football 2003
SLES-03980;FIFA Football 2003
SLES-03981;FIFA Football 2003
SLES-04115;FIFA Football 2004
SLES-04116;FIFA Football 2004
SLES-04117;FIFA Football 2004
SLES-04118;FIFA Football 2004
SLES-04119;FIFA Football 2004
SLES-04165;FIFA Football 2005
SLES-04166;FIFA Football 2005
SLES-04167;FIFA Football 2005
SLES-04168;FIFA Football 2005
SLES-04169;FIFA Football 2005
SLUS-01408;FIFA Soccer 2002
SLUS-01504;FIFA Soccer 2003
SLUS-01578;FIFA Soccer 2004
SLUS-01585;FIFA Soccer 2005
SLES-00116;FIFA Soccer 96
SLUS-00038;FIFA Soccer 96
SLPS-00878;FIFA Soccer 97
SLUS-00269;FIFA Soccer 97
SLPS-01719;FIFA World Cup 98: France 98 Soushuu-hen
SLES-00916;FIFA: Die WM-Qualifikation 98
SLES-00915;FIFA: En Route pour la Coupe du Monde 98
SLES-00914;FIFA: Road to World Cup 98
SLES-00917;FIFA: Road to World Cup 98
SLPM-80236;FIFA: Road to World Cup 98
SLPS-01383;FIFA: Road to World Cup 98
SLUS-00520;FIFA: Road to World Cup 98
SLPS-91150;FIFA: Road to World Cup 98: World Cup e no Michi [PlayStation the Best]
SLES-00918;FIFA: Rumbo al Mundial 98
SCES-01285;Fifth Element, The
SLUS-00711;Fifth Element, The
SLES-02515;Fighter Maker
SLUS-00641;Fighter Maker
SLPS-00822;Fighters' Impact
SLPS-01313;Fighting Eyes
SLED-00881;Fighting Force (Demo)
SLES-00731;Fighting Force (EDC)
SLUS-00433;Fighting Force (Rev 2)
SLED-01098;Fighting Force & Tomb Raider II (Demo)
SLES-02233;Fighting Force 2
SLES-02235;Fighting Force 2
SLES-02237;Fighting Force 2
SLUS-00934;Fighting Force 2
SLED-02314;Fighting Force 2 (Demo)
SLPS-91173;Fighting Illusion K-1 Grand Prix '98 [Playstation the Best]
SCPS-45336;Fighting Illusion K-1 Revenge
SLPS-02304;Fighting Illusion V: K-1 Grand Prix '99
SLPS-02985;Fighting Illusion: K-1 GP 2000
SLPS-00340;Fighting Illusion: K-1 Grand Prix
SLPM-80341;Fighting Illusion: K-1 Grand Prix '98
SLPS-01696;Fighting Illusion: K-1 Grand Prix '98
SLPS-00978;Fighting Illusion: K-1 Revenge
SLPS-91090;Fighting Illusion: K-1 Revenge
SLPS-00631;Fighting Network Rings
SLES-00487;Final Doom
SLPS-00727;Final Doom
SLUS-00331;Final Doom
SLPS-03430;Final Fantasy
SLPS-03500;Final Fantasy
SCES-03840;Final Fantasy Anthology: European Edition: Final Fantasy IV
SCES-13840;Final Fantasy Anthology: European Edition: Final Fantasy V
SLUS-00879;Final Fantasy Anthology: Final Fantasy V
SLUS-00900;Final Fantasy Anthology: Final Fantasy VI
SLUS-01363;Final Fantasy Chronicles: Chrono Trigger (Rev 1)
SLUS-01360;Final Fantasy Chronicles: Final Fantasy IV
SCPS-45388;Final Fantasy Collection (Disc 1)
SCPS-45389;Final Fantasy Collection (Disc 2)
SCPS-45390;Final Fantasy Collection (Disc 3)
SLPS-01945;Final Fantasy Collection Anniversary Package (Disc 1)
SLPS-01946;Final Fantasy Collection Anniversary Package (Disc 2)
SLPS-01947;Final Fantasy Collection Anniversary Package (Disc 3)
SLPM-80073;Final Fantasy Extra Collection
SLPS-03501;Final Fantasy II
SLPS-03502;Final Fantasy II
SCPS-45029;Final Fantasy IV
SLPM-86028;Final Fantasy IV
SLPS-01948;Final Fantasy IV
SCPS-45500;Final Fantasy IX (Disc 1)
SLES-02965;Final Fantasy IX (Disc 1)
SLES-02966;Final Fantasy IX (Disc 1)
SLES-02967;Final Fantasy IX (Disc 1)
SLES-02968;Final Fantasy IX (Disc 1)
SLES-02969;Final Fantasy IX (Disc 1)
SLPM-87388;Final Fantasy IX (Disc 1)
SLPS-02000;Final Fantasy IX (Disc 1)
SLUS-01251;Final Fantasy IX (Disc 1) (Rev 1)
SCPS-45501;Final Fantasy IX (Disc 2)
SLES-12965;Final Fantasy IX (Disc 2)
SLES-12966;Final Fantasy IX (Disc 2)
SLES-12967;Final Fantasy IX (Disc 2)
SLES-12968;Final Fantasy IX (Disc 2)
SLES-12969;Final Fantasy IX (Disc 2)
SLPM-87389;Final Fantasy IX (Disc 2)
SLPS-02001;Final Fantasy IX (Disc 2)
SLUS-01295;Final Fantasy IX (Disc 2) (Rev 1)
SCPS-45502;Final Fantasy IX (Disc 3)
SLES-22965;Final Fantasy IX (Disc 3)
SLES-22966;Final Fantasy IX (Disc 3)
SLES-22967;Final Fantasy IX (Disc 3)
SLES-22968;Final Fantasy IX (Disc 3)
SLES-22969;Final Fantasy IX (Disc 3)
SLPM-87390;Final Fantasy IX (Disc 3)
SLPS-02002;Final Fantasy IX (Disc 3)
SLUS-01296;Final Fantasy IX (Disc 3) (Rev 1)
SCPS-45503;Final Fantasy IX (Disc 4)
SLES-32965;Final Fantasy IX (Disc 4)
SLES-32966;Final Fantasy IX (Disc 4)
SLES-32967;Final Fantasy IX (Disc 4)
SLES-32968;Final Fantasy IX (Disc 4)
SLES-32969;Final Fantasy IX (Disc 4)
SLPM-87391;Final Fantasy IX (Disc 4)
SLPS-02003;Final Fantasy IX (Disc 4)
SLUS-01297;Final Fantasy IX (Disc 4) (Rev 1)
SLUS-01541;Final Fantasy Origins
SLES-04034;Final Fantasy Origins: Final Fantasy
SLES-14034;Final Fantasy Origins: Final Fantasy II
SCUS-94221;Final Fantasy Tactics
SLPM-87392;Final Fantasy Tactics
SLPS-00770;Final Fantasy Tactics
SLPS-02768;Final Fantasy Tactics
SLPS-91435;Final Fantasy Tactics
SCPS-45087;Final Fantasy Tactics (Disc 1)
SCPS-45088;Final Fantasy Tactics (Disc 2)
SCPS-45214;Final Fantasy V
SLPM-86081;Final Fantasy V
SLPS-01949;Final Fantasy V
SCES-03828;Final Fantasy VI
SCPS-45387;Final Fantasy VI
SLPM-86198;Final Fantasy VI
SLPS-01950;Final Fantasy VI
SCED-50642;Final Fantasy VI (Bonus Disc: Final Fantasy X Demo)
SCES-00867;Final Fantasy VII (Disc 1)
SCES-00868;Final Fantasy VII (Disc 1)
SCES-00869;Final Fantasy VII (Disc 1)
SCES-00900;Final Fantasy VII (Disc 1)
SCPS-45007;Final Fantasy VII (Disc 1)
SCUS-94163;Final Fantasy VII (Disc 1)
SLPS-00700;Final Fantasy VII (Disc 1)
SCES-10867;Final Fantasy VII (Disc 2)
SCES-10868;Final Fantasy VII (Disc 2)
SCES-10869;Final Fantasy VII (Disc 2)
SCES-10900;Final Fantasy VII (Disc 2)
SCPS-45008;Final Fantasy VII (Disc 2)
SCUS-94164;Final Fantasy VII (Disc 2)
SLPS-00701;Final Fantasy VII (Disc 2)
SCES-20867;Final Fantasy VII (Disc 3)
SCES-20868;Final Fantasy VII (Disc 3)
SCES-20869;Final Fantasy VII (Disc 3)
SCES-20900;Final Fantasy VII (Disc 3)
SCPS-45009;Final Fantasy VII (Disc 3)
SCUS-94165;Final Fantasy VII (Disc 3)
SLPS-00702;Final Fantasy VII (Disc 3)
SCUS-94961;Final Fantasy VII (Interactive Sampler CD)
SCUS-94179;Final Fantasy VII (Square Soft on PlayStation Previews)
SLPM-84020;Final Fantasy VII International (Disc 1)
SLPM-87380;Final Fantasy VII International (Disc 1)
SLPS-01057;Final Fantasy VII International (Disc 1)
SLPS-91440;Final Fantasy VII International (Disc 1)
SLPM-84021;Final Fantasy VII International (Disc 2)
SLPM-87381;Final Fantasy VII International (Disc 2)
SLPS-01058;Final Fantasy VII International (Disc 2)
SLPS-91441;Final Fantasy VII International (Disc 2)
SLPM-84022;Final Fantasy VII International (Disc 3)
SLPM-87382;Final Fantasy VII International (Disc 3)
SLPS-01059;Final Fantasy VII International (Disc 3)
SLPS-91442;Final Fantasy VII International (Disc 3)
SLPM-87383;Final Fantasy VII International (Disc 4) (Perfect Guide)
SLPS-01060;Final Fantasy VII International (Disc 4) (Perfect Guide)
SLPS-91443;Final Fantasy VII International (Disc 4) (Perfect Guide)
SCED-02062;Final Fantasy VIII (Demo 1)
SLED-02258;Final Fantasy VIII (Demo 2)
SLED-02259;Final Fantasy VIII (Demo)
SLED-02262;Final Fantasy VIII (Demo)
SCES-02080;Final Fantasy VIII (Disc 1)
SCPS-45375;Final Fantasy VIII (Disc 1)
SLES-02080;Final Fantasy VIII (Disc 1)
SLES-02081;Final Fantasy VIII (Disc 1)
SLES-02082;Final Fantasy VIII (Disc 1)
SLES-02083;Final Fantasy VIII (Disc 1)
SLES-02084;Final Fantasy VIII (Disc 1)
SLPM-87384;Final Fantasy VIII (Disc 1)
SLPS-01880;Final Fantasy VIII (Disc 1)
SLUS-00892;Final Fantasy VIII (Disc 1)
SCES-12080;Final Fantasy VIII (Disc 2)
SCPS-45376;Final Fantasy VIII (Disc 2)
SLES-12080;Final Fantasy VIII (Disc 2)
SLES-12081;Final Fantasy VIII (Disc 2)
SLES-12082;Final Fantasy VIII (Disc 2)
SLES-12083;Final Fantasy VIII (Disc 2)
SLES-12084;Final Fantasy VIII (Disc 2)
SLPM-87385;Final Fantasy VIII (Disc 2)
SLPS-01881;Final Fantasy VIII (Disc 2)
SLUS-00908;Final Fantasy VIII (Disc 2)
SCES-22080;Final Fantasy VIII (Disc 3)
SCPS-45377;Final Fantasy VIII (Disc 3)
SLES-22080;Final Fantasy VIII (Disc 3)
SLES-22081;Final Fantasy VIII (Disc 3)
SLES-22082;Final Fantasy VIII (Disc 3)
SLES-22083;Final Fantasy VIII (Disc 3)
SLES-22084;Final Fantasy VIII (Disc 3)
SLPM-87386;Final Fantasy VIII (Disc 3)
SLPS-01882;Final Fantasy VIII (Disc 3)
SLUS-00909;Final Fantasy VIII (Disc 3)
SCES-32080;Final Fantasy VIII (Disc 4)
SCPS-45378;Final Fantasy VIII (Disc 4)
SLES-32080;Final Fantasy VIII (Disc 4)
SLES-32081;Final Fantasy VIII (Disc 4)
SLES-32082;Final Fantasy VIII (Disc 4)
SLES-32083;Final Fantasy VIII (Disc 4)
SLES-32084;Final Fantasy VIII (Disc 4)
SLPM-87387;Final Fantasy VIII (Disc 4)
SLPS-01883;Final Fantasy VIII (Disc 4)
SLUS-00910;Final Fantasy VIII (Disc 4)
SLPM-80269;Final Fantasy VIII (Square's Preview Extra)
SLPS-01266;Final Round
SLUS-00064;Final Round, The
SLPS-02158;Finger Flashing
SCPS-10055;Fire Panic: Mack no Rescue Daisakusen
SLPS-02065;Fire Pro Wrestling G
SLPS-02817;Fire Pro Wrestling G
SLPS-00277;Fire Pro Wrestling: Iron Slam '96
SLPS-01315;Fire Woman Matoigumi
SCES-03884;Firebugs
SLES-00144;Firestorm: Thunderhawk 2
SLES-00145;Firestorm: Thunderhawk 2
SLES-00094;Firo & Klawd
SLES-00252;Firo & Klawd
SLES-00253;Firo & Klawd
SLES-00254;Firo & Klawd
SLPS-00803;Firo & Klawd
SLPS-01708;First Kiss Story (Disc 1)
SLPS-01709;First Kiss Story (Disc 2)
SLPS-00604;First Queen IV: Varcia Senki
SLPS-00463;Fish Eyes
SLPS-91040;Fish Eyes
SLPS-91458;Fish Eyes
SLPM-80523;Fish Eyes II
SLPS-02383;Fish Eyes II
SLPS-91526;Fish Eyes II [PSOne Books]
SLPS-03417;Fish Eyes II [Victor Interactive Software Best]
SLPS-02288;Fish On! Bass
SLPS-01943;Fisher's Road
SLES-02596;Fisherman's Bait 2: Big Ol' Bass
SLUS-00999;Fisherman's Bait 2: Big Ol' Bass
SLES-03295;Fisherman's Bait 3
SLUS-00802;Fisherman's Bait: A Bass Challenge
SLES-02085;Fisherman's Bait: Bass Challenge
SLPM-80374;Fishing Freaks: BassRise
SLPM-80404;Fishing Freaks: BassRise
SLPS-01930;Fishing Freaks: BassRise
SLPS-01931;Fishing Freaks: BassRise
SLPS-02572;Fishing Freaks: BassRise Plus
SLPS-00749;Fishing Koushien II
SLPS-00538;Fist
SLPS-02719;Flamberge no Seirei
SLES-03320;Flintstones, Die: Bedrock Bowling
SLES-02345;Flintstones, The: Bedrock Bowling
SLUS-00931;Flintstones, The: Bedrock Bowling
SLES-00453;Floating Runner
SLPS-00147;Floating Runner: 7-tsu no Suishou no Monogatari
SLUS-00231;Floating Runner: Quest for the 7 Crystals
SCES-00985;Fluid
SCED-01572;Fluid (Demo)
SLES-04156;Flying Squadron
SLES-03546;Folles Poursuites
SLES-04047;Football Madness
SLES-02978;Football Manager Campionato 2001
SLES-03606;Football Manager Campionato 2002
SCED-01387;Football Special
SLES-03276;Ford Racing
SLUS-01301;Ford Racing
SLES-04109;Ford Truck Mania
SLUS-01540;Ford Truck Mania
SLPS-03191;Forget Me Not: Palette
SLPS-00762;Formation Soccer '97: The Road to France
SLPM-86640;Formation Soccer '98
SLPS-01419;Formation Soccer '98: Ganbare Nippon in France
SCPS-45077;Formula 1
SIPS-60011;Formula 1
SLES-00298;Formula 1
SCUS-94353;Formula 1 (Rev 1)
SIPS-60023;Formula 1 97
SLES-00859;Formula 1 97
SLES-01421;Formula 1 98
SLUS-00744;Formula 1 98
SLUS-00546;Formula 1 Championship Edition
SLPM-80097;Formula Circus
SLPS-00358;Formula Circus
SLES-03994;Formula GP
SLPS-01154;Formula Grand Prix: Team Un'ei Simulation 2: 1997-nenban
SLES-00726;Formula Karts: Special Edition
SLED-00447;Formula Karts: Special Edition (Demo)
SLES-02526;Formula Nippon
SLES-02527;Formula Nippon
SLPS-02259;Formula Nippon '99: Racing Driver ni Narou!
SCES-01979;Formula One '99 (Beta)
SLED-00491;Formula One (Demo)
SCES-02777;Formula One 2000
SCES-02778;Formula One 2000
SCES-02779;Formula One 2000
SLUS-01134;Formula One 2000
SCES-03404;Formula One 2001
SCES-03423;Formula One 2001
SCES-03424;Formula One 2001
SCES-03524;Formula One 2001
SCED-01979;Formula One 99
SCES-02222;Formula One 99
SCPS-10101;Formula One 99
SLUS-00870;Formula One 99
SCES-03886;Formula One Arcade
SLES-00745;Forsaken
SLES-01086;Forsaken
SLES-01087;Forsaken
SLES-01088;Forsaken
SLES-01089;Forsaken
SLPM-86307;Forsaken
SLUS-00458;Forsaken
SLED-01263;Forsaken (Demo)
SLUS-00101;Fox Hunt (Disc 1)
SLUS-00175;Fox Hunt (Disc 2)
SLUS-00176;Fox Hunt (Disc 3)
SLPS-01355;Fox Junction
SLUS-00636;FOX Sports Golf '99
SLUS-00635;FOX Sports Soccer '99
SLUS-01129;FoxKids.com: Micro Maniacs Racing
SLES-00100;Frank Thomas Big Hurt Baseball
SLPS-00453;Frank Thomas Big Hurt Baseball
SLUS-00010;Frank Thomas Big Hurt Baseball
SLES-01267;Frankreich 98: Die Fussball-WM
SCED-04009;Free Spin Demo Disc!
SCED-04012;Free Spin Demo Disc! VÃ¶llig Gratis Demo Disc!
SLPS-00985;Free Talk Studio: Mari no Kimamana Oshaberi
SLPS-02655;Free Talk Studio: Mari no Kimamana Oshaberi [Best of the Best]
SLUS-00767;Freestyle Boardin' '99
SLES-02820;Freestyle Motocross: McGrath vs. Pastrana
SLUS-00122;Freestyle Motocross: McGrath vs. Pastrana
SLES-03363;Freestyle Scooter
SLES-00784;Frenzy!
SLUS-01122;Fresstyle Motocross: MCGrath vs Pastrana
SLES-00704;Frogger
SLPM-80241;Frogger
SLPS-01399;Frogger
SLUS-00506;Frogger
SLES-02853;Frogger 2: Swampy's Revenge
SLUS-01172;Frogger 2: Swampy's Revenge
SLPM-80268;From Software 1998 Summer Preview Movies
SLPS-03164;From TV Animation One Piece: Grand Battle!
SLPS-03408;From TV Animation One Piece: Grand Battle! 2
SLPS-03550;From TV Animation One Piece: Oceans of Dreams!
SLPS-03251;From TV Animation One Piece: Tobidase Kaizokudan!
SLPS-03252;From TV Animation One Piece: Tobidase Kaizokudan!
SLPS-03555;From TV Animation: One Piece: Tobidase Kaizokudan! [Bandai The Best]
SLPM-87317;Front Mission 1st
SLPM-87330;Front Mission 1st
SCPS-45116;Front Mission 2
SLPM-87331;Front Mission 2
SLPM-87397;Front Mission 2
SLPS-01000;Front Mission 2
SLPM-80467;Front Mission 3
SLPM-87332;Front Mission 3
SLPM-87399;Front Mission 3
SLPS-02222;Front Mission 3
SLPS-02772;Front Mission 3
SLPS-91447;Front Mission 3
SLUS-01011;Front Mission 3
SLES-02423;Front Mission 3 (Beta)
SCPS-45090;Front Mission Alternative
SLPM-87398;Front Mission Alternative
SLPS-00953;Front Mission Alternative
SLES-02767;Frontschweine
SLPM-80486;Fun! Fun! Pingu: Youkoso! Nankyoku e
SLPS-02306;Fun! Fun! Pingu: Youkoso! Nankyoku e
SLPS-02307;Fun! Fun! Pingu: Youkoso! Nankyoku e
SLPS-03496;Funky Boxers
SLPM-86808;Furimukeba Tonari ni
SLPM-86642;Fushigi Deka
SLPS-01235;Fushigi na Data Disc
SCPS-45372;Fushigi na Data Disc 2
SLPS-01772;Fushigi na Data Disc 2
SLPM-86507;Fushigi no Kuni no Angelique
SLPS-00730;Fushigi no Kuni no Angelique
SLPM-87182;Fushigi no kuni no Angelique [Koei Teiban Series]
SLPM-86430;Fushigi no kuni no Angelique [Koei the Best]
SCES-01702;Fussball Live
SCES-03074;Fussball Live 2
SCED-03203;Fussball Live 2 (Demo)
SLES-03062;Fussball Manager 2001
SCED-01307;Fussball Spezial 01
SLES-01449;Future Cop: L.A.P.D.
SLES-01482;Future Cop: L.A.P.D.
SLUS-00739;Future Cop: L.A.P.D.
SLED-01509;Future Cop: L.A.P.D. (Demo)
SLUS-90034;Future Cop: L.A.P.D. (Demo)
SLPS-01958;Future GPX Cyber Formula: Aratanaru Chousensha (Disc 1)
SLPS-03426;Future GPX Cyber Formula: Aratanaru Chousensha (Disc 1)
SLPS-01959;Future GPX Cyber Formula: Aratanaru Chousensha (Disc 2)
SLPS-03427;Future GPX Cyber Formula: Aratanaru Chousensha (Disc 2)
SLES-03508;Future Racer
SCPS-45373;Fuujin Ryouiki Eretzvaju
SLPM-80364;Fuujin Ryouiki Eretzvaju
SLPS-01790;Fuujin Ryouiki Eretzvaju
SLPS-03094;Fuuraiki
SLPS-00441;Fuuun Gokuu Ninden
SCPS-45202;G Darius
SLPM-80205;G Darius
SLPM-86453;G Darius
SLPS-01348;G Darius
PCPX-96125;G-Police
SLED-01034;G-Police (Demo)
SCPS-10065;G-Police (Disc 1)
SLES-00082;G-Police (Disc 1)
SLES-00853;G-Police (Disc 1)
SLES-00854;G-Police (Disc 1)
SLES-00855;G-Police (Disc 1)
SLES-00856;G-Police (Disc 1)
SLUS-00544;G-Police (Disc 1)
SCPS-10066;G-Police (Disc 2)
SLES-10082;G-Police (Disc 2)
SLES-10853;G-Police (Disc 2)
SLES-10854;G-Police (Disc 2)
SLES-10855;G-Police (Disc 2)
SLES-10856;G-Police (Disc 2)
SLUS-00556;G-Police (Disc 2)
SCES-01625;G-Police: Weapons of Justice
SCES-01917;G-Police: Weapons of Justice
SCES-01918;G-Police: Weapons of Justice
SCES-01919;G-Police: Weapons of Justice
SCES-01920;G-Police: Weapons of Justice
SLUS-00798;G-Police: Weapons of Justice
SLES-01314;G. Darius
SLUS-00690;G. Darius
SLED-01439;G. Darius (Demo)
SLUS-80690;G. Darius + Devil Dice + Brunswick Circuit Pro Bowling
SLPS-00944;G.O.D pure
SLPM-87007;G.T.A: Grand Theft Auto
SLPS-01554;G.T.A: Grand Theft Auto
SLPM-86858;G1 Jockey [Koei the Best]
SLPS-01082;Gadget: Past as Future (Disc 1)
SLPS-01083;Gadget: Past as Future (Disc 2)
SLPS-01084;Gadget: Past as Future (Disc 3)
SLPS-01085;Gadget: Past as Future (Disc 4)
SLPM-80524;GaiaMaster: Kamigami no Board Game
SLPS-02075;GaiaMaster: Kamigami no Board Game
SLPS-00624;GaiaSeed: Project Seed Trap
SLPS-00404;Gakkou de Atta Kowai Hanashi S
SLPS-00078;Gakkou no Kowai Uwasa: Hanako-san ga Kita!!
SLPS-91508;Gakkou o tsukurou: Let's make a school!! [PSOne Books]
SLPS-01660;Gakkou o Tsukurou!! 2
SLPS-91485;Gakkou o Tsukurou!! 2
SLPS-02998;Gakkou o Tsukurou!! Kouchou Sensei Monogatari
SLPS-03313;Gakkou o Tsukurou!! Kouchou Sensei Monogatari
SLPS-01103;Gakkou o Tsukurou!! Let's Make a School!!
SLPS-91120;Gakkou o Tsukurou!! Let's Make a School!!
SLPS-01852;Gakuen Sentai Solblast
SLES-02212;Galaga: Destination Earth
SLUS-01258;Galaga: Destination Earth
SCES-00269;Galaxian^3
SLPS-00270;GalaxianÂ³
SLES-00197;Galaxy Fight
SLPS-00138;Galaxy Fight: Universal Warriors
SLPS-02596;Gale Gunner
SLPS-03305;Gale Gunner
SLPS-00621;Galeoz
SLED-02869;Galerians (Demo)
SLUS-90077;Galerians (Demo)
SLES-02328;Galerians (Disc 1)
SLES-02329;Galerians (Disc 1)
SLES-02330;Galerians (Disc 1)
SLPS-02192;Galerians (Disc 1)
SLUS-00986;Galerians (Disc 1)
SLES-12328;Galerians (Disc 2)
SLES-12329;Galerians (Disc 2)
SLES-12330;Galerians (Disc 2)
SLPS-02193;Galerians (Disc 2)
SLUS-01098;Galerians (Disc 2)
SLES-22328;Galerians (Disc 3)
SLES-22329;Galerians (Disc 3)
SLES-22330;Galerians (Disc 3)
SLPS-02194;Galerians (Disc 3)
SLUS-01099;Galerians (Disc 3)
SLPS-00507;Gallop Racer
SLUS-00942;Gallop Racer
SLPS-01077;Gallop Racer 2
SLPS-91078;Gallop Racer 2
SLPS-02623;Gallop Racer 2000
SLPS-91234;Gallop Racer 2000 [Playstation the Best]
SLPS-01981;Gallop Racer 3
SLPS-91404;Gallop Racer 3
SLPS-03549;Game de Hajimeru TOEIC Test: Mazu wa Nyuumon-hen 1500
SLPS-01306;Game de Seishun
SLPS-00774;Game Nihonshi: Kakumeiji Oda Nobunaga
SLPS-00030;Game no Tatsujin
SLPS-02052;Game no Tatsujin
SLPS-03298;Game no Tatsujin [Value 1500]
SLPS-00213;Game no Tatsujin 2
SLPS-03297;Game no Tatsujin 2
SLPS-00096;Game no Tetsujin: The Shanghai
SLUS-00769;Game of Life, The
SLPS-01607;Game Soft o Tsukurou: Let's Be a Super Game Creator!!
SLPM-80093;Gamera 2000
SLPS-00833;Gamera 2000
SLPM-86890;Gamera 2000 [Cyclones Best]
SLPM-86155;Ganbare Goemon: Kuru nara Koi! Ayashige Ikka no Kuroi Kage
SLPM-86572;Ganbare Goemon: Kuru nara Koi! Ayashige Ikka no Kuroi Kage
SLPM-86774;Ganbare Goemon: Ooedo Daikaiten
SLPM-86940;Ganbare Goemon: Ooedo Daikaiten
SLPM-87197;Ganbare Goemon: Ooedo Daikaiten
SLPM-86030;Ganbare Goemon: Uchuu Kaizoku Akogingu
SLPS-00217;Ganbare Goemon: Uchuu Kaizoku Akogingu
SLPM-87327;Ganbare Goemon: Uchuu Kaizoku Akogingu [PSOne Books]
SCPS-10033;Ganbare Morikawa-kun 2-gou
SCPS-10036;Ganbare Morikawa-kun 2-gou
SCPS-45070;Ganbare Morikawa-kun 2nd Pet in TV
SLPM-86482;Ganbare! Nippon! Olympic 2000
SLPS-01468;Gangway Monsters
SLPS-01373;Ganso Family Mahjong
SLPS-02787;Ganso Family Mahjong [Nichibutsu Select]
SLPS-02094;Ganso Family Mahjong 2
SLPS-03102;Ganso Family Mahjong 2 [Nichibutsu Select vol.5]
SCPS-45409;Garou Densetsu: Wild Ambition
SLPM-80446;Garou Densetsu: Wild Ambition
SLPM-86236;Garou Densetsu: Wild Ambition
SLPM-86576;Garou Densetsu: Wild Ambition [SNK Best Collection]
SLPS-02246;Gate Keepers (Disc 1)
SLPS-02247;Gate Keepers (Disc 2)
SLES-02791;Gauntlet Legends
SLES-02931;Gauntlet Legends
SLES-02932;Gauntlet Legends
SLUS-00624;Gauntlet Legends
SLUS-80624;Gauntlet Legends (Demo)
SLPS-03189;Gear Fighter Dendoh
SLPS-00644;GeGeGe no Kitarou
SLPM-87286;GeGeGe no Kitarou: Gyakushuu! Youma Daikessen
SLPM-87342;GeGeGe no Kitarou: Gyakushuu! Youma Daikessen
SLPS-02056;Geki-Oh: Shienryuu
SLES-01241;Gekido: Urban Fighters
SLUS-00970;Gekido: Urban Fighters
SLES-04004;Gekioh: Shooting King
SLUS-01498;Gekioh: Shooting King
SLPS-00696;Gekiretsu Pachinkers
PCPX-96164;Gekisou Tomarunner
SCPS-10087;Gekisou Tomarunner
SLPS-01346;Gekisou!! Grand Racing: Total Drivin'
SCPS-91320;Gekitotsu Toma L'Arc: L'Arc en Ciel vs Tomarunner [PSOne Books]
SCPS-10134;Gekitotsu Toma L'Arc: Tomarunner vs L'Arc-en-Ciel
SLPS-00926;Gekitotsu! Yonku Battle 4WD
SLPS-03453;Gekitou! Crush Gear Turbo
SLPM-84016;Gekitou! Crush Gear Turbo: Comic Bom Bom Special Disc
SLPS-00421;Gekka no Kishi: Ouryuu-sen
SLPS-00491;Gen'ei Tougi: Shadow Struggle
SLPM-86175;Genghis Khan: Aoki Ookami to Shiroki Mejika IV
SLPM-86287;Genghis Khan: Aoki Ookami to Shiroki Mejika IV [Koei Summer Campaign]
SLPM-87276;Genghis Khan: Aoki Ookami to Shiroki Mejika IV [Koei Teiban Series]
SLPM-86593;Genghis Khan: Aoki Ookami to Shiroki Mejika IV [Koei the Best]
SCPS-10038;Gensei Kyokou Seirei Kidoudan: Elemental Gearbolt
SLPM-86953;Genso Suiko Gaiden Vol.2: Crystal Vallet no Kettou [Konami the Best]
SCPS-45369;Genso Suikoden II
SLPM-86986;Gensou Maden Saiyuuki: Haruka naru Nishi e
SLPS-02563;Gensou no Artemis
SLPM-86637;Gensou Suiko Gaiden Vol. 1: Harmonia no Kenshi
SLPM-86883;Gensou Suiko Gaiden Vol. 1: Harmonia no Kenshi
SLPM-87261;Gensou Suiko Gaiden Vol. 1: Harmonia no Kenshi
SLPM-86663;Gensou Suiko Gaiden Vol. 2: Crystal Valley no Kettou
SLPM-87262;Gensou Suiko Gaiden Vol. 2: Crystal Valley no Kettou
SLPM-86017;Gensou Suikoden
SLPM-87099;Gensou Suikoden
SLPS-00097;Gensou Suikoden
SCPS-45319;Gensou Suikoden II
SLPM-80347;Gensou Suikoden II
SLPM-86113;Gensou Suikoden II
SLPM-86116;Gensou Suikoden II
SLPM-86168;Gensou Suikoden II
SLPM-86389;Gensou Suikoden II
SLPM-87100;Gensou Suikoden II
SLPS-00007;Geom Cube
SLUS-00024;Geom Cube
SLPS-01575;Geometry Duel
SCED-02383;Germany Speziale 11-99
SLPS-02107;Germs: Nerawareta Machi
SLPM-86848;GetBackers: Dakkan'ya
SLPM-87202;GetBackers: Dakkan'ya
SLPS-02232;Getter Robo Daikessen!
SLPS-03017;Getter Robo the Big Battle! [Digital Emotion Best]
SLES-00133;Gex
SLPS-00244;Gex
SLUS-00042;Gex (Rev 1)
SLUS-00806;Gex 3: Deep Cover Gecko
SLES-00596;Gex 3D: Enter the Gecko
SLED-01112;Gex 3D: Enter the Gecko (Demo)
SLES-01299;Gex: Deep Cover Gecko
SLES-01908;Gex: Deep Cover Gecko
SLED-01954;Gex: Deep Cover Gecko (Demo)
SLUS-00598;Gex: Enter the Gecko (Beta)
SCES-01050;Ghost in the Shell
SCES-01074;Ghost in the Shell
SCES-01075;Ghost in the Shell
SCPS-45092;Ghost in the shell
SLUS-00552;Ghost in the Shell
SCES-02543;Ghoul Panic
SLPM-80409;GI Jockey
SLPM-86195;GI Jockey
SLPM-86213;GI Jockey
SLPM-86413;GI Jockey 2000
SCPS-45229;Ginga Eiyuu Densetsu
SLPS-01358;Ginga Eiyuu Densetsu
SLPS-01451;Ginga Ojousama Densetsu Yuna: Final Edition
SLES-03170;Gioca con i Teletubbies
SLPS-00132;Gionbana
SLPS-01858;Gionbana 2: Kanazawa Bunko-hen
SLPM-86226;Glay: Complete Works (Disc 1)
SLPM-86227;Glay: Complete Works (Disc 2)
SLPM-86200;Glint Glitters
SLES-01419;Global Domination
SLES-01422;Global Domination
SLES-01423;Global Domination
SLES-01424;Global Domination
SLES-01425;Global Domination
SLUS-00721;Global Domination (Beta 2)
PCPX-96146;Global Force: Shin Sentou Kokka
SCPS-10082;Global Force: Shin Sentou Kokka
SLPS-02425;Glocal Hexcite
SLES-02213;Glover
SLUS-00890;Glover
SLPS-03061;Go Go I Land (Disc 1)
SLPS-03062;Go Go I Land (Disc 2)
SLPS-00528;Go II Professional: Taikyoku Igo
SLES-00069;Goal Storm
SLUS-00055;Goal Storm
SCPS-45165;Goal Storm '97
SLUS-00295;Goal Storm '97
SLPS-02945;Gochachiru (Pandora Max Series vol.5)
SLPS-01470;Godzilla: Trading Battle
SLPM-86997;Goemon: Shin Sedai Shuumei
SLPM-87196;Goemon: Shin Sedai Shuumei
SLPS-01542;Goiken Muyou II
SLPM-86031;Gokujou Parodius Da! Deluxe Pack
SLPM-87329;Gokujou Parodius Da! Deluxe Pack
SLPS-00002;Gokujou Parodius Da! Deluxe Pack
SLPS-00048;Gokuu Densetsu: Magic Beast Warriors
SLES-02934;Gold and Glory: The Road to El Dorado
SLUS-01312;Gold and Glory: The Road to El Dorado
SLES-03185;Gold und Ruhm: Der Weg nach El Dorado
SLES-01222;Golden Goal 98
SLUS-00319;Golden Nugget (Disc 1)
SLUS-00555;Golden Nugget (Disc 2)
SLES-02952;Goldie
SLPS-01712;Golgo 13 Vol. 1: Carlyle no Yabou
SLPS-01713;Golgo 13 Vol. 2: Mienai Guntai
SLPM-80061;Goo-Cho de Park: Theme Park Monogatari
SLPS-00626;Goo-Cho de Park: Theme Park Monogatari
SLPS-91066;Goo-Cho de Park: Theme Park Monogatari
SCPS-45434;Goo! Goo! Soundy
SLPM-86250;Goo! Goo! Soundy
SLPS-01620;Goryuujin + Electro
SLPS-00422;Gotha II: Tenkuu no Kishi
SLPS-03552;Gotouchi Hello Kitty Sugoroku Monogatari
SLPS-01471;Goujin Senki
SLPS-02866;Goujin Senki
SLPM-80009;Gouketsuji Ichizoku 2: Chotto dake Saikyou Densetsu
SLPS-00104;Gouketsuji Ichizoku 2: Chotto dake Saikyou Densetsu
SLPM-80631;Gourmet Action Game: Manpuku!! Nabe Kazoku
SLPS-03381;Gourmet Action Game: Manpuku!! Nabe Kazoku
SLES-03207;GP Challenge
SLES-01598;Grab des Pharao, Das
SLPS-00303;Gradius Deluxe Pack
SLPM-86042;Gradius Gaiden
SLPM-86103;Gradius Gaiden
SLPM-87323;Gradius Gaiden
PAPX-90026;Gran Turismo
PCPX-96085;Gran Turismo
PCPX-96088;Gran Turismo
PCPX-96096;Gran Turismo
SCES-00984;Gran Turismo
SCPS-10045;Gran Turismo
SCPS-45149;Gran Turismo
SCPS-91128;Gran Turismo
SCPS-91301;Gran Turismo
SCUS-94194;Gran Turismo
SCED-01279;Gran Turismo (Demo)
SCUS-94257;Gran Turismo (Demo)
PAPX-90054;Gran Turismo 2
SCUS-94455;Gran Turismo 2 (Arcade Mode)
SCES-02380;Gran Turismo 2 (Disc 1) (Arcade Mode)
SCPS-10116;Gran Turismo 2 (Disc 1) (Arcade)
SCPS-45457;Gran Turismo 2 (Disc 1) (Arcade)
SCPS-91326;Gran Turismo 2 (Disc 1) (Arcade)
SCES-12380;Gran Turismo 2 (Disc 2) (Gran Turismo Mode)
SCPS-10117;Gran Turismo 2 (Disc 2) (Gran Turismo)
SCPS-45458;Gran Turismo 2 (Disc 2) (Gran Turismo)
SCPS-91327;Gran Turismo 2 (Disc 2) (Gran Turismo)
SCUS-94488;Gran Turismo 2 (Simulation Mode)
SCED-02904;Gran Turismo 2 (Un CD Bonus)
SCUS-94588;Gran Turismo 2: Music at the Speed of Sound: The Album (Bonus PlayStation Disc)
SCAJ-01001;Gran Turismo 2: The Real Driving Simulator [PSOne Books] (Disc 1)
SCAJ-01002;Gran Turismo 2: The Real Driving Simulator [PSOne Books] (Disc 2)
SLUS-00127;Grand Slam
SLED-01093;Grand Theft Auto
SLES-00032;Grand Theft Auto
SLUS-00106;Grand Theft Auto
SLES-02453;Grand Theft Auto 2
SLES-02458;Grand Theft Auto 2
SLUS-00789;Grand Theft Auto 2
SLES-01404;Grand Theft Auto 2 (Rev 1)
SLES-03389;Grand Theft Auto: London 1969
SLES-01714;Grand Theft Auto: Mission Pack 1: London 1969
SLUS-00846;Grand Theft Auto: Mission Pack 1: London 1969
SCES-04090;Grande Fratello: Il Gioco
SCUS-94457;Grandia (Disc 1)
SLES-02397;Grandia (Disc 1)
SLES-02398;Grandia (Disc 1)
SLES-02399;Grandia (Disc 1)
SLPS-02124;Grandia (Disc 1)
SLPS-91205;Grandia (Disc 1)
SCUS-94465;Grandia (Disc 2)
SLES-12397;Grandia (Disc 2)
SLES-12398;Grandia (Disc 2)
SLES-12399;Grandia (Disc 2)
SLPS-02125;Grandia (Disc 2)
SLPS-91206;Grandia (Disc 2)
SLPM-80297;Grandia: Prelude
SLPM-80436;Grandia: Prelude
SLPS-01624;Granew-tou! Daibouken
PCPX-96087;Granstream Denki: The Granstream Saga
SCPS-10046;Granstream Denki: The Granstream Saga
SCES-01107;Granstream Saga, The
SCES-01321;Granstream Saga, The
SCES-01322;Granstream Saga, The
SLUS-00597;Granstream Saga, The
SCED-04013;Gratis! Demo Disc!
SLPM-80313;Great Hits
SLPM-86125;Great Hits
SLPS-01268;Great Rugby Jikkyou '98: World Cup e no Michi
SLPS-02057;Great Rugby Jikkyou '98: World Cup e no Michi
SLPS-91417;Great Rugby Jikkyou '98: World Cup e no Michi
SLES-00381;Grid Run
SLPS-00659;Grid Runner
SLUS-00323;Grid Runner
SLPS-00211;Grille Logic
SLES-02974;Grinch, The
SLUS-01197;Grinch, The
SCES-02885;Grind Session
SCES-03114;Grind Session
SCUS-94568;Grind Session
SCUS-94598;Grind Session (Demo)
SLPS-00615;Gritz: The Pyramid Adventure
SLPM-87138;Groove Adventure Rave: Mikan no Hiseki
SLPM-87288;Groove Adventure Rave: Mikan no Hiseki [Konami the Best]
SLPM-87289;Groove Adventure Rave: Yukyu no Kizuna [PSOne Books]
SLPM-87011;Groove Adventure Rave: Yuukyuu no Kizuna
SLPM-87203;Groove Adventure Rave: Yuukyuu no Kizuna
SLPS-01205;Groove Jigoku V: SweepStation Version
SLPS-00088;Ground Stroke: Advanced Tennis Game
SLPM-87333;Growlanser (Disc 1)
SLPS-02380;Growlanser (Disc 1)
SLPS-03240;Growlanser (Disc 1)
SLPM-87334;Growlanser (Disc 2)
SLPS-02381;Growlanser (Disc 2)
SLPS-03241;Growlanser (Disc 2)
SLES-02223;Grudge Warriors
SLUS-01150;Grudge Warriors
SLPM-84010;GRV 2000
SLES-01776;Guardian of Darkness, The
SLPS-01297;Guardian Recall: Shugojuu Shoukan (Disc 1)
SLPS-01298;Guardian Recall: Shugojuu Shoukan (Disc 2)
SLES-01793;Guardian's Crusade
SLES-01799;Guardian's Crusade
SLES-01800;Guardian's Crusade
SLES-01801;Guardian's Crusade
SLUS-00811;Guardian's Crusade
SLES-03208;Gubble
SLPS-01537;Gubble
SLUS-01466;Gubble
SLES-02494;Guilty Gear
SLPM-80302;Guilty Gear
SLPS-01357;Guilty Gear
SLPS-02273;Guilty Gear
SLUS-00772;Guilty Gear
SCPS-45422;Guitar Freaks
SLPM-86265;Guitar Freaks
SLPM-86577;Guitar Freaks
SLPM-86446;Guitar Freaks Append 2nd Mix
SLPS-03100;Gunbalina
SLPM-80303;Gunbare! Game Tengoku: The Game Paradise 2
SLPS-01322;Gunbare! Game Tengoku: The Game Paradise 2
SCPS-45299;Gunbarl
SLPS-01500;Gunbarl
SLPS-91195;Gunbarl [Playstation the Best]
SLPS-00157;Gunbird
SLPS-00929;GunBullet
SLPS-00930;GunBullet
SLPS-91147;GunBullet
SLPS-00815;Gundam 0079: The War for Earth (Disc 1)
SLPS-00816;Gundam 0079: The War for Earth (Disc 2)
SLES-03650;Gundam Battle Assault
SLPM-86746;Gundam Battle Assault
SLUS-01226;Gundam Battle Assault
SLES-03934;Gundam Battle Assault 2
SLUS-01418;Gundam Battle Assault 2
SLPM-80098;Gundam the Battle Master
SLPM-80107;Gundam the Battle Master
SLPS-00883;Gundam the Battle Master
SCPS-45172;Gundam The Battle Master 2
SLPM-80210;Gundam the Battle Master 2
SLPS-01286;Gundam the Battle Master 2
SLPS-02512;Gundress
SLPS-02513;Gundress Data-shuu
SLES-03689;Gunfighter: The Legend of Jesse James
SLUS-01398;Gunfighter: The Legend of Jesse James
SCPS-45408;Gungage
SLES-02069;Gungage
SLPM-86233;Gungage
SLPM-80324;Gungho Brigade
SLPS-01902;Gungho Brigade
SCPS-10006;Gunners Heaven
SLPS-01408;Gunnm: Kasei no Kioku
SLPS-02485;Gunpey
SLES-00027;Gunship
SLPS-00495;Gunship
SLUS-00313;Gunship
SLPS-01106;Guntu: Western Front June, 1944: Tetsu no Kioku
SLPS-00041;Gussun Oyoyo
SLPS-02723;Gussun Oyoyo [Xing Maruyasu Series]
SLPS-00588;Gussun Paradise
SLPS-91476;Guucho de Park: Theme Park Monogatari [PSOne Books]
SLPM-80365;Guuguuthropus
SLPM-86148;Guuguuthropus
SLES-01360;Guy Roux Football Manager Saison 97-98
SLES-01934;Guy Roux Manager '99
SLES-02612;Guy Roux Manager 2000
SLES-03403;Guy Roux Manager 2001
SLPS-02509;Gyuwambler Jiko Chuushinha: Ippatsu Shoubu!
SLES-02693;GZSZ Quiz
SLES-02441;GZSZ Vol. 2 (Disc 1)
SLES-12441;GZSZ Vol. 2 (Disc 2)
SLES-02980;GZSZ Vol. 3
SLPM-80196;Hacha Mecha Pon!
SLPS-91496;Hai-Shin 2 [PSOne Books]
SLPM-86066;Haishin 2
SLPS-02432;Haishin 2
SLPS-00945;Hajime no Ippo: The Fighting!
SLPS-91063;Hajime no Ippo: The Fighting!
SLPS-01677;Hakai-ou: King of Crusher
SLES-03584;Haluatko Miljonaariksi
SLPS-03266;Hamster Club-i
SLPS-02724;Hamster Monogatari
SLPS-03527;Hamster Monogatari [EPV]
SLPS-03103;Hamster no Odekake
SLPM-86662;Hamunaptra: Ushinawareta Sabaku no Miyako
SLPS-01532;Hana to Ryuu
SLPM-87062;Hana to Ryuu: Hanafuda, Mahjong
SLPS-03080;Hanabi Fantast [Magical 1500]
PAPX-90048;Hanabi: Fantast
SLPM-80239;Hanabi: Fantast
SLPS-01439;Hanabi: Fantast
SLPM-87083;Hanafuda Graffiti: Koi Koi Monogatari
SLPS-00367;Hanafuda Graffiti: Koi Koi Monogatari
SLPS-01747;Hanafuda Real 3D
SLPS-03182;Happy Diet
SCPS-45145;Happy Hotel
SLPS-01110;Happy Hotel
SLPS-03306;Happy Jogging in Hawaii
SLPS-02821;Happy Salvage
SLPS-02822;Happy Salvage: Otakara Disc
SLPM-86043;Hard Blow
SLES-00033;Hard Boiled
SLES-00851;Hard Boiled
SLES-00852;Hard Boiled
SLPS-01484;Hard Boiled: Neuro Tower o Hakai seyo
SLES-01539;Hard Edge
SLPS-01733;Hard Edge
SLPS-02692;Hard Edge [Collection Best]
SLPS-03270;Hard Edge [Value 1500]
SLPS-00224;Hard Rock Cab
SLUS-00651;HardBall '99
SLPS-00571;HardBall 5
SLUS-00108;HardBall 5
SLES-00261;Hardcore 4x4
SLPM-86329;Harlem Beat: You're the One
SLPS-00498;Harmful Park
SLES-03972;Harry Potter and the Chamber of Secrets
SLES-03973;Harry Potter and the Chamber of Secrets
SLES-03974;Harry Potter and the Chamber of Secrets
SLES-03975;Harry Potter and the Chamber of Secrets
SLUS-01503;Harry Potter and the Chamber of Secrets
SLES-03662;Harry Potter and the Philosopher's Stone
SLES-03663;Harry Potter and the Philosopher's Stone
SLES-03664;Harry Potter and the Philosopher's Stone
SLES-03665;Harry Potter and the Philosopher's Stone
SLUS-01417;Harry Potter and the Philosopher's Stone
SLUS-01415;Harry Potter and the Sorcerer's Stone
SLES-03976;Harry Potter ja Salaisuuksien Kammio
SLPS-03492;Harry Potter to Himitsu no Heya
SLPM-84013;Harry Potter to Kenja no Ishi
SLPS-03355;Harry Potter to Kenja no Ishi
PCPX-96110;Haru no Buru Buru Taikenban
SLPM-86465;Harukanaru Toki no Naka de
SLPM-86466;Harukanaru Toki no Naka de
SLPM-87349;Harukanaru Toki no naka de [Koei the Best]
SLPM-87241;Harukanaru Toki no Naka de: Banjou Yuugi
SLPM-87242;Harukanaru Toki no Naka de: Banjou Yuugi
SLPM-87361;Harukanaru Toki no Naka de: Banjou Yuugi
SLPM-87351;Harukanaru Toki no naka de: Banue Yuugi [Koei Teiban Series]
SLPS-00578;Harukaze Sentai V-Force (Disc 1)
SLPS-02340;Harukaze Sentai V-Force (Disc 1)
SLPS-00579;Harukaze Sentai V-Force (Disc 2)
SLPS-02341;Harukaze Sentai V-Force (Disc 2)
SLPS-00580;Harukaze Sentai V-Force (Disc 3)
SLPS-02342;Harukaze Sentai V-Force (Disc 3)
SLUS-01115;Harvest Moon: Back to Nature
SLUS-81115;Harvest Moon: Back to Nature (Demo)
SLES-02781;Harvest Moon: Back to Nature (Rev 1)
SLPS-00704;Hashiriya: Ookami-tachi no Densetsu
SLPS-00831;Hatsukoi Valentine
SLPS-01452;Hatsukoi Valentine Special
SLPS-00668;Haunted Junction: Seitokai Badge o Oe!
SLES-02738;HBO Boxing
SLUS-01027;HBO Boxing
LSP-990131;Head to Toe 1
LSP-990132;Head to Toe 2
LSP-990133;Head to Toe 3
LSP-990134;Head to Toe 4
SLED-01342;Heart of Darkness
SLED-01351;Heart of Darkness (Demo)
SLES-00462;Heart of Darkness (Disc 1)
SLES-00463;Heart of Darkness (Disc 1)
SLES-00464;Heart of Darkness (Disc 1)
SLES-00465;Heart of Darkness (Disc 1)
SLPS-01908;Heart of Darkness (Disc 1)
SLUS-00696;Heart of Darkness (Disc 1)
SLES-00461;Heart of Darkness (Disc 1) (EDC)
SLES-10461;Heart of Darkness (Disc 2)
SLES-10462;Heart of Darkness (Disc 2)
SLES-10464;Heart of Darkness (Disc 2)
SLES-10465;Heart of Darkness (Disc 2)
SLPS-01909;Heart of Darkness (Disc 2)
SLUS-00741;Heart of Darkness (Disc 2)
SLES-10463;Heart of Darkness (Disc 2) (EDC)
SLPS-00667;Heaven's Gate
SLPS-00044;Hebereke Station Popoitto
SLPS-02051;Hebereke Station Popoitto [Sunsoft Collection Best]
SLPS-03299;Hebereke Station Popoitto [Value 1500]
SLES-00156;Hebereke's Popoitto
SLPS-02714;Heisa Byouin
SLPS-03159;Heisa Byouin
SLPS-00413;Heiwa Pachinko Daisuki
SLPS-02374;Heiwa Pachinko Graffiti Vol. 1
SLPS-02495;Heiwa Pachinko Graffiti Vol. 2
SLPS-03373;Heiwa Parlor! Pro: BunDori King SP
SLPS-02689;Heiwa Parlor! Pro: Dolphin Ring Special
SLPS-03105;Heiwa Parlor! Pro: Fujiko ni O-Ma-Ka-Se Special
SLPS-02870;Heiwa Parlor! Pro: Inakappe Taishou Special
SLPS-02541;Heiwa Parlor! Pro: Lupin Sansei Special
SLPS-03370;Heiwa Parlor! Pro: Tsunatori Special
SLPS-02574;Heiwa Parlor! Pro: Western Special
SLPS-03340;Helix: Fear Effect (Disc 1)
SLPS-03341;Helix: Fear Effect (Disc 2)
SLPS-03342;Helix: Fear Effect (Disc 3)
SLPS-03343;Helix: Fear Effect (Disc 4)
SLUS-01414;Hellboy: Asylum Seeker
SLES-01562;Hellnight
SLPM-86083;Hello Charlie!!
SLPM-80244;Hello Kitty no Cube de Cute
SLPS-01427;Hello Kitty no Cube de Cute
SLUS-00778;Hello Kitty: Cube Frenzy
SLPM-86140;Hello Kitty: Kitty the Kool!
SLPS-01766;Hello Kitty: White Present
SLPS-02455;Hello Kitty's Cube de Cute [Reprint]
SLPM-86021;Henry Explorers
SLES-00586;Herc's Adventures
SLES-00642;Herc's Adventures
SLES-00645;Herc's Adventures
SLES-00653;Herc's Adventures
SLES-00655;Herc's Adventures
SLUS-00298;Herc's Adventures
SLPS-01061;Herc's Adventures: Hercules no Daibouken
SLES-04124;Herkules
SCPS-10012;Hermie Hopperhead: Scrap Panic
SCPS-91016;Hermie Hopperhead: Scrap Panic
SLPM-80431;Herohero-kun to Ralph no Daibouken
SLPS-00470;Heroine Dream
SLPS-00471;Heroine Dream
SLPS-02264;Heroine Dream [Mouichido Kimi ni Eitai...Loved Series vol.2]
SLPS-01376;Heroine Dream 2
SLPS-02933;Heroine Dream 2 [The Best Buy]
SLPM-80528;Hexamoon Guardians
SLPS-02641;Hexamoon Guardians (Disc 1)
SLPS-02642;Hexamoon Guardians (Disc 2)
SLES-00555;Hexen
SLUS-00348;Hexen
SLPS-00972;Hexen: Beyond Heretic
SLPS-00821;Hi-Hou-Ou: Mou Omae to wa Kuchi Kikan!!
SLES-00115;Hi-Octane
SLPS-00171;Hi-Octane
SCES-00231;Hi-Octane + Ridge Racer + Mortal Kombat 3 + Evolva
SLUS-00157;Hi-Octane: The Track Fights Back!
SLES-03602;Hidden & Dangerous
SLUS-00830;High Heat Baseball 2000
SLUS-01244;High Heat Major League Baseball 2002
SLPS-02351;High School of Blitz
SLPS-02305;Hikari no Shima: Seven Lithographs in Shining Island
SLPM-87059;Hikaru no Go: Heian Gensou Ibunroku
SLPM-87273;Hikaru no Go: Heian Gensou Ibunroku [Konami the Best]
SLPM-87199;Hikaru no Go: Insei Choujou Kessen
SLPM-87321;Hikaru no Go: Insei Choujou Kessen [Konami the Best]
SLPM-80390;Himiko-den: Renge
SLPS-01890;Himiko-den: Renge (Disc 1)
SLPS-01891;Himiko-den: Renge (Disc 2)
SLPS-01892;Himiko-den: Renge (Disc 3)
SLPS-01334;Himitsu Kessha Q
SLPS-01626;Himitsu Sentai Metamor V Deluxe (Disc 1)
SLPS-01627;Himitsu Sentai Metamor V Deluxe (Disc 2)
SLPS-02355;Hissatsu Pachi-Slot Station 2: Bakuto! Joushiki Yaburi no 2 Types
SLPS-02683;Hissatsu Pachi-Slot Station 3: Tetra Reel e no Chousen
SLPS-02799;Hissatsu Pachi-Slot Station 4: New Pulsar R & Hot Rod Queen
SLPS-03030;Hissatsu Pachi-Slot Station 5: Invaders 2000
SLPS-02494;Hissatsu Pachi-Slot Station SP: Yamasa Best Choice
SLPS-02948;Hissatsu Pachi-Slot Station Special 2: The Tetra
SLPS-01551;Hissatsu Pachi-Slot Station: Meoshi Ichiban
SLPS-03022;Hissatsu Pachi-Slot Station: Meoshi Ichiban
SLPS-00112;Hissatsu Pachinko Station
SLPS-01668;Hissatsu Pachinko Station
SLPS-02990;Hissatsu Pachinko Station 10: EX Jack 2000 & Super Dragon
SLPS-01185;Hissatsu Pachinko Station 2
SLPS-01702;Hissatsu Pachinko Station 3: Genshijin ga Ippai
SLPS-01741;Hissatsu Pachinko Station 3: Genshijin ga Ippai
SLPS-01907;Hissatsu Pachinko Station 4: Hero-tachi no Chousen
SLPS-03077;Hissatsu Pachinko Station 4: Hero-tachi no Chousen
SLPS-02097;Hissatsu Pachinko Station 5: Deramaitta & Irete Nanbo
SLPS-02144;Hissatsu Pachinko Station 6: Gakideka & Jamaica
SLPS-02408;Hissatsu Pachinko Station 7: CR Chumy House XL & CR Battle Hero V & Fine Play
SLPS-02677;Hissatsu Pachinko Station 8: Kamashi no Kin-chan & Soreyuke Hama-chan
SLPS-02765;Hissatsu Pachinko Station 9: Ushiwaka to Lemi
SLPS-02678;Hissatsu Pachinko Station Classic 2: Tsui ni yomigaeru!! Bakuretsu Meiki Fukkatsu
SLPS-01963;Hissatsu Pachinko Station Classic: Fukkatsu! Natsukashi no Meiki-tachi
SLPS-02511;Hissatsu Pachinko Station Now 2: Yatta ze Ippatsu Tsumo Tsumo Tengoku
SLPS-02558;Hissatsu Pachinko Station Now 3: Youkai Engei
SLPS-02721;Hissatsu Pachinko Station Now 4: Ore wa Nekketsu Bouken-ou da!!
SLPS-02856;Hissatsu Pachinko Station Now 5: GeGeGe no Kitarou
SLPS-02999;Hissatsu Pachinko Station Now 6: Shinsei!! Areddin 21
SLPS-03107;Hissatsu Pachinko Station Now 7: Magical Circus
SLPS-03129;Hissatsu Pachinko Station Now 8: Jarinko Chie
SLPS-03365;Hissatsu Pachinko Station Now 9: Dirty Pair
SLPS-02284;Hissatsu Pachinko Station Now: Kore ga Ichiban!! Shin Pikaichi Tengoku
SLPS-02493;Hissatsu Pachinko Station Petit 2: Areddin tte Great!?
SLPS-02283;Hissatsu Pachinko Station Petit: Nanasy tte Nani??
SLPS-03339;Hissatsu Pachinko Station SP3
SLPS-01577;Hissatsu Pachinko Station: Monster House Special
SLPS-02984;Hissatsu Pachinko Station: Toyomaru Special
SLPS-03126;History of Kita Denshi
SLPM-80252;Hit Back
SLPS-01361;Hit Back
SLUS-00120;Hive, The (Disc 1)
SLUS-00182;Hive, The (Disc 2)
SLPS-01302;Hiza no Ue no Partner: Kitty on Your Lap
SLPS-02317;Hiza no Ue no Partner: Kitty on Your Lap
SLES-01041;Hogs of War
SLUS-01195;Hogs of War
SLED-03054;Hogs of War (Demo)
SLES-02769;Hogs of War: Nati per Soffritto
SLPS-00369;Hokuto no Ken
SLPS-02993;Hokuto no Ken: Seikimatsu Kyuuseishu Densetsu
PBPX-95005;Holiday Special
SLPS-01075;Home Doctor
SLPS-00434;Honkaku 4-nin Uchi: Geinoujin Taikyoku Mahjong: The Wareme de Pon
SLPS-01656;Honkaku Hanafuda
SLPS-03119;Honkaku Hanafuda [Rerelease]
SLPS-00986;Honkaku Igo
SLPS-00238;Honkaku Mahjong: Tetsuman Special
SLPS-91137;Honkaku Mahjong: Tetsuman Special
SLPS-01594;Honkaku Shougi: Shougi-ou
SLPS-02741;Honkaku Yonin Uchi Pro Mahjong: Mahjong-ou
SLPM-86082;Honkakuha Yonin Uchi: Mahjong Club
SLPS-02080;Honkakuha Yonin Uchi: Mahjong Club
SLPS-02088;Honkakuha Yonin Uchi: Mahjong Club
SLPS-00465;Honoo no 15 Shumoku: Atlanta Olympics
SLPS-01382;Honoo no Ryourinin: Cooking Fighter Hao
SLPS-01273;Honya
SLUS-01394;Hooters: Road Trip
SCPS-10016;Horned Owl
SCPS-10017;Horned Owl
SCPS-45189;Hoshi de Hakken!! Tamagotchi
SLPS-01250;Hoshi de Hakken!! Tamagotchi
SLPS-03267;Hoshi no Mahoroba
SLUS-01375;Hoshigami: Ruining Blue Earth
SLPS-02904;Hoshigami: Shizumiyuku Aoki Daichi
SLPS-01638;Hoshinooka Gakuen Monogatari: Gakuensai
SLES-04050;Hot Shot
SCUS-94188;Hot Shots Golf
SCUS-94253;Hot Shots Golf (Demo)
SCUS-94476;Hot Shots Golf 2
SCUS-94776;Hot Shots Golf 2
SCUS-94495;Hot Shots Golf 2 (Demo)
SLES-03595;Hot Wheels: Extreme Racing
SLUS-01293;Hot Wheels: Extreme Racing
SLES-02198;Hot Wheels: Turbo Racing
SLUS-00964;Hot Wheels: Turbo Racing
SLPS-00020;Houma Hunter Lime: Special Collection Vol. 1
SLPS-00085;Houma Hunter Lime: Special Collection Vol. 2
SLPM-86377;Houshin Engi
SLPS-01547;Houshin Engi
SLPM-86209;Houshin Engi: Aizouban
SLPM-86290;Houshinengi (Collector's Edition) (Koei Summer Campaign)
SLPM-87128;Houshinengi (Koei Teiban Series)
SLPM-80216;Hudson Spring Collection '98
SLES-01164;Hugo
SLES-01590;Hugo
SLES-01591;Hugo
SLES-01592;Hugo
SLES-01593;Hugo
SLES-01666;Hugo
SLES-01667;Hugo
SLES-01668;Hugo
SLES-01805;Hugo 2
SLES-01806;Hugo 2
SLES-01807;Hugo 2
SLES-01808;Hugo 2
SLES-01809;Hugo 2
SLES-01810;Hugo 2
SLES-01811;Hugo 2
SLES-01812;Hugo 2
SLES-01813;Hugo 2
SLES-01815;Hugo 2
SLES-02163;Hugo 2
SLES-03487;Hugo: Black Diamond Fever
SLES-03512;Hugo: Black Diamond Fever
SLES-03513;Hugo: Black Diamond Fever
SLES-03514;Hugo: Black Diamond Fever
SLES-03686;Hugo: Frog Fighter
SLES-03744;Hugo: Frog Fighter
SLES-03836;Hugo: The Evil Mirror
SLES-03837;Hugo: The Evil Mirror
SLES-03838;Hugo: The Evil Mirror
SLES-03839;Hugo: The Evil Mirror
SLUS-01559;Hugo: The Evil Mirror
SLES-02590;Hugo: The Quest for the Sunstones
SLES-03573;Hugo: The Quest for the Sunstones
SLES-02958;Hunchback of Notredame
SLPM-86651;Hunter x Hunter: Maboroshi no Greed Island
SLPM-86829;Hunter X Hunter: Maboroshi no Greed Island [Konami the Best]
SLPM-87205;Hunter X Hunter: Maboroshi no Greed Island [PSOne Books]
SLPM-86895;Hunter x Hunter: Ubawareta Aura Stone
SLPM-87204;Hunter X Hunter: Ubawareta Aura Stone [PSOne Books]
SLES-03210;Hunter, The
SLES-03482;Hvem Vil Vaere Millionaer
SLPS-03353;Hyakujuu Sentai GaoRanger
SLPS-03530;Hyakujuu Sentai GaoRanger [Bandai the Best]
SLES-03531;Hybrid
SLPS-01102;Hybrid
SLES-02337;Hydro Thunder
SLUS-00847;Hydro Thunder
SLPM-87229;Hyouryuuki: The Reportage Beyond the Sea
SLPS-02358;Hyouryuuki: The Reportage Beyond the Sea
SLPS-00395;Hyper 3D Pinball
SLPS-00248;Hyper Crazy Climber
SLPS-00278;Hyper Final Match Tennis
SLPS-00062;Hyper Formation Soccer
SLPM-86002;Hyper Olympic in Atlanta
SLPM-86056;Hyper Olympic in Nagano
SLPM-86132;Hyper Olympic in Nagano
SLPM-80183;Hyper PlayStation Re-mix 1998 No. 1
SLPM-80292;Hyper PlayStation Re-mix 1998 No. 10
SLPM-80317;Hyper PlayStation Re-mix 1998 No. 11 (Disc 1)
PAPX-90059;Hyper PlayStation Re-mix 1998 No. 11 (Disc 2)
SLPM-80337;Hyper PlayStation Re-mix 1998 No. 12
SLPM-80199;Hyper PlayStation Re-mix 1998 No. 2
SLPM-80217;Hyper PlayStation Re-mix 1998 No. 3
SLPM-80228;Hyper PlayStation Re-mix 1998 No. 4
SLPM-80308;Hyper PlayStation Re-mix 1998 No. 5
SLPM-80237;Hyper PlayStation Re-mix 1998 No. 6
SLPM-80248;Hyper PlayStation Re-mix 1998 No. 7 (Disc 1)
PCPX-96115;Hyper PlayStation Re-mix 1998 No. 7 (Disc 2) (Yarudora Series Vol. 1: Double Cast)
SLPM-80264;Hyper PlayStation Re-mix 1998 No. 8
SLPM-80279;Hyper PlayStation Re-mix 1998 No. 9
SLPM-80357;Hyper PlayStation Re-mix 1999 No. 1
SLPM-80480;Hyper PlayStation Re-mix 1999 No. 10
SLPM-80495;Hyper PlayStation Re-mix 1999 No. 11
SLPM-80504;Hyper PlayStation Re-mix 1999 No. 12
SLPM-80369;Hyper PlayStation Re-mix 1999 No. 2
SLPM-80384;Hyper PlayStation Re-mix 1999 No. 3
SLPM-80400;Hyper PlayStation Re-mix 1999 No. 4
SLPM-80416;Hyper PlayStation Re-mix 1999 No. 5
SLPM-80424;Hyper PlayStation Re-mix 1999 No. 6
SLPM-80439;Hyper PlayStation Re-mix 1999 No. 7
SLPM-80456;Hyper PlayStation Re-mix 1999 No. 8
SLPM-80470;Hyper PlayStation Re-mix 1999 No. 9 (Disc 1)
PCPX-96170;Hyper PlayStation Re-mix 1999 No. 9 (Disc 2) (Sony Computer Entertainment Special)
SLPM-80514;Hyper PlayStation Re-mix 2000 No. 1
SLPM-80525;Hyper PlayStation Re-mix 2000 No. 2
SLPM-80050;Hyper PlayStation Re-mix No. 1
SLPM-80146;Hyper PlayStation Re-mix No. 10
SLPM-80152;Hyper PlayStation Re-mix No. 11
SLPM-80167;Hyper PlayStation Re-mix No. 12
SLPM-80058;Hyper PlayStation Re-mix No. 2
SLPM-80072;Hyper PlayStation Re-mix No. 3
SLPM-80090;Hyper PlayStation Re-mix No. 4
SLPM-80099;Hyper PlayStation Re-mix No. 5
SLPM-80106;Hyper PlayStation Re-mix No. 6
SLPM-80113;Hyper PlayStation Re-mix No. 7 (Disc 1)
SLPM-80114;Hyper PlayStation Re-mix No. 7 (Disc 2)
SLPM-80122;Hyper PlayStation Re-mix No. 8
SLPM-80134;Hyper PlayStation Re-mix No. 9
SLPS-01417;Hyper Securities 2
SLES-00309;Hyper Tennis: Final Match
SLPM-86417;Hyper Value 2800: Hanafuda
SLPM-86418;Hyper Value 2800: Hyper Pachinko
SLPM-86292;Hyper Value 2800: Mahjong
SCPS-10141;i-mode mo Issho: Doko Demo Issho Tsuika Disc
SCPS-10143;i-mode mo Issho: Doko Demo Issho Tsuika Disc
SCPS-10144;i-mode mo Issho: Doko Demo Issho Tsuika Disc
PAPX-90063;I.Q Final
PCPX-96137;I.Q Final
SCPS-10071;I.Q Final
SCPS-91311;I.Q Final
SCPS-91227;I.Q Final [PlayStation the Best]
PCPX-96058;I.Q: Intelligent Qube
SCPS-10029;I.Q: Intelligent Qube
SCPS-45036;I.Q: Intelligent Qube
SCPS-91068;I.Q: Intelligent Qube
SCUS-94181;I.Q: Intelligent Qube
SCUS-94196;I.Q: Intelligent Qube (Demo)
SLPS-01029;I'Max Shougi II
SLES-00746;Ian Livingstone's Deathtrap Dungeon
SLUS-00566;Ian Livingstone's Deathtrap Dungeon
SLPS-01027;Iblard: Laputa no Kaeru Machi
ESPM-70001;Iceman: Digital PlayStage
SLPS-02199;Ichigeki: Hagane no Hito
SLPS-00328;Ide Yousuke Meijin no Shin Jissen Mahjong
SLPS-00058;Ide Yousuke no Mahjong Kazoku
SLPS-02272;Ide Yousuke no Mahjong Kyoushitsu
SLPS-02942;Ide Yousuke no Mahjong Kyoushitsu
SLPS-00290;Idol Janshi Suchie-Pai II Limited (Disc 1)
SLPS-00291;Idol Janshi Suchie-Pai II Limited (Disc 2) (Bonus Disc Part 1)
SLPS-00292;Idol Janshi Suchie-Pai II Limited (Disc 3) (Bonus Disc Part 2)
SLPS-03516;Idol Janshi Suchie-Pai II Limited [Jaleco the Best] (Disc 1)
SLPS-03517;Idol Janshi Suchie-Pai II Limited [Jaleco the Best] (Disc 2)
SLPS-03518;Idol Janshi Suchie-Pai II Limited [Jaleco the Best] (Disc 3)
SLPS-00029;Idol Janshi Suchie-Pai Limited
SLPS-03509;Idol Janshi Suchie-Pai Limited
SLPS-00343;Idol Promotion: Suzuki Yumie
SLPS-00344;Idol Promotion: Suzuki Yumie (Yumie Island)
SLUS-01097;IHRA Drag Racing
SLPS-02606;Ikasama Mahjong
SLPS-03314;Ikasama Mahjong
SLPS-00526;Imadoki no Vampire: Bloody Bride
SLES-00235;Impact Racing
SLPS-00836;Impact Racing
SLUS-00225;Impact Racing
SLPM-86402;Impact Racing [SuperLite 1500 Series]
SLUS-01294;In Cold Blood (Disc 1)
SCES-12149;In Cold Blood (Disc 2)
SLUS-01314;In Cold Blood (Disc 2)
SLES-02983;In einem Land vor unserer Zeit: Die Rueckkehr ins Grosse Tal
SLES-00342;In the Hunt
SLUS-00172;In the Hunt
SLPS-02142;Inagawa Junji: Kyoufu no Yashiki
SLPS-02882;Inagawa Junji: Kyoufu no Yashiki [Rerelease]
SLPS-02838;Inagawa Junji: Mayonaka no Taxi
SLPS-03244;Inagawa Junji: Mayonaka no Taxi
SLES-02933;Incredible Crisis
SLUS-01225;Incredible Crisis
SLED-03212;Incredible Crisis (Demo)
SLES-00109;Incredible Hulk, The: The Pantheon Saga
SLUS-00150;Incredible Hulk, The: The Pantheon Saga
SLUS-00221;Independence Day
SLES-00607;Independence Day: The Game
SLES-00135;Indy 500
SLPM-80103;Indy 500
SLPS-00860;Indy 500
SLES-01870;Infestation
SLPS-02669;Infinity
SLPS-01793;Initial D
SLPS-91181;Initial D
SLES-03084;Inspector Gadget: Gadget's Crazy Maze
SLUS-01267;Inspector Gadget: Gadget's Crazy Maze
SLUS-00906;Intellivision Classic Games
PBPX-95004;Interactive CD Sampler Disc 6
SCUS-94252;Interactive CD Sampler Disc 6
SCUS-94242;Interactive CD Sampler Disc 6 (Rev 1)
PBPX-95011;Interactive CD Sampler Disc Vol. 10
SCUS-94382;Interactive CD Sampler Disc Vol. 10
SCUS-94463;Interactive CD Sampler Disc Vol. 11
PBPX-95010;Interactive CD Sampler Disc Vol. 9
SCUS-94295;Interactive CD Sampler Disc Vol. 9 (SCUS-94295)
PBPX-95002;Interactive CD Sampler Disc Volume 4
SCUS-94418;Interactive CD Sampler Disc Volume 4
PBPX-95006;Interactive CD Sampler Disc Volume 7
SCUS-94258;Interactive CD Sampler Disc Volume 7
SCUS-94262;Interactive CD Sampler Disc Volume 7
PBPX-95009;Interactive CD Sampler Disc Volume 8
SCUS-94268;Interactive CD Sampler Disc Volume 8
SCUS-94273;Interactive CD Sampler Disc Volume 8
SCUS-94222;Interactive CD Sampler Disk Volume 5
SCUS-94232;Interactive CD Sampler Disk Volume 5
PBPX-95003;Interactive CD Sampler Disk Volume 5 (Rev 1)
SCUS-94224;Interactive CD Sampler Disk Volume 5 (SCUS-94224)
SCUS-94957;Interactive CD Sampler Pack Volume 2
SCUS-94959;Interactive CD Sampler Pack Volume 3
SCUS-94966;Interactive CD Sampler Pack Volume 3.5 (Rev 1)
SCUS-94177;Interactive CD Sampler Pack Volume 3.5 (Rev 1) (SCUS-94177)
SCUS-94955;Interactive CD Sampler Volume 1
SCUS-94956;Interactive CD Sampler Volume 1 (SCUS-94956)
SLES-02404;International Cricket Captain 2000
SLES-03596;International Cricket Captain 2001: Ashes Edition
SLES-03881;International Cricket Captain 2002
SLES-04040;International Karate +
SLES-00099;International Moto X
SLPS-00433;International Moto-X
SLPS-02868;International Soccer: Excite Stage 2000
SLES-02550;International Superstar Soccer
SLES-03149;International Superstar Soccer
SLES-00511;International Superstar Soccer Deluxe
SCPS-45294;International Superstar Soccer Pro '98
SLES-01218;International Superstar Soccer Pro '98
SLES-01264;International Superstar Soccer Pro '98
SLUS-00674;International Superstar Soccer Pro '98
SLED-01401;International Superstar Soccer Pro '98 (Demo)
SLED-01513;International Superstar Soccer Pro '98 (Demo)
SLED-00796;International Superstar Soccer Pro (Demo)
SLES-00559;International Superstar Soccer Pro (Rev 1)
SCPS-45197;International Track & Field
SLES-00333;International Track & Field
SLUS-00238;International Track & Field
SLES-02448;International Track & Field 2
SLUS-00987;International Track & Field 2000
SLES-01935;Interplay Sports Baseball 2000
SLUS-00850;Interplay Sports Baseball 2000
SLPS-03361;Inuyasha
SLPS-03374;Inuyasha
SLUS-01534;Inuyasha: A Feudal Fairy Tale (Rev 1)
SLPM-80638;Inuyasha: Sengoku Otogi Gassen
SLPS-03503;Inuyasha: Sengoku Otogi Gassen
SLPS-03504;Inuyasha: Sengoku Otogi Kassen
SLES-00443;Invasion
SLUS-00709;Invasion from Beyond
SLES-01573;Invasion Vient de l'Espace, L'
SLPS-00551;Ippatsu Gyakuten: Gamble King Densetsu
SLPS-00341;Irem Arcade Classics
SLPS-00455;Iron Man / X-O Manowar in Heavy Metal
SLES-00281;Iron Man & X-O Manowar in Heavy Metal
SLUS-00235;Iron Man & X-O Manowar in Heavy Metal
SLES-03250;Iron Soldier 3
SLUS-01061;Iron Soldier 3
SLUS-00775;Irritating Stick
SLPS-00965;Iru!
SLPS-01868;iS: Internal Section
SLPS-01158;Ishin no Arashi
SLPM-86861;Ishin no Arashi [Koei Teiban Series]
SLPM-86235;Ishin no Arashi [Koei the Best]
SLPM-86144;Ishin no Arashi: Bakumatsu Shishiden
SLPM-86594;Ishin no Arashi: Bakumatsu Shishiden
SLPM-86288;Ishin no Arashi: Bakumatsu Shishiden [Koei Summer Campaign]
SLPM-87277;Ishin no Arashi: Bakumatsu Shishiden [Koei Teiban Series]
SCPS-45497;ISS Pro Evolution
SLES-02095;ISS Pro Evolution
SLES-02424;ISS Pro Evolution
SLUS-01014;ISS Pro Evolution
SLES-03321;ISS Pro Evolution 2
SLES-03322;ISS Pro Evolution 2
SLPM-80287;Itadaki Street: Gorgeous King
SLPM-86120;Itadaki Street: Gorgeous King
SLPM-86089;Itadaki Street: Gorgeous King (Disc 2)
SLES-03489;Italian Job, The
SLES-03626;Italian Job, The
SLES-03648;Italian Job, The
SLUS-01457;Italian Job, The
SLED-03679;Italian Job, The (Demo)
SLPS-01982;Itsuka, Kasanariau Ashita e: Sayuri-hen
SLPS-01957;Itsuka, Kasanariau Ashita e: Shirou-hen
SLPM-80105;Iwatobi Penguin Rocky x Hopper
SLPS-00832;Iwatobi Penguin Rocky x Hopper
SLPS-91115;Iwatobi Penguin Rocky x Hopper
SLPS-01283;Iwatobi Penguin Rocky x Hopper 2: Tantei Monogatari
SLES-00480;Iznogoud
SLPS-00144;J. B. Harold: Blue Chicago Blues (Disc 1)
SLPS-02148;J. B. Harold: Blue Chicago Blues (Disc 1)
SLPS-00145;J. B. Harold: Blue Chicago Blues (Disc 2)
SLPS-02149;J. B. Harold: Blue Chicago Blues (Disc 2)
SLPS-00068;J.League Jikkyou Winning Eleven
SLPM-86010;J.League Jikkyou Winning Eleven '97
SLPM-86154;J.League Jikkyou Winning Eleven '98-'99
SLPM-86538;J.League Jikkyou Winning Eleven 2000
SLPM-86668;J.League Jikkyou Winning Eleven 2000 2nd
SLPM-86835;J.League Jikkyou Winning Eleven 2001
SLPM-86055;J.League Jikkyou Winning Eleven 3
SLPS-02436;J.League Soccer: Jikkyou Survival League
SLPS-00079;J.League Soccer: Prime Goal EX
SLPS-00301;J.League Virtual Stadium '96
SLPS-01007;J's Racin'
SCES-01444;Jackie Chan Stuntmaster
SLUS-00684;Jackie Chan Stuntmaster
SLES-02203;Jade Cocoon: Die Tamamayu Legende
SLES-02206;Jade Cocoon: La Leggenda del Tamamayu
SLES-02205;Jade Cocoon: La Leyenda de Tamamayu
SLES-02201;Jade Cocoon: Story of the Tamamayu
SLES-02202;Jade Cocoon: Story of the Tamamayu
SLUS-00854;Jade Cocoon: Story of the Tamamayu
SLUS-90054;Jade Cocoon: Story of the Tamamayu (Demo)
SLPS-02076;JailBreaker (Disc 1)
SLPS-02077;JailBreaker (Disc 2)
SLPS-03562;Jaleco Collection Vol. 1
SLPM-80276;Jaleco Taikenban Special
SCUS-94176;Jampack Vol. 1
SCUS-94197;Jampack Vol. 2
SLPS-02708;Jang Jang Koi Shimashow Separate 1: Jang Jang Shimashow
SLPS-02709;Jang Jang Koi Shimashow Separate 2: Koi Koi Shimashow
SLPS-01134;Jang Jang Koi Shimashow: Lovely Pop 2 in 1
SLPS-01760;Janhai Yuugi '99: Tanuki no Kawazanyou
SLPS-02386;Janhai Yuugi '99: Tanuki no Kawazanyou
SLUS-01139;Jarrett & Labonte Stock Car Racing
SLES-01983;Jeff Wayne's La Guerre des Mondes
SLES-00230;Jeff Wayne's The War of the Worlds
SLES-01984;Jeff Wayne's The War of the Worlds
SLES-01985;Jeff Wayne's The War of the Worlds
SLES-01986;Jeff Wayne's The War of the Worlds
SLPS-03288;Jellyfish the Healing Friend [Reprint]
SLPS-02892;Jellyfish: The Healing Friend
SLUS-00682;Jeopardy!
SLUS-01173;Jeopardy! 2nd Edition
SLES-01981;Jeremy McGrath Supercross 2000
SLUS-00832;Jeremy McGrath Supercross 2000
SLES-01281;Jeremy McGrath Supercross 98
SLPM-86306;Jeremy McGrath Supercross 98
SLUS-00479;Jeremy McGrath Supercross 98
SCUS-94907;Jersey Devil
SLES-00598;Jersey Devil
SLPM-86075;Jersey Devil no Daibouken
SLES-04125;Jet Ace
SLPM-86894;Jet Copter X
SCPS-45435;Jet de go! Let's go by Airliner
SLPM-80515;Jet de Go! Let's Go by Airliner
SLPM-86323;Jet de Go! Let's Go by Airliner
SLPM-86324;Jet de Go! Let's Go by Airliner
SLPM-86812;Jet de Go! Let's Go by Airliner
SCUS-94309;Jet Moto
SCPS-10063;Jet Moto '98
SCUS-94167;Jet Moto 2: Championship Edition
SCUS-94555;Jet Moto 3
SCUS-94384;Jet Moto 3 (Demo)
SCES-00566;Jet Rider
SCES-01045;Jet Rider 2
PCPX-96080;JetMoto
SIPS-60020;JetMoto
SLES-03328;Jetracer
SLPS-00589;Jewel Bem Hunter Lime with Paint Maker
SLPS-01428;JGTC: All Japan Grand Touring Car Championship
SLPS-00802;Jigoku Sensei Nube
SLPM-86918;Jigsaw Island: Japan Graffiti
SLPS-00473;Jigsaw Island: Japan Graffiti
SLES-04089;Jigsaw Madness
SLUS-01509;Jigsaw Madness
SLPS-00028;Jigsaw World
SLPS-02251;Jigsaw World
SLPS-01538;Jikki Pachi-Slot Tettei Kouryaku: Speed-CR Kinkakuji 3
SLPS-01339;Jikki Pachi-Slot Tettei Kouryaku: Yamasa Collection
SLPM-86046;Jikkyou American Baseball
SLPM-86119;Jikkyou American Baseball 2
SLPM-86464;Jikkyou Golf Master 2000
SLPM-86736;Jikkyou Golf Master 2000
SLPM-86317;Jikkyou J.League 1999: Perfect Striker
SLPM-86316;Jikkyou Kyousouba Ikusei Simulation Game: Breeding Stud '99
SLPM-86008;Jikkyou Oshaberi Parodius: Forever with Me
SLPS-00016;Jikkyou Powerful Pro Yakyuu '95
SLPS-00067;Jikkyou Powerful Pro Yakyuu '95: Kaimakuban
SLPM-86024;Jikkyou Powerful Pro Yakyuu '97: Kaimakuban
SLPM-86097;Jikkyou Powerful Pro Yakyuu '98: Kaimakuban
SLPM-86149;Jikkyou Powerful Pro Yakyuu '98: Ketteiban
SLPM-86253;Jikkyou Powerful Pro Yakyuu '99: Kaimakuban
SLPM-86433;Jikkyou Powerful Pro Yakyuu '99: Ketteiban
SLPM-86578;Jikkyou Powerful Pro Yakyuu 2000: Kaimakuban
SLPM-86694;Jikkyou Powerful Pro Yakyuu 2000: Ketteiban
SLPM-86807;Jikkyou Powerful Pro Yakyuu 2001
SLPM-86990;Jikkyou Powerful Pro Yakyuu 2001: Ketteiban
SLPM-87033;Jikkyou Powerful Pro Yakyuu 2002: Haru
SLPM-87216;Jikkyou Powerful Pro Yakyuu: Premium-ban
SLPS-01533;Jikuu Tantei DD 2: Hangyaku no Apsalar (Disc 1)
SLPS-01534;Jikuu Tantei DD 2: Hangyaku no Apsalar (Disc 2)
SLPM-80039;Jikuu Tantei DD: Maboroshi no Lorelei
SLPS-00397;Jikuu Tantei DD: Maboroshi no Lorelei (Disc 1)
SLPS-00398;Jikuu Tantei DD: Maboroshi no Lorelei (Disc 2)
SLES-03598;Jim Henson's Bear in the Big Blue House
SLUS-01524;Jim Henson's Bear in the Big Blue House
SCES-03755;Jim Henson's The Hoobs
SCES-03756;Jim Henson's The Hoobs
SCES-03757;Jim Henson's The Hoobs
SCES-03758;Jim Henson's The Hoobs
SLUS-00500;Jimmy Johnson's VR Football '98
SLES-01334;Jimmy White's 2: Cueball
SLUS-01313;Jimmy White's 2: Cueball
PAPX-90049;Jingle Cats: Love-Para Daisakusen no Maki
SCES-03908;Jinx
SLPS-91504;Jiro Akagawa: Majotachi No Nemuri: Fukkatsu Matsuri [PSOne Books]
SLPS-02648;Jishaku de Tonjau!? Phix no Daibouken
SLPS-00794;Jissen Pachi-Slot Hisshouhou! 5
SLPS-03171;Jissen Pachi-Slot Hisshouhou! Disc Up
SLPS-01437;Jissen Pachi-Slot Hisshouhou! Sammy Revolution
SLPS-01936;Jissen Pachi-Slot Hisshouhou! Sammy Revolution 2
SLPM-86333;Jissen Pachi-Slot Hisshouhou! Single: Epsilon R
SLPM-86342;Jissen Pachi-Slot Hisshouhou! Single: Kamen Rider & Gallop (Disc 1) (Kamen Rider)
SLPM-86343;Jissen Pachi-Slot Hisshouhou! Single: Kamen Rider & Gallop (Disc 2) (Gallop)
SLPM-86335;Jissen Pachi-Slot Hisshouhou! Single: Kamen Rider V3
SLPM-86434;Jissen Pachi-Slot Hisshouhou! Single: Kung-Fu Lady
SLPM-86349;Jissen Pachi-Slot Hisshouhou! Single: Sea Master X
SLPM-86325;Jissen Pachi-Slot Hisshouhou! Single: Space Wing
SLPM-86420;Jissen Pachi-Slot Hisshouhou! Single: Super Star Dust 2
SLPM-86444;Jissen Pachi-Slot Hisshouhou! Single: The Kongdom
SLPS-03194;Jissen Pachinko Hisshouhou!: CR Tsuri Baka Nisshi & CR Ramen Club
SLPS-02727;Jitsumei Jikkyou Keiba: Dream Classic
SLPS-00429;Jockey Zero
SLPS-00339;Johnny Bazooka
SLES-00112;Johnny Bazookatone
SLUS-00194;Johnny Bazookatone
SLPM-80493;Jojo no Kimyou na Bouken
SLPM-86721;Jojo no Kimyou na Bouken
SLPS-02236;Jojo no Kimyou na Bouken
SLES-02599;JoJo's Bizarre Adventure
SLUS-01060;JoJo's Bizarre Adventure
SLES-00377;Jonah Lomu Rugby
SLES-00611;Jonah Lomu Rugby
SLPS-00409;Joshikousei no Houkago... Pukunpa
SLES-02772;Joue avec les Teletubbies
SLPS-01739;Jouki Kikansha Unten Simulation: SL de Ikou!
SLPS-02478;Jouki Kikansha Unten Simulation: SL de Ikou! II
SLPS-00936;Jounetsu Nekketsu Athletes: Nakimushi Coach no Diary
SCED-01138;Joypad Demo 01
SLPS-00627;JTCC Japanese Touring Car Championship
SLES-00755;Judge Dredd
SLUS-00630;Judge Dredd
SLES-03171;Juega con los Teletubbies
SLUS-00894;Juggernaut (Disc 1)
SLUS-00988;Juggernaut (Disc 2)
SLUS-00989;Juggernaut (Disc 3)
SLPS-01671;Juggernaut: Senritsu no Tobira (Disc 1)
SLPS-02916;Juggernaut: Senritsu no Tobira (Disc 1)
SLPS-01672;Juggernaut: Senritsu no Tobira (Disc 2)
SLPS-02917;Juggernaut: Senritsu no Tobira (Disc 2)
SLPS-01673;Juggernaut: Senritsu no Tobira (Disc 3)
SLPS-02918;Juggernaut: Senritsu no Tobira (Disc 3)
SCES-00003;Jumping Flash!
SCPM-85001;Jumping Flash!
SCPS-10022;Jumping Flash!
SCUS-94103;Jumping Flash!
SCES-00111;Jumping Flash! 2
SCUS-94108;Jumping Flash! 2
SCPS-10021;Jumping Flash! 2: Aloha Danshaku Ooyowari no Maki
SCPS-45052;Jumping Flash! 2: Aloha Danshaku Ooyowari no Maki
SCPS-10007;Jumping Flash! Aloha Danshaku Funky Daisakusen no Maki
SLUS-01383;JumpStart Wildlife Safari: Field Trip
SLPM-86080;Junclassic C.C. & Rope Club
SLES-02750;Jungla de Cristal Trilogia 2: Viva Las Vegas
SLPS-01086;Jungle Park
SLES-03579;Junior Sports Football
SLES-03580;Junior Sports Football
SLES-03581;Junior Sports Fussball
SLPS-02431;Junjou de Karen: Meymay Kishidan: Spectral Force Seishoujo Gaiden
SLPS-03078;Junjou de Karen: Meymay Kishidan: Spectral Force Seishoujo Gaiden
SLES-00130;Jupiter Strike
SLUS-00177;Jupiter Strike
SLUS-80515;Jurassic Park: The Lost World (Demo)
SLES-02753;K-1 Grand Prix
SLUS-00941;K-1 Grand Prix
SLPS-02602;K-1 Ouja ni Narou! King of Kings
SLUS-00766;K-1 Revenge
SLES-00767;K-1 The Arena Fighters
SLUS-00414;K-1 The Arena Fighters
SLPM-86763;K-1 World Grand Prix 2001: Kaimakuban
SLPS-01413;K.O.: The Live Boxing
SLPS-02698;K.O.: The Live Boxing
LSP-090110;K9.5 1: Live in Airedale
LSP-905062;K9.5 1: Live in Airedale
LSP-090220;K9.5 2: We Are the Dogs!
LSP-905079;K9.5 2: We Are the Dogs!
LSP-090330;K9.5 3: WebTunes
LSP-905086;K9.5 3: WebTunes
LSP-090440;K9.5 4: The Tail-Wag Tour
LSP-905093;K9.5 4: The Tail-Wag Tour
LSP-907103;K9.5 5: The Howlywood Premiere
SLPS-03032;Kaeru No Ehon: Adventure For The Lost Memories [Reprint]
SLPM-80460;Kaeru no Ehon: Nakushita Kioku o Motomete
SLPS-02332;Kaeru no Ehon: Nakushita Kioku o Motomete
SLPM-87174;Kaette Kita Cyborg Kuro-chan
SLPS-01384;Kaette Kita Pachio-kun: Dream Collection
SLPM-80408;Kagayaku Kisetsu e
SLPS-01975;Kagayaku Kisetsu e
SLPS-01972;Kagayaku Kisetsu e (Disc 1)
SLPS-01973;Kagayaku Kisetsu e (Disc 2) (Special Disc)
SLES-01967;Kagero: Deception II
SLUS-00677;Kagero: Deception II
SLUS-90041;Kagero: Deception II (Demo)
PAPX-90047;Kagero: Kokumeikan Shinshou
SLPM-80273;Kagero: Kokumeikan Shinshou
SLPS-01421;Kagero: Kokumeikan Shinshou
SLPS-91148;Kagero: Kokumeikan Shinshou
SLPS-91405;Kagero: Kokumeikan Shinshou [PSOne Books]
SLPS-01066;Kahen Soukou Gunbike: Speed Power Gunbike
SLPS-00915;Kaibutsu Para-Dice: Monster Paradise
SLPS-00529;Kaijuu Senki
SLPM-86438;Kaikan Phrase: Datenshi Kourin
SLPS-00743;Kain the Vampire
SLPS-03079;Kaishin!! Derby Analyst
SLPS-01553;Kaisoku Tenshi: The Rapid Angel
SLPS-00086;Kaitei Daisensou: In the Hunt
SLPS-02790;Kaitei Daisensou: In the Hunt [Xing Maruyasu Series]
SLPS-03532;Kaitou Apricot
SLPS-01824;Kaitou Ranma Miyabi
SLPS-01825;Kaitou Ranma Miyabi
SLPS-01344;Kakinoki Shogi II
SLPS-00019;Kakinoki Shougi
SLPS-02986;Kakinoki Shougi II
SLPS-02595;Kakuge Yarou: Fighting Game Creator
SLPS-00799;Kakugo no Susume
SLPM-80326;Kamen Rider
SLPS-01570;Kamen Rider
SLPS-91139;Kamen Rider
SLPS-03344;Kamen Rider Agito
SLPS-03529;Kamen Rider Agito [Bandai the Best]
SLPM-80629;Kamen Rider Agito / Hyakujuu Sentai GaoRanger
SLPS-03090;Kamen Rider Kuuga
SLPS-03401;Kamen Rider Kuuga
SLPS-03495;Kamen Rider Ryuuki
SLPS-02964;Kamen Rider V3
SLPS-03443;Kamen Rider V3
SLPS-00052;Kanazawa Shougi '95
SLPS-02059;Kanazawa Shougi: Tsuki
KRT-CDX2;Karat PS PS2-you Pro Action Replay CDX2
KRT-SPS01;Karat PS PS2-you Pro Action Replay CDX2 Sampler
SLES-03209;Kart Challenge
SLPS-03041;Kart Race: Kimete wa Drift!
SLUS-00631;Kartia: The Word of Fate
SLPS-00563;Karyuujou (Disc 1) (Ryuu Hangan Hen)
SLPS-00564;Karyuujou (Disc 2) (Kou Yuukan Hen)
SLPS-01629;Kasei Monogatari
SLPS-01630;Kasei Monogatari
SCED-01739;Katalog Spezial Demo
SLPM-86045;Kato Hifumi Kudan: Shogi Club
SLPS-02078;Katou Hifumi Kudan: Shougi Club
SLPS-02086;Katou Hifumi Kudan: Shougi Club
SCPS-45227;Kattobi Tune
SLPM-80223;Kattobi Tune
SLPS-01253;Kattobi Tune
SLPS-91502;Kawa no Nushi Tsuri: Hikyou o Motomete [PSOne Books]
SLPS-01536;Kawa no Nushi-tsuri: Hikyou o Motomete
SLPS-91155;Kawa no Nushi-tsuri: Hikyou o Motomete
SLPS-01010;Kaze no Klonoa: Door to Phantomile
SLPS-91169;Kaze no Klonoa: Door to Phantomile
SCPS-45111;Kaze no Notam: Notam of Wind
SLPS-00912;Kaze no Notam: Notam of Wind
SLPS-01565;Kaze no Oka Kouen Nite
LSP-070110;KazMania 1: Trail of Gems
LSP-905123;KazMania 1: Trail of Gems
LSP-905130;KazMania 2: Chaos in KazMania
SLPS-01640;Keiba Eight '98 Aki Fuyu
SLPS-01372;Keiba Eight '98 Haru Natsu
SLPS-01929;Keiba Eight '99 Haru Natsu
SLPS-00063;Keiba Saishou no Housoku '95
SLPS-00146;Keiba Saishou no Housoku '96 Vol. 1
SLPS-00605;Keiba Saishou no Housoku '96 Vol. 2: GI-Road
SLPS-00808;Keiba Saishou no Housoku '97 Vol. 1: Nerae! Manbaken!
SLPS-01032;Keiba Saishou no Housoku '97 Vol. II: To Hit
SLPS-02339;Keiba Saishou no Housoku '99 Shuutou
SLPS-02717;Keitai Eddy
PBPX-95013;Keitai Henshuu
SLPS-00496;Kekkon: Marriage
SLPM-84002;Kellogg Original Waku Waku Doki Doki Ninki Game Chara Daishuugou!
SLPM-84003;Kellogg Original Waku Waku Doki Doki Ninki Game Chara Daishuugou! Waku Waku-shou
SCPS-45466;Kenkaku Ibunroku: Yomigaerishi Souku no Yaiba: Samurai Spirits Shinshou
SLPM-80512;Kenkaku Ibunroku: Yomigaerishi Souku no Yaiba: Samurai Spirits Shinshou
SLPM-86345;Kenkaku Ibunroku: Yomigaerishi Souku no Yaiba: Samurai Spirits Shinshou
SLPM-87150;Kenki Ippatsu! Crane Master ni Narou!
SLPS-02831;Kenki Ippatsu! Crane Master ni Narou!
SLPS-02830;Kenki Ippatsu! Shovel Master ni Narou!
SLPS-91510;Kenki Ippatsu! Shovel Master Ninarou! [PSOne Books]
SLES-01081;Kensei: Sacred Fist
SLUS-00600;Kensei: Sacred Fist
SLPS-00502;Kensei: The King of Boxing
SLPS-02605;Kensetsu Kikai Simulator: Kenki Ippai!
SLPS-91236;Kensetsu Kikai Simulator: Kenki Ippai!! [PlayStation the Best]
SLPS-01186;Kenshou Akou Jiken: Chuushingura: Rekishi Adventure
SLPM-80583;Kero Kero King
SLPM-86621;Kero Kero King
SLPS-91451;Kero Kero King
SLPM-86432;Kessen: Demo Video CD-ROM
SLPS-02640;Khamrai
SLES-01039;Kick Off World
SLES-01061;Kick Off World
SLES-01062;Kick Off World
SLES-01327;Kick Off World
SLES-01328;Kick Off World
SLES-01063;Kick Off World Manager
SLUS-01412;Kickboxing
SLES-03959;Kickboxing Knockout
SLPS-00454;Kid Clown no Crazy Chase 2: Love Love Honey Soudatsusen
SLPS-03236;Kid Mix Section: Character Collection
SCPS-45045;Kidou Senshi Gundam 0079: The War for Earth (Disc 1)
SCPS-45046;Kidou Senshi Gundam 0079: The War for Earth (Disc 2)
SCPS-45481;Kidou Senshi Gundam: Gihren no Yabou: Zeon no Keifu (Disc 1) (Earth Federation Disc)
SLPS-02570;Kidou Senshi Gundam: Gihren no Yabou: Zeon no Keifu (Disc 1) (Earth Federation Disc)
SCPS-45482;Kidou Senshi Gundam: Gihren no Yabou: Zeon no Keifu (Disc 2) (Zeon Disc)
SLPS-02571;Kidou Senshi Gundam: Gihren no Yabou: Zeon no Keifu (Disc 2) (Zeon Disc)
SLPS-02202;Kidou Senshi Gundam: Gihren no Yabou: Zeon no Keifu: Kimitsu Eizou Disc Tokubetsu-hen
SLPS-02820;Kidou Senshi Gundam: Gihren no Yabou: Zeon no Keifu: Kouryaku Shireisho
SCED-02542;Kids Demo 01
SLPM-86907;Kids Station: Asobou! Hanasou! Guru Guru Town Hanamaru-kun
SLPS-03057;Kids Station: Asobou! Hanasou! Guru Guru Town Hanamaru-kun
SLPS-03301;Kids Station: Barbapapa
SLPS-03302;Kids Station: Barbapapa
SLPM-84017;Kids Station: Basic Soft
SLPS-03317;Kids Station: Bishoujo Senshi Sailor Moon World: Chibiusa to Tanoshii Mainichi
SLPS-03318;Kids Station: Bishoujo Senshi Sailor Moon World: Chibiusa to Tanoshii Mainichi
SLPS-02872;Kids Station: Bokura to Asobou! Ultraman TV
SLPS-02873;Kids Station: Bokura to Asobou! Ultraman TV
SLPS-03319;Kids Station: Crayon Shin-chan: Ora to Omoide Tsukuru zo!
SLPS-03320;Kids Station: Crayon Shin-chan: Ora to Omoide Tsukuru zo!
SLPS-03248;Kids Station: Digimon Park
SLPS-03249;Kids Station: Digimon Park
SLPM-80624;Kids Station: Doraemon: Himitsu no Yojigen Pocket
SLPS-03323;Kids Station: Doraemon: Himitsu no Yojigen Pocket
SLPS-03324;Kids Station: Doraemon: Himitsu no Yojigen Pocket
SLPM-88511;Kids Station: Gomdoli Pooh Hakseup Series: Gomdoli Pooh Sinnaneun Yuagyosil
SLPM-88507;Kids Station: Gomdoli Pooh Hakseup Series: Gomdoli Pooh Yuchiwon Hakseubyeohaeng
SLPM-86905;Kids Station: Hello Kitty no Oshaberi ABC
SLPM-86904;Kids Station: Hello Kitty no oshaberi ABC [Character Controller Set]
SLPM-86906;Kids Station: Hello Kitty no Oshaberi Town
SLPS-03060;Kids Station: Hello Kitty no Oshaberi Town
SLPS-03447;Kids Station: Hello Kitty no Ouchi e Oide yo!
SLPS-03448;Kids Station: Hello Kitty no Ouchi e Oide yo!
SLPS-03543;Kids Station: Hello Kitty to Album Nikki o Tsukurimasho!
SLPS-03544;Kids Station: Hello Kitty to Album Nikki o Tsukurimasho!
SLPS-03169;Kids Station: Hitori de Dekiru mon!
SLPS-03185;Kids Station: Hitori de Dekiru mon!
SLPS-03402;Kids Station: Kamen Rider Heroes
SLPS-03403;Kids Station: Kamen Rider Heroes
SLPS-02874;Kids Station: Kikansha Thomas to Nakama-tachi
SLPS-02699;Kids Station: Kikansha Thomas To Nakamatachi [Kids Station Controller Set]
SLPM-87000;Kids Station: Kuma no Pooh-san: Mori no Kyoushitsu
SLPM-87001;Kids Station: Kuma no Pooh-san: Mori no Kyoushitsu
SLPM-86932;Kids Station: Kuma no Pooh-san: Mori no Nakama to 1, 2, 3
SLPM-86933;Kids Station: Kuma no Pooh-san: Mori no Nakama to 1, 2, 3
SLPM-86979;Kids Station: Kuma no Pooh-san: Mori no Tomodachi
SLPM-86999;Kids Station: Kuma no Pooh-san: Mori no Tomodachi
SLPS-03322;Kids Station: LEGO no Sekai
SLPS-02876;Kids Station: Magical Music: Eigo de One, Two, Three!
SLPM-87002;Kids Station: Mickey & Minnie no Magical Kitchen
SLPM-87003;Kids Station: Mickey & Minnie no Magical Kitchen
SLPM-86930;Kids Station: Mickey to Nakama-tachi: Kazu Asobi Iro Iro
SLPM-86931;Kids Station: Mickey to Nakama-tachi: Kazu Asobi Iro Iro
SLPS-03462;Kids Station: Mini-Moni. ni Naru no da Pyon!
SLPS-03463;Kids Station: Mini-Moni. ni Naru no da Pyon!
SLPS-03406;Kids Station: Motto! Oja Maho Doremi Dokkan! Maho Dou Eigo Festival [Kids Station Controller Set]
SLPS-03246;Kids Station: Motto! Oja Majo DoReMi: Maho-dou Smile Party
SLPS-03247;Kids Station: Motto! Oja Majo DoReMi: Maho-dou Smile Party
SLPS-03407;Kids Station: Oja Majo DoReMi Dokkan! Maho-dou Eigo Festival
SLPS-02718;Kids Station: Oja Majo DoReMi: Maho-dou Dance Carnival!
SLPS-02875;Kids Station: Oja Majo DoReMi: Maho-dou Dance Carnival!
SLPS-03514;Kids Station: Oshaberi Oekaki Kikansha Thomas to Nakamatachi
SLPS-03515;Kids Station: Oshaberi Oekaki: Kikansha Thomas to Nakama-tachi
SLPS-03512;Kids Station: Oshaberi Oekaki: Soreike! Anpanman
SLPS-03513;Kids Station: Oshaberi Oekaki: Soreike! Anpanman
SLPM-87166;Kids Station: Plarail: Tetsudou Monoshiri Hyakka
SLPM-87167;Kids Station: Plarail: Tetsudou Monoshiri Hyakka
SLPS-03358;Kids Station: Ponkickies 21 [Controller Set]
SLPS-03359;Kids Station: Ponkickies 21: Game no Omocha-bako
SLPS-03196;Kids Station: Soreike Anpanman 2: Anpanman To Daibouken! [Kids Station Controller Set]
SLPS-02700;Kids Station: Soreike! Anpanman
SLPS-02848;Kids Station: Soreike! Anpanman
SLPS-03197;Kids Station: Soreike! Anpanman 2: Anpanman to Daibouken!
SLPS-03405;Kids Station: Soreike! Anpanman 3: Sugoroku Anpanman
SLPS-03404;Kids Station: Soreike! Anpanman 3: Sugoroku Anpanman [Kids Station Controller Set]
SLPM-87169;Kids Station: Ugoku Tomica Zukan
SLPM-87168;Kids Station: Ugoku Tomika Zukan [Kids Station Controller Set]
SLPS-03316;Kids Station: Ultraman Cosmos
SLPS-03315;Kids Station: Ultraman Cosmos [Kids Station Controller Set]
SLPS-03337;Kids Station: Unten Daisuki: Doki Doki * Norimono Daibouken
SLPS-03172;Kids Station: Yancharu Moncha
SLPS-03173;Kids Station: Yancharu Moncha
SLPS-02370;Kiganjou
SLPS-00021;Kikuni Masahiko Jirushi: Warau Fukei-san Pachi-Slot Hunter
SLPS-00027;Kileak, The Blood
SLPS-00170;Kileak, The Blood 2: Reason in Madness
SCES-00035;Kileak: The Blood
SCUS-94102;Kileak: The DNA Imperative
SLPS-02747;Killer Bass
SLPS-03113;Killer Bass
SLES-01878;Killer Loop
SLUS-00938;Killer Loop
SLUS-00390;Killing Time
SLES-00446;Killing Zone
SLPS-00296;Killing Zone
SLUS-00369;Killing Zone
SLPS-01177;Kimagure My Baby: Musume no Sugoroku Seichouki
SLPS-02545;Kimero!! Hero Gakuen: Eiyuu ni Kotae Nashi
SLPS-02965;Kimi ni Steady
SLPS-02271;Kimi no Kimochi Boku no Kokoro
SLPS-03072;Kimi no Kimochi, Boku no Kokoro: I've Posessed Your Body!
SLPS-02223;Kindaichi Shounen no Jikenbo 3: Seiryuu Densetsu Satsujin Jiken (Disc 1)
SLPS-02224;Kindaichi Shounen no Jikenbo 3: Seiryuu Densetsu Satsujin Jiken (Disc 2)
SLPS-00601;Kindaichi Shounen no Jikenbo: Hihou-tou Arata naru Sangeki
SLPS-91039;Kindaichi Shounen no Jikenbo: Hihou-tou Arata naru Sangeki
SLPS-01340;Kindaichi Shounen no Jikenbo: Jigoku Yuuen Satsujin Jiken (Disc 1)
SLPS-01341;Kindaichi Shounen no Jikenbo: Jigoku Yuuen Satsujin Jiken (Disc 2)
SLPS-00092;King of Bowling
SLES-02916;King of Bowling 2
SLPS-01541;King of Bowling 2: Professional-hen
SLPS-02688;King of Bowling 2: Professional-hen [Playstation the Best]
SLES-04049;King of Bowling 3
SCES-00562;King of Fighters '95, The
SCUS-94205;King of Fighters '95, The
SLUS-01332;King of Fighters '99, The
SLPS-00524;King of Parlor
SLPS-01423;King of Parlor 2
SLPS-01124;King of Producer
SLPS-00247;King of Stallion
SCES-00510;King's Field
SLPS-00017;King's Field
SLPS-03578;King's Field
SLPS-91401;King's Field
SLUS-00158;King's Field
SLPS-00069;King's Field II
SLPS-03579;King's Field II
SLPS-91003;King's Field II
SLPS-91423;King's Field II
SLUS-00255;King's Field II
SLPS-00377;King's Field III
SLPS-03580;King's Field III
SLPS-91089;King's Field III
SLPS-91426;King's Field III
SLPM-80029;King's Field III: Pilot Style
SCES-01659;Kingsley's Adventure
SLUS-00801;Kingsley's Adventure
SLPM-86381;Kinniku Banzuke Vol. 1: Ore ga Saikyou no Otoko da!
SLPM-86457;Kinniku Banzuke Vol. 2: Arata naru Genkai e no Chousen!
SLPM-86665;Kinniku Banzuke Vol. 2: Arata naru Genkai e no Chousen!
SLPM-86690;Kinniku Banzuke Vol. 3: Saikyou no Challenger Tanjou!
SLPM-86950;Kinniku Banzuke Vol. 3: Saikyou no Challenger Tanjou!
SLPM-86628;Kinniku Banzuke Vol.1: Ore Ga Saikyou No Otoko Da [Konami the Best]
SLPM-86490;Kinniku Banzuke: Road to Sasuke
SLPM-86737;Kinniku Banzuke: Road to Sasuke
SLES-03676;Kirikou
SLES-03677;Kirikou
SLPM-86449;Kisha de Go!
SLES-03211;KISS Pinball
SLUS-01366;KISS Pinball
SLPS-01821;Kita Denshi: Virtua Pachi-Slot
SLPS-02746;Kita Denshi: Virtua Pachi-Slot 2
SLPS-01395;Kitchen Panic
SLPS-01566;Kitty the Kool! Kabuki de Tanoshiku Odotte ne!!
SLPM-87019;Kiwame Daidougi
SLPS-00379;Kiwame Daidougi: Tsumuya Tsumazaruya
SLPS-03567;Kizuna to Iuna no pendant with toy box stories [Best Version] (Disc 1)
SLPS-03568;Kizuna to Iuna no pendant with toy box stories [Best Version] (Disc 2)
SLPS-02681;Kizuna toyuu Na no Pendant with Toybox Stories (Disc 1)
SLPS-02682;Kizuna toyuu Na no Pendant with Toybox Stories (Disc 2)
SLES-01246;KKND Krossfire
SLES-01616;KKND Krossfire
SLES-01617;KKND Krossfire
SLPS-02424;Klaymen Gun-Hockey
SCPS-45296;Klaymen Klaymen 2: Skullmonkey no Gyakushuu
SLPS-01501;Klaymen Klaymen 2: Skullmonkey no Gyakushuu
SLPS-02147;Klaymen Klaymen 2: Skullmonkey no Gyakushuu
SLPS-01365;Klaymen Klaymen: Neverhood no Nazo
SLPS-91116;Klaymen Klaymen: Neverhood no Nazo
PAPX-90053;Klaymen Series
SCPS-45516;Klonoa Beach Volleball
SLPS-03433;Klonoa Beach Volley: Saikyou Team Kettei-sen!
SCES-03922;Klonoa Beach Volleyball
SCES-00942;Klonoa: Door to Phantomile
SCES-01185;Klonoa: Door to Phantomile
SCES-01186;Klonoa: Door to Phantomile
SCES-01187;Klonoa: Door to Phantomile
SCES-01188;Klonoa: Door to Phantomile
SLUS-00585;Klonoa: Door to Phantomile
SLPS-01531;Knight & Baby
SLUS-00737;Knockout Kings
SLES-02322;Knockout Kings 2000
SLES-02323;Knockout Kings 2000
SLUS-00993;Knockout Kings 2000
SLES-03121;Knockout Kings 2001
SLES-03122;Knockout Kings 2001
SLUS-01269;Knockout Kings 2001
SLES-01448;Knockout Kings 99
SLES-01450;Knockout Kings 99
SLPS-00922;Kochira Katsushika-ku Kameari Kouen-mae Hashutsujo: High-Tech Buil Shinkou Soshi Sakusen! no Maki
SLPS-03499;Kogepan: Pan mo Game o Yarurashii...
SLPM-80195;Koguma-chan no Daibouken
SLPM-86847;Koiyohou
SLPS-00362;Kojima Takeo: Mahjong Teiou
SLPM-80204;Kojin Kyouju: La Lecon Particuliere
SLPS-01354;Kojin Kyouju: La Lecon Particuliere
SLPS-03434;Kojin Kyouju: La Lecon Particuliere [MyCom Best]
SCPS-10133;Koko Hore! Pukka
SLPS-00249;Kokumeikan
SLPS-91033;Kokumeikan
SLPS-91406;Kokumeikan: Trap Simulation Game [PSOne Books]
SLPS-03121;Komotchi
SLPS-01894;Kon'ya mo Dorubako!!
SLPS-02547;Kon'ya mo Dorubako!! 2000
SLPS-03328;Kon'ya mo Dorubako!! 2001
SLPM-86228;Konami 80's Arcade Gallery
SCPS-45155;Konami Antiques MSX Collection Vol.2
SLPM-86052;Konami Antiques: MSX Collection Vol. 1
SLPM-86062;Konami Antiques: MSX Collection Vol. 2
SCPS-45205;Konami Antiques: MSX Collection Vol. 3
SLPM-86072;Konami Antiques: MSX Collection Vol. 3
SLUS-00945;Konami Arcade Classics
SLPM-80081;Konami Best Collection: '96 Fuyu-'97 Haru-ban
SLES-00337;Konami Open Golf
SCPS-10127;Koneko mo Issho
SLPM-86791;Konohana: TrueReport
SLPM-87075;Konohana: TrueReport
SLPS-03479;KoroKoro Post nin
SLPS-03084;Koshien Five Baseball [Magical 1500]
SLPS-02565;Koshien Five Baseball [Rerelease]
SLPS-01885;Kosodate Quiz Motto My Angel
SLPS-00970;Kosodate Quiz My Angel
SLPS-00159;Koten Tsumego-shuu: Shijin no Maki
SLPS-02593;Koten Tsumego-shuu: Shijin no Maki
SLES-04007;Kotobuki Grand Prix
SLPM-86926;Kotobuki Grand Prix: Mezase! Genchari King
SLPS-01941;Kotobuki Grand Prix: Mezase! Genchari King
SLPM-80489;Koudelka
SLPM-80490;Koudelka
SCPS-45441;Koudelka (Disc 1)
SLES-02897;Koudelka (Disc 1)
SLES-02898;Koudelka (Disc 1)
SLES-02899;Koudelka (Disc 1)
SLES-02900;Koudelka (Disc 1)
SLES-02901;Koudelka (Disc 1)
SLPS-02460;Koudelka (Disc 1)
SLUS-01051;Koudelka (Disc 1)
SCPS-45442;Koudelka (Disc 2)
SLES-12897;Koudelka (Disc 2)
SLES-12898;Koudelka (Disc 2)
SLES-12899;Koudelka (Disc 2)
SLES-12900;Koudelka (Disc 2)
SLES-12901;Koudelka (Disc 2)
SLPS-02461;Koudelka (Disc 2)
SLUS-01100;Koudelka (Disc 2)
SCPS-45443;Koudelka (Disc 3)
SLES-22897;Koudelka (Disc 3)
SLES-22898;Koudelka (Disc 3)
SLES-22899;Koudelka (Disc 3)
SLES-22900;Koudelka (Disc 3)
SLES-22901;Koudelka (Disc 3)
SLPS-02462;Koudelka (Disc 3)
SLUS-01101;Koudelka (Disc 3)
SCPS-45444;Koudelka (Disc 4)
SLES-32897;Koudelka (Disc 4)
SLES-32898;Koudelka (Disc 4)
SLES-32899;Koudelka (Disc 4)
SLES-32900;Koudelka (Disc 4)
SLES-32901;Koudelka (Disc 4)
SLPS-02463;Koudelka (Disc 4)
SLUS-01102;Koudelka (Disc 4)
SLPM-80567;Kougien CD-ROM 2000-nen Natsu-ban
SLPS-00684;Koukai Sarenakatta Shuki
PAPX-90020;Koukaku Kidoutai: Ghost in the Shell
PCPX-96068;Koukaku Kidoutai: Ghost in the Shell
SCPS-10043;Koukaku Kidoutai: Ghost in the Shell
SCPS-10136;Koukidou Gensou: Gunparade March
SLPS-03283;Kouklotheatro: Yuukyuu no Hitomi
SLPS-02385;Koukroseatro: Yuukyuu no Hitomi
SCPS-10137;Koukyaku Kikou Shidan: Bein Panzer
SLPS-02955;Kouni Shougun
SLPS-00577;Kouryuu Sangoku Engi
SLPS-02550;Kouryuu Sangoku Engi [Maruran Series 2]
SLPS-01338;Kouryuuki
SLPM-87350;Kouryuuki [Koei Teiban Series]
SLPS-00729;Koushien V
SLPS-00431;Koutetsu Reiiki: Steeldom
SLPM-80420;Kouyasai: A Sherd of Youthful Memories
SLPS-01775;Kouyasai: A Sherd of Youthful Memories
SLPS-03454;Kowai Shashin: Shinrei Shashin Kitan
SLPS-03063;Kowloon-jou
SLPM-80047;Kowloon's Gate
SLPM-80080;Kowloon's Gate
SLPS-02975;Kowloon's Gate: Kowloon Feng Shui Den [Artdink Best Choice] (Disc 1)
SLPS-02976;Kowloon's Gate: Kowloon Feng Shui Den [Artdink Best Choice] (Disc 2)
SLPS-02977;Kowloon's Gate: Kowloon Feng Shui Den [Artdink Best Choice] (Disc 3)
SLPS-02978;Kowloon's Gate: Kowloon Feng Shui Den [Artdink Best Choice] (Disc 4)
SCPS-45014;Kowloon's Gate: Kowloon Fuusuiden (Disc 1) (Byakko)
SLPS-00669;Kowloon's Gate: Kowloon Fuusuiden (Disc 1) (Byakko)
SLPS-00706;Kowloon's Gate: Kowloon Fuusuiden (Disc 1) (Byakko)
SCPS-45015;Kowloon's Gate: Kowloon Fuusuiden (Disc 2) (Genbu)
SLPS-00670;Kowloon's Gate: Kowloon Fuusuiden (Disc 2) (Genbu)
SLPS-00707;Kowloon's Gate: Kowloon Fuusuiden (Disc 2) (Genbu)
SCPS-45016;Kowloon's Gate: Kowloon Fuusuiden (Disc 3) (Suzaku)
SLPS-00671;Kowloon's Gate: Kowloon Fuusuiden (Disc 3) (Suzaku)
SLPS-00708;Kowloon's Gate: Kowloon Fuusuiden (Disc 3) (Suzaku)
SCPS-45017;Kowloon's Gate: Kowloon Fuusuiden (Disc 4) (Seiryuu)
SLPS-00672;Kowloon's Gate: Kowloon Fuusuiden (Disc 4) (Seiryuu)
SLPS-00709;Kowloon's Gate: Kowloon Fuusuiden (Disc 4) (Seiryuu)
SCUS-94303;Krazy Ivan
SLES-00084;Krazy Ivan
SLES-00125;Krazy Ivan
SLES-00126;Krazy Ivan
SLES-00127;Krazy Ivan
SLES-00128;Krazy Ivan
SLPS-00492;Krazy Ivan
PCPX-96121;KulaQuest
SCPS-10064;KulaQuest
SLPS-00115;Kuma no Pooh-tarou: Sora wa Pink da! Zen'in Shuugou!!
SLPS-01208;Kumitate Battle Kuttu Ketto
SLPS-01773;Kunoichi Torimonochou
SLPS-01676;Kuon no Kizuna
PAPX-90045;Kurashi Iki! Iki! PlayStation Welcome Disc
SLPS-02464;Kuri Skunk [Reprint]
SLPS-00505;Kuro no Juusan
SLPS-02811;Kuro no Juusan
SLPS-01030;Kuro no Ken: Blade of the Darkness
SLPS-01450;Kuroi Hitomi no Noir: Cielgris Fantasm
SLUS-01125;Kurt Warner's Arena Football Unleashed
SLPM-86634;Kuru Kuru Cube
SLPM-86785;Kuru Kuru Maru Maru
SLPS-00651;Kuru Kuru Panic
SLPS-00432;Kuru Kuru Twinkle: Onegai Ohoshi-sama
SLPS-00786;Kurumi Miracle
SLPS-00066;Kururin Pa!
SCES-00866;Kurushi
SCES-02009;Kurushi Final
SCES-02010;Kurushi Final
SCES-02011;Kurushi Final
SCES-02012;Kurushi Final
SCES-02013;Kurushi Final
SLPS-01854;Kuubo Senki
SLPM-86447;Kyaiin no Tanoshi Mail: PS. I Love You
SLPS-01692;Kyoro-chan no Prikura Daisakusen
SLPS-03193;Kyoto Maiko Monogatari
SLPS-00503;Kyoufu Shinbun
SLPS-00777;Kyousouba Ikusei Simulation: Derby Stallion
SLPS-02299;Kyousouba Ikusei Simulation: Derby Stallion 99
SLPS-03451;Kyoutei Wars Makuru 6
SLPS-00214;Kyuiin
SLPS-02628;Kyuin [Best of the Best]
SLPS-00622;Kyuu-bakku
SLPS-00475;Kyuukyoku no Soukoban
SLPS-00031;Kyuutenkai
SLPS-02203;L no Kisetsu: A Piece of Memories
SLPS-02204;L no Kisetsu: A Piece of Memories
SLPS-03222;L No Kisetsu: A Piece of Memories [Best Price 2500]
SLPM-80299;L'Arc-en-Ciel: Light my Fire
SLES-03303;L'ile LEGO 2: La Revanche de Cassbrik
SLPM-87157;Lady Maid
SCPS-45120;Lagnacure
SLPS-01009;Lagnacure
SLPS-02833;Lagnacure
SLPS-02832;Lagnacure Legend
SLPS-00408;Lake Masters
SLPS-01608;Lake Masters
SLPS-01342;Lake Masters 2: Bass Fishing in Japan
SLPS-02069;Lake Masters 2: Bass Fishing in Japan
SLPS-02869;Lake Masters Pro [Reprint]
SLPS-02177;Lake Masters Pro: Nihon Juudan Kuromasu Kikou
SLPS-91420;Lake Masters Pro: Nihon Juudan Kuromasu Kikou
PAPX-90052;Lalala PlayStation Trial Disc: 1998 Summer
SLES-04055;Land Before Time, The: Big Water Adventure
SLUS-01481;Land Before Time, The: Big Water Adventure
SLUS-01213;Land Before Time, The: Great Valley Racing Adventure
SLES-03448;Land Before Time, The: Racing Adventure
SLES-02981;Land Before Time, The: Return to the Great Valley
SLUS-01043;Land Before Time, The: Return to the Great Valley
SLES-02682;Land Maker
SLPM-86394;Land Maker
SLPM-86798;Langrisser I & II
SLPS-00896;Langrisser I & II
SLPS-00897;Langrisser I & II
SLPS-01822;Langrisser I & II
SLPS-01818;Langrisser IV & V: Final Edition (Disc 1) (Langrisser IV Disc)
SLPS-01819;Langrisser IV & V: Final Edition (Disc 2) (Langrisser V Disc)
SLES-03687;Largo Winch: Commando SAR
SLES-03688;Largo Winch: Commando SAR
SLUS-01441;Largo Winch: Commando SAR
SLPS-03441;Las Pachi-Slot Teiou: Golgo 13 Vegas
SLPS-00732;Las Vegas Dream 2
SLES-00020;Last Report, The
SLES-00029;Last Report, The
SLES-00889;Last Report, The
SLED-01365;Last Report, The (Demo)
SLPM-86491;Lattice: 200EC7
SLPS-02344;Le Concert: ff: Fortissimo
SLPS-02926;Le Concert: ff: Fortissimo
SLPS-02343;Le Concert: pp: Pianissimo
SLPS-02925;Le Concert: pp: Pianissimo
SLES-01362;Le Mans 24 Hours
SCED-03202;Le Monde Des Bleus 2 (Demo)
SCES-01701;Le Monde des Bleus: Le Jeu Officiel de l'Ãquipe de France
SLPS-01886;Leading Jockey '99
SLPS-00348;Leading Jockey Highbred
SLES-01301;Legacy of Kain: Soul Reaver
SLES-02024;Legacy of Kain: Soul Reaver
SLES-02025;Legacy of Kain: Soul Reaver
SLES-02026;Legacy of Kain: Soul Reaver
SLES-02027;Legacy of Kain: Soul Reaver
SLUS-00708;Legacy of Kain: Soul Reaver
SLED-02252;Legacy of Kain: Soul Reaver (Demo)
PAPX-90055;Legaia Densetsu
PCPX-96130;Legaia Densetsu
SCPS-91246;Legaia Densetsu [Playstation the best]
SLES-00730;Legend
SCES-03043;Legend of Dragoon, The (Disc 1)
SCES-03044;Legend of Dragoon, The (Disc 1)
SCES-03045;Legend of Dragoon, The (Disc 1)
SCES-03046;Legend of Dragoon, The (Disc 1)
SCES-03047;Legend of Dragoon, The (Disc 1)
SCUS-94491;Legend of Dragoon, The (Disc 1)
SCES-13043;Legend of Dragoon, The (Disc 2)
SCES-13044;Legend of Dragoon, The (Disc 2)
SCES-13045;Legend of Dragoon, The (Disc 2)
SCES-13046;Legend of Dragoon, The (Disc 2)
SCES-13047;Legend of Dragoon, The (Disc 2)
SCUS-94584;Legend of Dragoon, The (Disc 2)
SCES-23043;Legend of Dragoon, The (Disc 3)
SCES-23044;Legend of Dragoon, The (Disc 3)
SCES-23045;Legend of Dragoon, The (Disc 3)
SCES-23046;Legend of Dragoon, The (Disc 3)
SCES-23047;Legend of Dragoon, The (Disc 3)
SCUS-94585;Legend of Dragoon, The (Disc 3)
SCES-33043;Legend of Dragoon, The (Disc 4)
SCES-33044;Legend of Dragoon, The (Disc 4)
SCES-33045;Legend of Dragoon, The (Disc 4)
SCES-33046;Legend of Dragoon, The (Disc 4)
SCES-33047;Legend of Dragoon, The (Disc 4)
SCUS-94586;Legend of Dragoon, The (Disc 4)
SLES-01273;Legend of Foresia: La Contree Interdite
SLES-01710;Legend of Kartia
SCES-01752;Legend of Legaia
SCES-01944;Legend of Legaia
SCES-01945;Legend of Legaia
SCES-01946;Legend of Legaia
SCES-01947;Legend of Legaia
SCUS-94254;Legend of Legaia
SCPS-10059;Legend of Legaia (Beta)
SCUS-94366;Legend of Legaia (Demo)
SLUS-01013;Legend of Mana
SLES-04145;Legend of Mulan
SLES-02955;Legend of Pocahontas
SLES-03301;LEGO Eiland 2: De Wraak van Dondersteen
SLES-03304;LEGO Insel 2: Der Steinbrecher kehrt zurueck
SLES-03299;LEGO Island 2: The Brickster's Revenge
SLES-03302;Lego Island 2: The Brickster's Revenge
SLES-03306;LEGO Island 2: The Brickster's Revenge
SLES-03307;LEGO Island 2: The Brickster's Revenge
SLES-03308;LEGO Island 2: The Brickster's Revenge
SLES-03309;LEGO Island 2: The Brickster's Revenge
SLUS-01246;LEGO Island 2: The Brickster's Revenge
SLES-03305;LEGO Isola 2: La Rivincita del Briccone
SLES-03300;LEGO Oen 2: Kim Cool's Haevn
SLES-01207;LEGO Racers
SLUS-00581;LEGO Racers
SLUS-00937;LEGO Rock Raiders
SLES-01690;LEGO Rock Raiders (Rev 1)
SLES-01461;Lemmings & Oh No! More Lemmings
SLUS-00760;Lemmings & Oh No! More Lemmings
SLES-00542;Lethal Enforcers
SLPM-86025;Lethal Enforcers Deluxe Pack
SLUS-00293;Lethal Enforcers I & II
SCES-01430;LiberoGrande
SCPS-45343;LiberoGrande
SLPM-80340;LiberoGrande
SLPS-01681;LiberoGrande
SCED-01491;LiberoGrande (Demo)
SLPS-02950;LiberoGrande 2
SCES-03254;Liberogrande International
SLES-00613;Lifeforce Tenka
SLES-00614;Lifeforce Tenka
SLES-00615;Lifeforce Tenka
SLES-00616;Lifeforce Tenka
SLES-00617;Lifeforce Tenka
SLED-00690;Lifeforce Tenka (Demo)
SLPS-00629;LifeScape 2: Body Bionics: Kyoui no Shouuchuu Jintai
SLPS-00185;LifeScape: Seimei 40-okunen Haruka na Tabi (Disc 1) (Aquasphere)
SLPS-00186;LifeScape: Seimei 40-okunen Haruka na Tabi (Disc 2) (Landsphere)
SLPS-02336;Light Fantasy Gaiden: Nya Nyan ga Nyan
SLPM-86015;Lightning Legend: Daigo no Daibouken
LSP-903167;Lightspan: Creative Isle 1
LSP-905420;Lightspan: Faire Games: Mathematics
LSP-905383;Lightspan: P.K.'s Math Studio 1
LSP-040210;Lightspan: Timeless Math 2: Maya, Observatory
LSP-040310;Lightspan: Timeless Math 3: Maya, King Jaguar's Village
LSP-040610;Lightspan: Timeless Math 6: Brainswarm
LSP-040710;Lightspan: Timeless Math 7: Rover Recovery
LSP-170119;Lightspan: Write Away 10
LSP-170112;Lightspan: Write Away 3
LSP-170113;Lightspan: Write Away 4
LSP-170114;Lightspan: Write Away 5
LSP-170115;Lightspan: Write Away 6
LSP-170116;Lightspan: Write Away 7
LSP-170117;Lightspan: Write Away 8
LSP-170118;Lightspan: Write Away 9
SCPS-45118;Linda Cube Again
PCPX-96083;LindaÂ³ Again
SCPS-10039;LindaÂ³ Again
SCPS-91142;LindaÂ³ Again
SLPS-01769;Ling Rise
SLES-02953;Lion and the King
SLES-04065;Lion and the King 2
LSP-010150;Liquid Books Adventure 1: Lety's Favorite Stories
LSP-903112;Liquid Books Adventure 2: Amrita's Trees / Cerdito and the Coyote
LSP-010250;Liquid Books Adventure 2: Amrita's Trees & Cerdito and the Coyote
LSP-010350;Liquid Books Adventure 3: Far-Fetched Frontier Tales
LSP-903129;Liquid Books Adventure 3: Far-Fetched Frontier Tales
LSP-010355;Liquid Books Adventure 4: The Adventures of Adelita and Bo
LSP-903136;Liquid Books Adventure 4: The Adventures of Adelita and Bo
LSP-903143;Liquid Books Adventure 5: Pop-Out Prose
LSP-905147;Liquid Books Adventure 6: The Wandering Path
SLES-00698;Little Big Adventure
SLPS-00376;Little Big Adventure
SLPM-86269;Little Lovers: She So Game (Disc 1)
SLPM-86757;Little Lovers: She So Game (Disc 1)
SLPM-86270;Little Lovers: She So Game (Disc 2)
SLPM-86758;Little Lovers: She So Game (Disc 2)
SLPM-80492;Little Princess: Marl Oukoku no Ningyou-hime 2
SLPS-02376;Little Princess: Marl Oukoku no Ningyou-hime 2
SLPS-03012;Little Princess: Marl Oukoku no Ningyou-hime 2 (Disc 1)
SLPS-91414;Little Princess: Marl Oukoku no Ningyou-hime 2 (Disc 1)
SLPS-03013;Little Princess: Marl Oukoku no Ningyou-hime 2 (Disc 2)
SLES-01332;Live Wire!
SLED-01561;Live Wire! (Demo)
SCES-03031;Livro da Selva, O: Uma Festa Divertida
SLES-01016;LMA Manager
SLES-02975;LMA Manager 2001
SLES-03603;LMA Manager 2002
SLES-03064;LNF Stars 2001
SLES-00013;Loaded
SLUS-00076;Loaded
SLUS-00557;Lode Runner
SLPS-00641;Lode Runner Extra
SLPS-00182;Lode Runner: The Legend Returns
SLPS-02036;Logic Mahjong Souryuu: Sannin Uchi: 3 Players Game
SLPS-02880;Logic Mahjong Souryuu: Yonin Uchi, Sannin Uchi
SLPS-03011;Logic Pro Adventure
SLPS-00268;Logic Puzzle Rainbow Town
SLES-00451;Lomax
SLPS-00987;Lomax
SLED-00516;Lomax (Demo)
SLES-02694;London Racer
SLES-03822;London Racer II
SLPS-01787;London Seirei Tanteidan
SLES-00131;Lone Soldier
SLES-00142;Lone Soldier
SLPS-00322;Lone Soldier
SCES-00277;Lone Soldier + Actua Soccer + Total NBA '96 + Mickey's Wild Adventure + Thunderhawk 2 + Assault Rigs
SLES-03127;Looney Tunes Racing
SLUS-01145;Looney Tunes Racing
SLUS-01369;Looney Tunes: Sheep Raider
SLPM-86524;Lord Monarch: Shin Gaia Oukokuki
SLPS-01728;Lord Monarch: Shin Gaia Oukokuki
SLPM-80405;Lord of Fist
SLPS-02168;Lord of Fist
PAPX-90081;Lord of Monsters
SCPS-10086;Lord of Monsters
SLES-02951;Lord of the Jungle
SLPS-00971;Lost Children: The City of Lost Children
SLPS-01307;Lost Sword: Ushinawareta Seiken
SLES-00057;Lost Vikings 2: Norse by Norsewest
SLES-00903;Lost World, The: Jurassic Park
SLUS-00515;Lost World, The: Jurassic Park
SLES-03159;Louvre: A Maldicao (Disc 1)
SLES-13159;Louvre: A Maldicao (Disc 2)
SLES-03174;Louvre: L'Ultime Malediction (Disc 1)
SLES-13174;Louvre: L'Ultime Malediction (Disc 2)
SLES-03161;Louvre: La maldicion final (Disc 1)
SLES-13161;Louvre: La maldicion final (Disc 2)
SLES-03160;Louvre: La Maledizione Finale (Disc 1)
SLES-13160;Louvre: La Maledizione Finale (Disc 2)
SLES-03158;Louvre: The Final Curse (Disc 1)
SLES-13158;Louvre: The Final Curse (Disc 2)
SCPS-10124;Love & Destroy
PAPX-90014;Love Game's: Wai Wai Tennis
SLPM-86541;Love Game's: Wai Wai Tennis
SLPS-00686;Love Game's: Wai Wai Tennis
SLPS-01647;Love Game's: Wai Wai Tennis
SLPS-02510;Love Game's: Wai Wai Tennis 2
SLPS-02983;Love Game's: Wai Wai Tennis 2
SLPM-86899;Love Game's: Wai Wai Tennis Plus
SLPM-86677;Love Hina 2: Kotoba wa Konayuki no You ni
SLPM-86652;Love Hina: Ai wa Kotoba no Naka ni
SLPS-03097;Love Para: Lovely Tokyo Para-Para Musume
SLPS-01370;Love Therapy
SLPM-80414;LoveÂ² Torokko
SLPS-02112;LoveÂ² Torokko
SLPS-01556;LSD: Dream Emulator
SLPS-01642;LSD: Dream Emulator
SLPS-01784;Lucifer Ring
SLPS-00811;Luciferd
SLES-00943;Lucky Luke
SLPS-01674;Lucky Luke
SLUS-00719;Lucky Luke
SLES-03530;Lucky Luke: Western Fever
SLPS-01832;Luftwaffe: Deutsch Kuugun o Shiki seyo
SLPS-00560;LuLu: Un Conte Interactif de Romain Victor-Pujebet
SLPM-80419;Lunar 2: Eternal Blue
SLPS-02081;Lunar 2: Eternal Blue (Disc 1)
SLPS-02082;Lunar 2: Eternal Blue (Disc 2)
SLPS-02083;Lunar 2: Eternal Blue (Disc 3)
SLPS-02966;Lunar 2: Eternal Blue [Kadokawa the Best] (Disc 1)
SLPS-02967;Lunar 2: Eternal Blue [Kadokawa the Best] (Disc 2)
SLPS-02968;Lunar 2: Eternal Blue [Kadokawa the Best] (Disc 3)
SLUS-90083;Lunar 2: Eternal Blue Complete (Demo)
SLUS-01071;Lunar 2: Eternal Blue Complete (Disc 1)
SLUS-01239;Lunar 2: Eternal Blue Complete (Disc 2)
SLUS-01240;Lunar 2: Eternal Blue Complete (Disc 3)
SLUS-01257;Lunar 2: Eternal Blue Complete (The Making of)
SLPM-86777;Lunar Wing: Toki o Koeta Seisen
SLPM-80250;Lunar: Silver Star Story
SCPS-45249;Lunar: Silver Star Story (Disc 1)
SLPS-01397;Lunar: Silver Star Story (Disc 1)
SLPS-91129;Lunar: Silver Star Story (Disc 1)
SCPS-45250;Lunar: Silver Star Story (Disc 2)
SLPS-01398;Lunar: Silver Star Story (Disc 2)
SLPS-91130;Lunar: Silver Star Story (Disc 2)
SLUS-90055;Lunar: Silver Star Story Complete (Demo)
SLUS-00628;Lunar: Silver Star Story Complete (Disc 1)
SLUS-00899;Lunar: Silver Star Story Complete (Disc 2)
SLUS-00921;Lunar: Silver Star Story Complete (The Making of)
SLPS-01749;Lunatic Dawn III
SLPS-02537;Lunatic Dawn III
SLPM-80353;Lunatic Dawn III & Susume! Kaizoku Promotion Disc
SLPS-02957;Lunatic Dawn Odyssey [Artdink Best Choice]
SLPS-02420;Lunatic Dawn: Odyssey
SLPM-87124;Lup Salad: Lupupu Cube [Natsu-cole Series Vol.3]
SLPS-01402;Lupin 3sei
SLPS-91060;Lupin 3sei: Cagliostro no Shiro: Saikai (Disc 1)
SLPS-91061;Lupin 3sei: Cagliostro no Shiro: Saikai (Disc 2)
SLPS-91062;Lupin 3sei: Cagliostro no Shiro: Saikai (Disc 3)
SLPS-00535;Lupin the Third Chateau De Cagliostro (Disc 1)
SLPS-00536;Lupin the Third Chateau De Cagliostro (Disc 2)
SLPS-00537;Lupin the Third Chateau De Cagliostro (Disc 3)
SLPS-00416;Lupupu Cube: Lup Salad
SLES-02720;Lussan Nathhorst Presenterar Riding Star
SLPS-00393;m [emu]: Kimi o Tsutaete
SLPS-02265;m [emu]: Kimi o Tsutaete
SCED-01713;M-6 PlayStation Demo
SLES-03999;M&M's: Shell Shocked
SLES-04001;M&M's: Shell Shocked
SLES-04002;M&M's: Shell Shocked
SLUS-01306;M&M's: Shell Shocked
SCED-02121;M6 PlayStation: Best of '99 Vol. 1
SCED-02419;M6 PlayStation: Best of '99 Vol. 2
SCED-02570;M6 PlayStation: Special Kids
SLES-00980;M6 Turbo Racing
SLPS-01281;MÃ¶bius Link 3D
SLPS-03143;Maboroshi Tsukiyo [Reprint] (Disc 1)
SLPS-03144;Maboroshi Tsukiyo [Reprint] (Disc 2)
SLPS-02705;Maboroshi Tsukiyo: Tsukiyono Kitan (Disc 1)
SLPS-02706;Maboroshi Tsukiyo: Tsukiyono Kitan (Disc 2)
SLPS-00295;Mach GoGoGo
SLUS-00383;Machine Head
SLES-00630;Machine Hunter
SLES-00830;Machine Hunter
SLES-00831;Machine Hunter
SLES-00832;Machine Hunter
SLES-00833;Machine Hunter
SLUS-00470;Machine Hunter
SCPS-45021;Macross Digital Mission VF-X
SLPM-80083;Macross Digital Mission VF-X
SLPS-00386;Macross Digital Mission VF-X
SLPS-91058;Macross Digital Mission VF-X
SLPM-80561;Macross Plus: Game Edition
SLPS-02791;Macross Plus: Game Edition
SCPS-45427;Macross VF-X 2
SLPS-02237;Macross VF-X2
SLPS-02007;Macross VF-X2 / Patlabor: The Game
SCPS-45405;Macross: Do you remember love? (Disc 1)
SCPS-45406;Macross: Do you remember love? (Disc 2)
SCPS-45407;Macross: Do you remember love? (Disc 3)
SLPS-00880;Mad Panic Coaster
SLPS-00734;Mad Stalker: FullMetalForce
SLES-02192;Madden NFL 2000
SLUS-00961;Madden NFL 2000
SLES-03067;Madden NFL 2001
SLUS-01241;Madden NFL 2001
SLUS-01402;Madden NFL 2002
SLUS-01482;Madden NFL 2003
SLUS-01570;Madden NFL 2004
SLUS-01584;Madden NFL 2005
SLES-00436;Madden NFL 97
SLUS-00018;Madden NFL 97
SLES-00904;Madden NFL 98
SLUS-00516;Madden NFL 98
SLES-01427;Madden NFL 99
SLUS-00729;Madden NFL 99
SLPS-01597;Madou Reishi Shuon
SLES-00211;Magic Carpet
SLPS-00587;Magic Carpet
SLUS-00029;Magic Carpet
SLPS-00426;Magic Johnson to Kareem Abdul-Jabbar no Slam 'n Jam '96
SLES-00282;Magic: The Gathering: BattleMage
SLES-00787;Magic: The Gathering: BattleMage
SLES-00788;Magic: The Gathering: BattleMage
SLUS-00247;Magic: The Gathering: BattleMage
SCPS-45134;Magical Date: Doki Doki Kokuhaku Daisakusen
SLPM-86619;Magical Date: Doki Doki Kokuhaku Daisakusen
SLPS-01091;Magical Date: Doki Doki Kokuhaku Daisakusen
SCPS-10135;Magical Dice Kids
SLPS-00201;Magical Drop
SLPM-86805;Magical Drop F: Daibouken mo Rakujanai!
SLPS-02337;Magical Drop F: Daibouken mo Rakujanai!
SLES-02964;Magical Drop III (Disc 1) (Magical Drop III)
SLES-12964;Magical Drop III (Disc 2) (Magical Drop +1)
SLPM-86755;Magical Drop III + Wonderful! [Reprint] (Disc 1)
SLPM-86756;Magical Drop III + Wonderful! [Reprint] (Disc 2)
SLPM-86051;Magical Drop III: Yokubari Tokudai-gou!
SLPS-01917;Magical Drop III: Yokubari Tokudai-gou!
SLPS-01918;Magical Drop Plus 1!
SLPS-00737;Magical Hoppers
SLPM-86099;Magical Medical
SCES-02154;Magical Tetris Challenge
SCES-02175;Magical Tetris Challenge
SLPS-01786;Magical Tetris Challenge featuring Mickey
SCED-03993;Magical World of Disney on PlayStation, The
SLPS-01173;Magical Zunou Power!! Party Selection
SLPS-02552;Magical Zunou Power!! Party Selection (Vap Best Thanks 1800)
SCES-02178;Magische Tetris Uitdaging
SLPS-02995;Mahjong de Asobo
SLPS-00043;Mahjong Ganryuu-jima
SLPS-02979;Mahjong Ganryuujima [ASCII Casual Collection]
SLPS-00014;Mahjong Gokuu Tenjiku
SLPS-02098;Mahjong Gokuu Tenjiku 99
SLPS-00364;Mahjong Senjutsu: Andou Mitsuru Pro no Akuukan Sappou
SLPS-00005;Mahjong Station Mazin
SLPS-01564;Mahjong Station Mazin
SLPS-02828;Mahjong Station Mazin
SLPM-86993;Mahjong Taikai II Special
SLPS-00603;Mahjong Taikai II Special
SLPM-86338;Mahjong Taikai II Special [PlayStation the Best]
SLPS-03064;Mahjong Toriatama Kikou
SLPS-03123;Mahjong Uranai Fortuna: Tsuki no Megami-tachi
SLPM-86173;Mahjong Yarou ze!
SLPS-02956;Mahjong Youchien Tamago-gumi 2: Taikai e Ikou!
SLPS-00460;Mahou Shoujo Fancy CoCo
SLPS-00645;Mahou Shoujo Pretty Samy: Part 1: In the Earth (Disc 1) (Episode 23)
SLPS-00646;Mahou Shoujo Pretty Samy: Part 1: In the Earth (Disc 2) (Episode 24)
SLPS-00760;Mahou Shoujo Pretty Samy: Part 2: In the Julyhelm (Disc 1) (Episode 25)
SLPS-00761;Mahou Shoujo Pretty Samy: Part 2: In the Julyhelm (Disc 2) (Episode 26)
SLPS-01754;Mahoutsukai ni Naru Houhou
SCPS-45323;Mainichi Neko Youbi
SLPS-01249;Mainichi Nekoyoubi
SLPS-01850;Majokko Daisakusen: Little Witching Mischiefs
SLPS-00128;Makeruna! Makendou 2
SLES-02402;Manager de Liga (Beta)
SLES-02979;Manager de Liga 2001
SLES-03607;Manager de Liga 2002
SLUS-01471;Marble Master
SLPS-01738;Marby Baby Story
SLES-03868;Marcel Desailly Pro Football
SLUS-00526;March Madness '98
SLPM-80441;Maria 2: Jutai Kokuchi no Nazo
SLPS-02240;Maria 2: Jutai Kokuchi no Nazo (Disc 1)
SLPS-02241;Maria 2: Jutai Kokuchi no Nazo (Disc 2)
SLPS-02242;Maria 2: Jutai Kokuchi no Nazo (Disc 3)
SLPM-86850;Maria 2: Jutai Kokuchi no Nazo [Cyclone Best] (Disc 1)
SLPM-86851;Maria 2: Jutai Kokuchi no Nazo [Cyclone Best] (Disc 2)
SLPM-86852;Maria 2: Jutai Kokuchi no Nazo [Cyclone Best] (Disc 3)
SLPM-80185;Maria: Kimi-tachi ga Umareta Wake
SLPS-01136;Maria: Kimi-tachi ga Umareta Wake (Disc 1)
SLPS-91100;Maria: Kimi-tachi ga Umareta Wake (Disc 1)
SLPS-01137;Maria: Kimi-tachi ga Umareta Wake (Disc 2)
SLPS-91101;Maria: Kimi-tachi ga Umareta Wake (Disc 2)
SLPS-01138;Maria: Kimi-tachi ga Umareta Wake (Disc 3)
SLPS-91102;Maria: Kimi-tachi ga Umareta Wake (Disc 3)
SLPS-01418;Marie no Atelier Plus: Salburg no Renkinjutsushi
SLPS-91179;Marie no Atelier Plus: Salburg no Renkinjutsushi
SLPS-00856;Marie no Atelier: Salburg no Renkinjutsushi
SLPS-00964;Mario Mushano no Chou Shougi Juku: Mario Mushano's Hyper Shogi School
SLPM-86810;Marionette Company
SLPS-02058;Marionette Company
SLPM-87004;Marionette Company 2 Chu!
SLPS-02743;Marionette Company 2 Chu!
SLPS-03537;Marl Jong!!
SLPS-03538;Marl Jong!!
SLPM-80319;Marl Oukoku no Ningyou-hime: The Adventure of Puppet Princess
SLPS-01734;Marl Oukoku no Ningyou-hime: The Adventure of Puppet Princess
SLPS-02286;Marl Oukoku no Ningyou-hime: The Adventure of Puppet Princess
SLPS-91415;Marl Oukoku no Ningyou-hime: The Adventure of Puppet Princess
SLPS-02287;Marl Oukoku no Ningyou-hime: The Adventure of Puppet Princess (Omake Disc)
SLES-02768;Marranos en Guerra
LSP-010180;Mars Moose Adventure: WalkAbout 1: The Natural History Museum
LSP-010280;Mars Moose Adventure: WalkAbout 2: The Shakespeare Festival
LSP-010380;Mars Moose Adventure: WalkAbout 3: World Sports Day
LSP-903099;Mars Moose Adventure: WalkAbout 3: World Sports Day
LSP-010170;Mars Moose Cosmic Quest 1: City Sights
LSP-903013;Mars Moose Cosmic Quest 1: City Sights
LSP-010270;Mars Moose Cosmic Quest 2: Fairy Tale Island
LSP-903020;Mars Moose Cosmic Quest 2: Fairy Tale Island
LSP-010370;Mars Moose Cosmic Quest 3: Race Through France
LSP-903037;Mars Moose Cosmic Quest 3: Race Through France
LSP-010160;Mars Moose Stay and Play 1: In the Clubhouse
LSP-903044;Mars Moose Stay and Play 1: In the Clubhouse
LSP-010260;Mars Moose Stay and Play 2: In Mars' Bedroom
LSP-903051;Mars Moose Stay and Play 2: In Mars' Bedroom
LSP-010360;Mars Moose Stay and Play 3: In Lonnie's Classroom
LSP-903068;Mars Moose Stay and Play 3: In Lonnie's Classroom
SLPM-87014;Martialbeat
SLPM-87146;Martialbeat 2 (Disc 1) (Disc-B)
SLPM-87148;Martialbeat 2 (Disc 1) (Disc-B)
SLPM-87147;Martialbeat 2 (Disc 2) (Disc-F)
SLPM-87149;Martialbeat 2 (Disc 2) (Disc-F)
SLES-01350;Martian Gothic: Unification
SLES-02998;Martian Gothic: Unification
SLUS-01148;Martian Gothic: Unification
SLES-00932;Marvel Super Heroes
SLPS-00763;Marvel Super Heroes
SLUS-00257;Marvel Super Heroes
SLED-00499;Marvel Super Heroes (Demo)
SLES-01792;Marvel Super Heroes vs. Street Fighter
SLUS-00793;Marvel Super Heroes vs. Street Fighter
SLPM-80376;Marvel Super Heroes vs. Street Fighter: EX Edition
SLPM-80382;Marvel Super Heroes vs. Street Fighter: EX Edition
SLPS-01915;Marvel Super Heroes vs. Street Fighter: EX Edition
SLES-02305;Marvel vs. Capcom: Clash of Super Heroes
SLUS-01059;Marvel vs. Capcom: Clash of Super Heroes
SLPM-80508;Marvel vs. Capcom: Clash of Super Heroes: EX Edition
SLPS-02368;Marvel vs. Capcom: Clash of Super Heroes: EX Edition
SLES-02379;Mary King's Riding Star
SLES-03421;Mary-Kate and Ashley: Crush Course
SLUS-01386;Mary-Kate and Ashley: Crush Course
SLES-03422;Mary-Kate and Ashley: Magical Mystery Mall
SLUS-01121;Mary-Kate and Ashley: Magical Mystery Mall
SLES-03378;Mary-Kate and Ashley: Winners Circle
SLUS-01362;Mary-Kate and Ashley: Winners Circle
SLPM-86520;MasMon Kids: The Another World of the Master of Monsters
SLPS-01426;MasMon Kids: The Another World of the Master of Monsters
SLES-00098;Mass Destruction
SLUS-00462;Mass Destruction
SLPM-86542;Master of Monsters: Akatsuki no Kenja-tachi
SLPS-00916;Master of Monsters: Akatsuki no Kenja-tachi
SLES-00244;Master of Monsters: Disciples of Gaia
SLUS-00595;Master of Monsters: Disciples of Gaia
SLPS-00373;Masters: Shin Harukanaru Augusta
SLPS-00842;Masters: Shin Harukanaru Augusta
SLES-03217;Mat Hoffman's Pro BMX
SLES-03218;Mat Hoffman's Pro BMX
SLES-03219;Mat Hoffman's Pro BMX
SLPM-87119;Mat Hoffman's Pro BMX
SLUS-01113;Mat Hoffman's Pro BMX
LSP-903433;Math Gallery: Collection 1
LSP-903440;Math Gallery: Collection 2
LSP-100112;Math on the Move! 1: Addition-Subtraction Advanced
LSP-100110;Math on the Move! 1: Addition-Subtraction Intermediate
LSP-907394;Math on the Move! 1: Addition/Subtraction Advanced
LSP-905390;Math on the Move! 1: Addition/Subtraction Intermediate
LSP-100113;Math on the Move! 2: Multiplication-Division Advanced
LSP-100111;Math on the Move! 2: Multiplication-Division Intermediate
LSP-907400;Math on the Move! 2: Multiplication/Division Advanced
LSP-905406;Math on the Move! 2: Multiplication/Division Intermediate
SLPS-00198;Matsukata Hiroki no World Fishing
SLPS-02041;Matsukata Hiroki no World Fishing
SLPS-03220;Matsumoto Reiji 999: Story of Galaxy Express 999 (Disc 1)
SLPS-03221;Matsumoto Reiji 999: Story of Galaxy Express 999 (Disc 2)
SCPS-45242;Mawatte Mucho!
SLPM-80232;Mawatte Mucho!
SLPS-01359;Mawatte Mucho!
SLES-01694;Max Power Racing
SLPS-02398;Max Surfing 2000
SLPS-02871;Max Surfing 2nd
SLES-01001;Maximum Force
SLUS-00503;Maximum Force
SLPS-00795;MaxRacer
SLPS-03490;Maze Heroes: Meikyuu Densetsu
SCED-03909;McDonald's: Demo 01
SCED-03910;McDonald's: Demo 02
SCED-03911;McDonald's: Demo 03
SCED-03912;McDonald's: Demo 04
SCPS-10052;MDK
SLES-00599;MDK
SLUS-00426;MDK
SLED-00912;MDK (Demo)
SLED-01069;MDK (PlayMag Demo)
SLES-00340;MechWarrior 2: 31st Century Combat: Arcade Combat Edition
SLUS-00401;MechWarrior 2: 31st Century Combat: Arcade Combat Edition
SLPS-00937;MechWarrior 2: Arcade Combat Edition
SLES-00374;MechWarrior 2: Combat au 31ieme Siecle
SLES-00375;MechWarrior 2: Kampfspiel des 31. Jahrhunderts: Arcade Combat Edition
SLES-02470;Medal of Honor
SLES-02471;Medal of Honor
SLES-02472;Medal of Honor
SLUS-00974;Medal of Honor
SLES-03125;Medal of Honor: Resistance
SLES-03124;Medal of Honor: Underground
SLES-03126;Medal of Honor: Underground
SLUS-01270;Medal of Honor: Underground
SLPS-02414;Medarot R
SLPS-02635;Medarot R: Parts Collection
SCES-01492;MediEvil
SCES-01493;MediEvil
SCES-01494;MediEvil
SCES-01495;MediEvil
SCUS-94227;MediEvil
SCES-00311;MediEvil (Beta 8)
SCUS-94291;MediEvil (Demo)
SLUS-94227;MediEvil (USA) (Beta 5)
SCES-02544;MediEvil 2
SCES-02545;MediEvil 2
SCES-02546;MediEvil 2
SCED-02818;MediEvil 2 (Demo)
SCED-01527;MediEvil Collector's Edition (Demo)
SCUS-94564;MediEvil II
SCED-01571;MediEvil Special (Demo)
SCPS-10081;MediEvil: Yomigaetta Gallowmere no Yuusha
SLES-01064;Mega Man 8
SLUS-00453;Mega Man 8
SLES-01485;Mega Man Legends
SLUS-00603;Mega Man Legends
SLES-03556;Mega Man Legends 2
SLUS-01140;Mega Man Legends 2
SLUS-90078;Mega Man Legends 2 (Demo)
SLES-00503;Mega Man X3
SLES-01176;Mega Man X4
SLUS-00561;Mega Man X4
SLES-03557;Mega Man X5
SLUS-01334;Mega Man X5
SLES-03778;Mega Man X6
SLPM-88509;Mega Man X6
SLUS-01395;Mega Man X6 (Rev 1)
SLES-00766;Megaman: Battle & Chase
SLPM-87192;Megami Ibunroku Persona [PSOne Books]
SLPS-00500;Megami Ibunroku Persona: Be Your True Mind
SLPS-91029;Megami Ibunroku Persona: Be Your True Mind
SLPS-00435;Megatudo 2096
SLPS-01714;Meguri Ai shite
SLPS-01153;Meisha Retsuden: Greatest 70's
SLPS-02159;Meisha Retsuden: Greatest 70's
SLPS-01690;Meitantei Conan
SLPS-91170;Meitantei Conan
SLPM-80568;Meitantei Conan: 3-nin no Meisuiri
SLPS-02804;Meitantei Conan: 3-nin no Meisuiri
SLPS-03456;Meitantei Conan: 3-nin no Meisuiri
SLPS-03425;Meitantei Conan: Saikou no Partner
SLPM-80640;Meitantei Conan: Trick Trick Vol. 0: Meikyuu no Crossroad Special Disc
SLPS-03548;Meitantei Conan: Trick Trick Vol. 1
SLPS-02649;Meka Pokeler
SLPS-00282;MeltyLancer: Ginga Shoujo Keisatsu 2086
SLPM-80161;MeltyLancer: Re-inforce
SLPS-01147;MeltyLancer: Re-inforce (Disc 1)
SLPS-01148;MeltyLancer: Re-inforce (Disc 2)
SLPM-86231;MeltyLancer: The 3rd Planet (Disc 1)
SLPM-86232;MeltyLancer: The 3rd Planet (Disc 2)
SLPS-03135;Memorial Series: Sunsoft Vol. 1
SLPS-03181;Memorial Series: Sunsoft Vol. 2
SLPS-03366;Memorial Series: Sunsoft Vol. 3
SLPS-03382;Memorial Series: Sunsoft Vol. 4
SLPS-03397;Memorial Series: Sunsoft Vol. 5
SLPS-03486;Memorial Series: Sunsoft Vol. 6
SLPS-02296;Memories Off
SLPS-03289;Memories Off 2nd (Disc 1)
SLPS-03292;Memories Off 2nd (Disc 1)
SLPS-03290;Memories Off 2nd (Disc 2)
SLPS-03293;Memories Off 2nd (Disc 2)
SLPS-03291;Memories Off 2nd (Disc 3) (Making Disc)
SLPM-80153;Memory Card Data Book Vol. 1
SLPM-80251;Memory Card Data Book Vol. 2
SLPM-80395;Memory Card Data Book Vol. 3
SLPM-80520;Memory Card Data Book Vol. 4
SLES-01202;Men in Black
SLES-01047;Men in Black: The Game
SLES-01199;Men in Black: The Game
SLES-01200;Men in Black: The Game
SLES-01201;Men in Black: The Game
SLES-03519;Men in Black: The Series: Crashdown
SLES-03520;Men in Black: The Series: Crashdown
SLES-03521;Men in Black: The Series: Crashdown
SLES-03522;Men in Black: The Series: Crashdown
SLES-03523;Men in Black: The Series: Crashdown
SLUS-01387;Men in Black: The Series: Crashdown
SLPM-80566;Menkyo o Torou
SLPS-02685;Menkyo o Torou
SLPS-91235;Menkyo O Torou (Playstation The Best)
SCED-02256;Mental Wealth: ECTS '99 Demo Disc
SLPM-80440;Meremanoid
SLPS-01664;Meremanoid
SLPM-86934;Mermaid no Kisetsu (Disc 1)
SLPM-86935;Mermaid no Kisetsu (Disc 2)
SLPM-86936;Mermaid no Kisetsu (Disc 3)
SLPM-87108;Mermaid no Kisetsu: Curtain Call (Disc 1)
SLPM-87109;Mermaid no Kisetsu: Curtain Call (Disc 2)
SLPS-01493;Merriment Carrying Caravan
SLPS-00359;Meru Purana
SLPS-00680;Meta-Ph-List Î¼.X.2297 (Disc 1)
SLPS-00681;Meta-Ph-List Î¼.X.2297 (Disc 2)
SLPS-00867;Metal Angel 3 (Disc 1)
SLPS-00868;Metal Angel 3 (Disc 2)
SLPS-01164;Metal Fist
SLPM-80254;Metal Gear Solid
SLUS-90035;Metal Gear Solid
SLED-01400;Metal Gear Solid (Demo 1)
SLED-01775;Metal Gear Solid (Demo 2)
PAPX-90044;Metal Gear Solid (Demo)
SLPM-86098;Metal Gear Solid (Demo)
SCPS-45320;Metal Gear Solid (Disc 1)
SLES-01370;Metal Gear Solid (Disc 1)
SLES-01506;Metal Gear Solid (Disc 1)
SLES-01507;Metal Gear Solid (Disc 1)
SLES-01508;Metal Gear Solid (Disc 1)
SLUS-80594;Metal Gear Solid (Disc 1)
SCPS-45317;Metal Gear Solid (Disc 1) (Ichi)
SLPM-86111;Metal Gear Solid (Disc 1) (Ichi)
SLPM-86114;Metal Gear Solid (Disc 1) (Ichi)
SLPM-87411;Metal Gear Solid (Disc 1) (Ichi)
SLES-01734;Metal Gear Solid (Disc 1) (Rev 1)
SLUS-00594;Metal Gear Solid (Disc 1) (Rev 1)
SCPS-45321;Metal Gear Solid (Disc 2)
SLES-11370;Metal Gear Solid (Disc 2)
SLES-11506;Metal Gear Solid (Disc 2)
SLES-11507;Metal Gear Solid (Disc 2)
SLES-11508;Metal Gear Solid (Disc 2)
SLUS-00776;Metal Gear Solid (Disc 2)
SCPS-45318;Metal Gear Solid (Disc 2) (Ni)
SLPM-86112;Metal Gear Solid (Disc 2) (Ni)
SLPM-86115;Metal Gear Solid (Disc 2) (Ni)
SLPM-87412;Metal Gear Solid (Disc 2) (Ni)
SLES-11734;Metal Gear Solid (Disc 2) (Rev 1)
SCPS-45322;Metal Gear Solid (Disc 3)
SLPM-86485;Metal Gear Solid [Konami the Best] (Disc 1)
SLPM-86486;Metal Gear Solid [Konami the Best] (Disc 2)
SLPM-87413;Metal Gear Solid [Metal Gear 20th Anniversary] (Disc 3)
SLPM-87030;Metal Gear Solid [PSOne Books] (Disc 1)
SLPM-87031;Metal Gear Solid [PSOne Books] (Disc 2)
SCPS-45412;Metal Gear Solid: Integral (Disc 1)
SLPM-86247;Metal Gear Solid: Integral (Disc 1)
SLPM-86470;Metal Gear Solid: Integral (Disc 1)
SLPM-87324;Metal Gear Solid: Integral (Disc 1)
SCPS-45413;Metal Gear Solid: Integral (Disc 2)
SLPM-86248;Metal Gear Solid: Integral (Disc 2)
SLPM-86471;Metal Gear Solid: Integral (Disc 2)
SLPM-87325;Metal Gear Solid: Integral (Disc 2)
SCPS-45414;Metal Gear Solid: Integral (Disc 3) (VR-Disc)
SLPM-86249;Metal Gear Solid: Integral (Disc 3) (VR-Disc)
SLPM-86472;Metal Gear Solid: Integral (Disc 3) (VR-Disc)
SLPM-87326;Metal Gear Solid: Integral (Disc 3) (VR-Disc)
SLES-02136;Metal Gear Solid: Special Missions
SLUS-00957;Metal Gear Solid: VR Missions
SLUS-90062;Metal Gear Solid: VR Missions (Demo)
SLPS-00008;Metal Jacket
SCPS-45490;Metal Slug X
SLES-03575;Metal Slug X
SLUS-01212;Metal Slug X
SLPM-86456;Metal Slug X: Super Vehicle-001
SLPS-03449;Metal Slug X: Super Vehicle-001
SCPS-45097;Metal Slug: Super Vehicle-001
SLPM-86315;Metal Slug: Super Vehicle-001
SLPS-00950;Metal Slug: Super Vehicle-001
SLPS-91516;Metal Slug: Super Vehicle-001
SLPS-00039;Metamor Panic: Doki Doki Youma Busters!!
SLPS-01911;Mezase! Meimon Yakyuubu
SLPS-02584;Mezase! Meimon Yakyuubu
SLPS-91418;Mezase! Meimon Yakyuubu
SLPS-00313;Mezase! Senkyuu-ou
SLPS-02214;Mezase! Senkyuu-ou
SLPS-02198;Mezase! Skymark: Challenge Airline Pilot
SLPM-88501;MGG: Manic Game Girl
SLES-01594;Michael Owen's World League Soccer '99
SLES-03931;Michael Schumacher Racing World Kart 2002
SLES-01545;Michelin Rally Masters: Race of Champions
SLES-02395;Michelin Rally Masters: Race of Champions
SLUS-01229;Michelin Rally Masters: Race of Champions
SLPS-02502;Michinoku Hitou Koi Monogatari Kai
SCES-00163;Mickey's Wild Adventure (EDC)
SLPS-01111;Micro Machines
SLUS-00559;Micro Machines V3
SLES-00016;Micro Machines V3 (EDC)
SLES-01921;Micro Maniacs
SLES-02499;Midnight in Vegas
SLES-00590;Midnight Run: Road Fighter 2
SLPM-86022;Midnight Run: Road Fighter 2
SLPS-01312;Midori no Makibao: Kuroi Inazuma Shiroi Kiseki
SLPS-00583;Mighty Hits
SLES-02244;Mighty Hits Special
SLPS-02165;Mighty Hits Special
SLPS-01611;Mikagura Shoujo Tanteidan (Disc 1) (Honpen Disc Ichi)
SLPS-01612;Mikagura Shoujo Tanteidan (Disc 2) (Honpen Disc Ni)
SLPS-01613;Mikagura Shoujo Tanteidan (Disc 3) (Intermission Disc)
SLPS-01614;Mikagura Shoujo Tanteidan (Disc 4) (Special Disc)
SLPM-80283;Mikagura Shoujo Tanteidan / Neko Zamurai
SLES-02839;Mike Tyson Boxing
SLUS-01162;Mike Tyson Boxing
SLPS-91481;Milano no Arubaito Collection [PSOne Books]
SLPS-03367;Milky Season
SLES-02826;Mille Miglia
SLES-01716;Millennium Soldier: Expendable
SLPM-80397;Million Classic (Disc 1) (Honpen Game Sen'you)
SLPS-01609;Million Classic (Disc 1) (Honpen Game Sen'you)
SLPM-80398;Million Classic (Disc 2) (Taisen Game Sen'you)
SLPS-01610;Million Classic (Disc 2) (Taisen Game Sen'you)
SLES-03588;Millionen Show, Die
SLPS-00951;Minakata Hakudou Toujou (Disc 1)
SLPS-00952;Minakata Hakudou Toujou (Disc 2)
SLPM-87201;Mini Moni: Dice de Pyon! [PSOne Books]
SLPS-01078;Mini Yonku Bakusou Kyoudai Let's & Go!! WGP Hyper Heat
SLPS-91091;Mini Yonku Bakusou Kyoudai Let's & Go!! WGP Hyper Heat
SLPM-87015;Mini-Moni. Dice de Pyon!
SLPM-87079;Mini-Moni. Shakatto Tambourine! da Pyon!
SLPM-87132;Mini-Moni. Shakatto Tambourine! da Pyon!
SLPM-87195;Mini-Moni. Step Pyon Pyon Pyon
SLPS-03554;Minna Atsumare! Igo Kyoushitsu
PAPX-90018;Minna no Golf
PAPX-90019;Minna no Golf
PCPX-96076;Minna no Golf
SCPS-10042;Minna no Golf
SCPS-45096;Minna no Golf
SCPS-91126;Minna no Golf
SCPS-10093;Minna no Golf 2
SCPS-45421;Minna no Golf 2
SCPS-91197;Minna no Golf 2
SLPS-03186;Minna no Kanji Kyoushitsu: Chousen! Kanji Kentei
SLPS-03279;Minna no Shiiku Kyoushitsu: Kuwagata-hen
SLPM-87025;Minna no Takaramono: Watashi no Licca-chan: Otetsudai o Shiyou
SLPS-03491;Minnya de Ghost Hunter
SLPS-01132;Minton Keibu no Sousa File: Doukeshi Satsujin Jiken
SLPS-02150;Minton Keibu no Sousa File: Doukeshi Satsujin Jiken
SCED-01189;MIP Club Demo 01
SCED-01190;MIP Club Demo 02
SLPS-01227;Miracle Jim no Bassing Beat
SCPS-45241;Miracle Jumpers
SLPS-01224;Miracle Jumpers
SLES-04057;Miracle Space Race
SLUS-01556;Miracle Space Race
SLPS-00110;Miracle World: Fushigi no Kuni no IQ Meiro
SLPS-02143;Mirano no Arbeit Collection
PCPX-96132;MiruMiru PlayStation Vol. 28
PCPX-96139;MiruMiru PlayStation Vol. 29
PCPX-96144;MiruMiru PlayStation Vol. 31
PCPX-96155;MiruMiru PlayStation Vol. 34
PCPX-96053;MiruMiru PlayStation Vol. 4 (Disc 3)
PCPX-96192;MiruMiru PlayStation Vol. 42
PCPX-96196;MiruMiru PlayStation Vol. 43
SLPS-01274;Misa no Mahou Monogatari (Disc 1)
SLPS-01276;Misa no Mahou Monogatari (Disc 1)
SLPS-01275;Misa no Mahou Monogatari (Disc 2)
SLPS-01277;Misa no Mahou Monogatari (Disc 2)
SLES-02795;Misadventures of Tron Bonne, The
SLUS-00896;Misadventures of Tron Bonne, The
SLPS-01474;Misaki Aggressive!
SLUS-01123;Miss Spider's Tea Party
SLES-02245;Missile Command
SLES-02482;Missile Command
SLUS-00992;Missile Command
SLES-03234;Mission, The
SLES-01906;Mission: Impossible
SLUS-01016;Mission: Impossible
SLPS-00047;Missland
SLPS-02104;Missland
SLPS-01715;Missland 2
SLPM-86068;Mitsumete Knight
SLPM-86220;Mitsumete Knight [Konami The Best]
SLPM-86134;Mitsumete Knight R: Daibouken-hen
SLPS-02215;Miyake Yuji Produce: Kiseki no Maya Uranai
SLPS-00806;Mizuki Shigeru no Youkai Butouden
SLPS-01783;Mizzurna Falls
SCUS-94359;MLB 2000
SCUS-94364;MLB 2000 (Demo)
SCUS-94478;MLB 2001
SCUS-94479;MLB 2001 (Demo)
SCUS-94638;MLB 2002
SCUS-94648;MLB 2002 (Demo)
SCUS-94653;MLB 2003
SCUS-94672;MLB 2003 (Demo)
SCUS-94689;MLB 2004
SCUS-94692;MLB 2005
SCUS-94170;MLB 98
SCUS-94233;MLB 99
PAPX-90008;MLB Pennant Race
SCUS-94507;MLB Pennant Race
SLES-02574;Mobil 1 Rally Championship
SLUS-01103;Mobil 1 Rally Championship
SLUS-01469;Mobile Armor
SLES-04087;Mobile Light Force
SLUS-01525;Mobile Light Force
SLPS-02239;Mobile Police Patlabor: Game Edition
SLPS-00035;Mobile Suit Gundam
SLPS-91011;Mobile Suit Gundam
SLPM-80291;Mobile Suit Gundam: Char's Counter Attack
SCPS-45349;Mobile Suit Gundam: Char's Counterattack
SCPS-45362;Mobile Suit Gundam: Char's Counterattack
SLPS-01724;Mobile Suit Gundam: Char's Counterattack
SLPS-03259;Mobile Suit Gundam: Char's Counterattack
SLPS-00920;Mobile Suit Gundam: Perfect One Year War
SLPS-00280;Mobile Suit Gundam: Version 2.0
SLPS-00281;Mobile Suit Gundam: Version 2.0
SLPS-91048;Mobile Suit Gundam: Version 2.0
SCPS-45160;Mobile Suit Z Gundam (Disc 1)
SCPS-45161;Mobile Suit Z Gundam (Disc 2)
SLPM-80139;Mobile Suit Z-Gundam
SLPS-01142;Mobile Suit Z-Gundam (Disc 1)
SLPS-03232;Mobile Suit Z-Gundam (Disc 1)
SLPS-01143;Mobile Suit Z-Gundam (Disc 2)
SLPS-03233;Mobile Suit Z-Gundam (Disc 2)
SLPM-87151;Mobile Tomodachi
SLPS-00099;Moero!! Pro Yakyuu '95: Double Header
SLES-02830;MoHo
SLPS-01785;Momotarou Densetsu
SLPS-91171;Momotarou Densetsu
SLPM-87101;Momotarou Densetsu [PSOne Books]
SLPS-01156;Momotarou Dentetsu 7
SLPS-91193;Momotarou Dentetsu 7
SLPM-87257;Momotarou Dentetsu 7 [PSOne Books]
SLPM-87032;Momotarou Dentetsu V
SLPM-87347;Momotarou Dentetsu V
SLPS-02456;Momotarou Dentetsu V
SLPS-02458;Momotarou Dentetsu V
SLPM-86888;Momotarou Matsuri: Ishikawa Rokuemon no Maki
LSP-050101;Mona & Moki 1: Drive Me Wild!
LSP-905017;Mona & Moki 1: Drive Me Wild!
LSP-050102;Mona & Moki 2: Drive Me Wilder!
LSP-905024;Mona & Moki 2: Drive Me Wilder!
SLUS-00834;Monaco Grand Prix
SLES-01691;Monaco Grand Prix Racing Simulation 2
SLPS-02106;Monaco Grand Prix Racing Simulation 2
SLED-01901;Monaco Grand Prix Racing Simulation 2 (Demo)
SCES-03073;Monde des Bleus 2, Le
SLPS-00963;Money Idol Exchanger
SLPS-02644;Money Idol Exchanger
SLES-00979;Monkey Hero
SLES-01803;Monkey Hero
SLES-01965;Monkey Hero
SLES-01966;Monkey Hero
SLUS-00765;Monkey Hero
SLUS-80765;Monkey Hero (Demo)
SLPM-86481;Monkey Hero (Superlite 1500 series)
SLPS-02583;Monkey Magic
SLUS-00930;Monkey Magic
SLPS-03300;Monkey Magic [Value 1500]
SLES-00945;Monopoly
SLPS-00741;Monopoly
SLPS-01682;Monopoly
SLUS-00507;Monopoly
SLUS-01490;Monster Bass
SLPS-02245;Monster Collection: Kamen no Madoushi
SLPS-01870;Monster Complete World
SLPS-02783;Monster Complete World
SLPM-80096;Monster Farm
SLPS-00910;Monster Farm
SLPS-91109;Monster Farm
SLPM-80379;Monster Farm 2
SLPS-01906;Monster Farm 2
SLPS-91199;Monster Farm 2
SLPS-02653;Monster Farm Battle Card
SLPS-03160;Monster Farm Jump
SLPS-02491;Monster Punish
SLPM-86143;Monster Race
SLES-03246;Monster Racer
SCES-02872;Monster Rancher
SLUS-00568;Monster Rancher
SLUS-80568;Monster Rancher (Demo)
SLUS-00917;Monster Rancher 2
SLUS-90071;Monster Rancher 2 (Demo)
SLUS-01178;Monster Rancher Battle Card: Episode II
SLUS-01325;Monster Rancher Hop-A-Bout
SLES-00314;Monster Trucks
SLED-00692;Monster Trucks (Demo)
SLPS-03396;Monsters, Inc.: Monsters Academy
SLES-01540;MonsterSeed
SLPS-01572;MonsterSeed
SLUS-00743;MonsterSeed
SLPS-03281;Monsterseed [Value 1500]
SLES-03813;Monte Carlo Games Compendium (Disc 1) (Rev 1)
SLES-13813;Monte Carlo Games Compendium (Disc 2) (Rev 1)
SLPS-01031;Moon: Remix RPG Adventure
SLPS-91112;Moon: Remix RPG Adventure
SLPM-80150;Moonlight Syndrome
SCPS-45122;Moonlight Syndrome (Disc 1)
SLPS-01001;Moonlight Syndrome (Disc 1)
SLPS-91076;Moonlight Syndrome (Disc 1)
SCPS-45123;Moonlight Syndrome (Disc 2)
SLPS-01002;Moonlight Syndrome (Disc 2)
SLPS-91077;Moonlight Syndrome (Disc 2)
SLES-03846;Moorhen 3: Chicken Chase
SLES-03898;Moorhen 3: Chicken Chase
SLES-03278;Moorhuhn 2: Die Jagd geht weiter
SLES-04122;Moorhuhn Kart
SLES-04174;Moorhuhn X
SLPS-01861;Mori no Oukoku
SLPS-02488;Morita Kazurou no Chess
SLPS-02487;Morita Kazurou no Gomoku Narabe to Renju
SLPS-02486;Morita Kazurou no Hanafuda
SLPS-02588;Morita Kazurou no Mahjong
SLPS-02278;Morita Kazurou no Reversi
SLPS-02277;Morita Kazurou no Shougi Doujou
SLPS-01119;Morita Shougi
SLPM-86130;Moritaka Chisato: Safari Tokyo (Disc 1)
SLPM-86131;Moritaka Chisato: Safari Tokyo (Disc 2)
SLES-02712;Mort the Chicken
SLUS-01021;Mort the Chicken
SCES-00060;Mortal Kombat 3
SCUS-94201;Mortal Kombat 3
SIPS-60006;Mortal Kombat 3
SLUS-01126;Mortal Kombat 3
SLES-01349;Mortal Kombat 4
SLUS-00605;Mortal Kombat 4
SLPS-00444;Mortal Kombat II
SLES-01020;Mortal Kombat Mythologies: Sub-Zero
SLUS-00476;Mortal Kombat Mythologies: Sub-Zero
SLES-00528;Mortal Kombat Trilogy
SLPS-00791;Mortal Kombat Trilogy
SLUS-00330;Mortal Kombat Trilogy
SLES-02509;Mortal Kombat Trilogy (Midway Classics)
SLES-02338;Mortal Kombat: Special Forces
SLUS-00824;Mortal Kombat: Special Forces
SLES-02954;Moses: Prince of Egypt
SLPS-01163;Moto Racer
SLUS-00498;Moto Racer
SLED-01005;Moto Racer (Demo)
SLES-00469;Moto Racer (EDC)
SLES-01184;Moto Racer 2
SLPS-02040;Moto Racer 2
SLUS-00738;Moto Racer 2
SLED-01552;Moto Racer 2 (Demo)
SCES-03037;Moto Racer World Tour
SLUS-01321;Moto Racer World Tour
SLES-03325;Motocross Mania
SLUS-01357;Motocross Mania
SLES-04098;Motocross Mania 2
SLUS-01531;Motocross Mania 2
SLES-00310;Motor Mash
SCPS-10001;Motor Toon Grand Prix
SCUS-94355;Motor Toon Grand Prix
SCES-00245;Motor Toon Grand Prix 2
SCPS-10018;Motor Toon Grand Prix 2 (Disc 1)
SCPS-10019;Motor Toon Grand Prix 2 (Disc 2) (Taisen Sen'you Disc)
SCPS-91027;Motor Toon Grand Prix: USA Edition
SLES-00556;Motorhead
SLUS-00717;Motorhead
SLPS-01242;Motteke Tamago with Ganbare! Kamonohashi
SLPS-03321;Motto Trump Shiyou yo! i-Mode de Grand Prix
SLPS-01796;Motto! Nyan to Wonderful 2
SLPS-00674;Mouja
SLPS-02252;Mouja
SLPS-01285;Mouri Motonari: Chikai no Sanshi
SLPM-86994;Mouri Motonari: Chikai no Sanshi Mouri [Koei Teiban Series]
SLPM-86301;Mouri Motonari: Chikai no Sanshi Mouri [Koei the Best]
SCPS-45259;Mr Driller
SCES-02771;Mr. Driller
SLPS-02600;Mr. Driller
SLUS-01111;Mr. Driller
SLPS-03336;Mr. Driller G
SLPS-02226;Mr. Prospector: Horiate-kun
SCES-03086;Ms Pac-Man: Maze Madness
SCES-03087;Ms Pac-Man: Maze Madness
SCES-03085;Ms. Pac-Man Maze Madness
SLPS-03000;Ms. Pac-Man Maze Madness
SLUS-90080;Ms. Pac-Man Maze Madness (Demo)
SLUS-01018;Ms. Pac-Man Maze Madness (Rev 1)
SLPS-01467;MTB Dirt Cross
SLES-03967;MTV Celebrity Deathmatch
SLUS-01453;MTV Celebrity Deathmatch
SLUS-01006;MTV Music Generator
SLES-03162;MTV Sports: Pure Ride
SLUS-01231;MTV Sports: Pure Ride
SLED-03277;MTV Sports: Pure Ride (Demo)
SLUS-90089;MTV Sports: Pure Ride (Demo)
SCUS-01232;MTV Sports: Skateboarding featuring Andy Macdonald
SLES-03133;MTV Sports: Skateboarding featuring Andy Macdonald
SLUS-01232;MTV Sports: Skateboarding featuring Andy Macdonald
SLES-02353;MTV Sports: Snowboarding
SLUS-00990;MTV Sports: Snowboarding
SLED-02412;MTV Sports: Snowboarding (Demo)
SLES-03430;MTV Sports: T.J. Lavin's Ultimate BMX
SLUS-01233;MTV Sports: T.J. Lavin's Ultimate BMX
SLES-02973;Mummy, The
SLUS-01187;Mummy, The
SLES-03870;Mundial 2002 Challenge
SCES-02403;Muppet Monster Adventure
SCES-03090;Muppet Monster Adventure
SCES-03091;Muppet Monster Adventure
SCES-03092;Muppet Monster Adventure
SCES-03093;Muppet Monster Adventure
SLUS-01238;Muppet Monster Adventure
SCES-02008;Muppet RaceMania
SCES-02483;Muppet RaceMania
SCES-02484;Muppet RaceMania
SCES-02485;Muppet RaceMania
SCES-02486;Muppet RaceMania
SLUS-01237;Muppet RaceMania
SLPM-80253;Murakoshi Seikai no Bakuchou Nihon Rettou
SLPS-01392;Murakoshi Seikai no Bakuchou Nihon Rettou
SLPS-02279;Murakoshi Seikai no Bakuchou Nihon Rettou
SLPS-02890;Murakoshi Seikai no Bakuchou Nihon Rettou 2
SLPS-01988;Murakoshi Seikai no Bakuchou SeaBass Fishing (Disc 1)
SLPS-01989;Murakoshi Seikai no Bakuchou SeaBass Fishing (Disc 2)
SLPS-00375;Mushi no Idokoro
SLPS-91492;Mushi Taro [PSOne Books]
SLPS-02816;Mushitarou
SLES-02224;Music 2000
SLED-02539;Music 2000 (Demo)
SLUS-00425;Music Inspired by Wild 9 (Unl)
SLED-01650;Music: Music Creation for the PlayStation
SLES-01356;Music: Music Creation for the PlayStation
SLPM-86790;Muteki-ou Tri-Zenon
SLUS-01512;My Disney Kitchen
SLPS-00996;My Dream: On Air ga Matenakute (Disc 1)
SLPS-00997;My Dream: On Air ga Matenakute (Disc 2)
SLPS-02213;My Garden
SLPS-00931;My Home Dream
SLPS-91085;My Home Dream
SLPS-91520;My Home Dream
SLPS-03525;My Home Dream 2 Niwatsuki Ikkodate De, Ikou! [Victor The Best]
SLPS-02470;My Home Dream 2: Niwatsuki Ikkodate de, Ikou!
SLPM-80194;Myaon o Sagase
SCUS-94602;Myst
SLES-00218;Myst
SLPS-00024;Myst
SLPS-02924;Myst
SLPS-91023;Myst
SLPS-91123;Myst
SLPM-80392;Mystic Ark: Maboroshi Gekijou
SLPM-86147;Mystic Ark: Maboroshi Gekijou
SLPS-01562;Mystic Mind: Yureru Omoi (Disc 1)
SLPS-01563;Mystic Mind: Yureru Omoi (Disc 2)
SLPM-86217;N Gauge Unten Kibun Game: Gatan Goton
SLPM-86766;N Gauge Unten Kibun Game: Gatan Goton
SLES-02086;N-Gen Racing
SLUS-01155;N-Gen Racing
SLES-00809;N2O: Nitrous Oxide
SLUS-00637;N2O: Nitrous Oxide
SLES-00999;Nagano Winter Olympics '98
SLUS-00591;Nagano Winter Olympics '98
SLPS-00692;Nage Libre: Rasen no Soukoku
SLPS-02500;Nainai no Meitantei
SLPM-86601;Najavu no Daibouken: My Favorite Namjatown
SLPS-01625;Nakajima Miyuki: Namiromu
SLPS-01220;Namco Anthology 1
SLPS-01221;Namco Anthology 2
SCED-00789;Namco Demo
SLUS-90008;Namco Demo CD
SLPS-00765;Namco Museum Encore
SLPS-01050;Namco Museum Encore
SLPS-91163;Namco Museum Encore
SCES-00243;Namco Museum Vol. 1
SLPS-00107;Namco Museum Vol. 1
SLPS-91158;Namco Museum Vol. 1
SLUS-00215;Namco Museum Vol. 1 (Rev 1)
SCES-00267;Namco Museum Vol. 2
SLPS-00209;Namco Museum Vol. 2
SLPS-00210;Namco Museum Vol. 2
SLPS-91159;Namco Museum Vol. 2
SLUS-00216;Namco Museum Vol. 2
SCES-00268;Namco Museum Vol. 3
SLPS-00390;Namco Museum Vol. 3
SLPS-91160;Namco Museum Vol. 3
SLUS-00398;Namco Museum Vol. 3
SCES-00701;Namco Museum Vol. 4
SLPS-00540;Namco Museum Vol. 4
SLPS-91161;Namco Museum Vol. 4
SLUS-00416;Namco Museum Vol. 4
SCES-00702;Namco Museum Vol. 5
SLPS-00705;Namco Museum Vol. 5
SLPS-91162;Namco Museum Vol. 5
SLUS-00417;Namco Museum Vol. 5
SCES-00266;Namco Soccer Prime Goal
SCES-00263;Namco Tennis Smash Court
SLPM-86179;Nanatsu no Hikan (Disc 1)
SLPS-00410;Nanatsu no Hikan (Disc 1)
SLPM-86180;Nanatsu no Hikan (Disc 2)
SLPS-00411;Nanatsu no Hikan (Disc 2)
SLPM-86181;Nanatsu no Hikan (Disc 3)
SLPS-00412;Nanatsu no Hikan (Disc 3)
SLPS-03049;Naniwa Kinyuudou: Aoki Yuji no Seken Munazanyou
SLPS-00768;Naniwa no Akindo: Futte Nanbo no Saikoro Jinsei
SLPM-80301;Naniwa Wangan Battle: Tarzan Yamada & AutoSelect Sawa Kyoudai
SLPS-01206;Naniwa Wangan Battle: Tarzan Yamada & AutoSelect Sawa Kyoudai
SLPS-02535;Naniwa Wangan Battle: Tarzan Yamada & AutoSelect Sawa Kyoudai
SCPS-45073;Nanotek Warrior
SLES-00329;NanoTek Warrior
SLPS-00835;NanoTek Warrior
SLUS-00325;NanoTek Warrior
SLPS-03553;Naruto: Shinobi no Sato no Jintori Gassen
SLES-02191;NASCAR 2000
SLUS-00962;NASCAR 2000
SLUS-01263;NASCAR 2001
SLES-00765;NASCAR 98
SLES-00880;NASCAR 98
SLES-00905;NASCAR 98
SLPS-01295;NASCAR 98
SLUS-00521;NASCAR 98
SLUS-00647;NASCAR 98 Collector's Edition
SLES-01447;NASCAR 99
SLES-01452;NASCAR 99
SLES-01453;NASCAR 99
SLUS-00740;NASCAR 99
SLUS-00883;NASCAR 99 Legacy
SLUS-01166;NASCAR Heat
SLUS-00374;NASCAR Racing
SLPS-00884;NASCAR Racing: Season 96
SLUS-01068;NASCAR Rumble
SLUS-01403;NASCAR Thunder 2002
SLUS-01502;NASCAR Thunder 2003
SLUS-01571;NASCAR Thunder 2004
SLPS-02667;Natsuiro Kenjutsu Komachi
SLPS-03565;Natsuiro Kenjutsu Komachi
SLPS-02665;Natsuiro Kenjutsu Komachi (Disc 1)
SLPS-02666;Natsuiro Kenjutsu Komachi (Disc 2) (Special Disc)
PCPX-96129;Navit
SLPS-01530;Navit
SLPS-02525;Navit
SLPS-00447;Nazoou
SLUS-80473;NBA 2Ball (Demo)
SLES-02299;NBA Basketball 2000
SLUS-00926;NBA Basketball 2000
SLES-01003;NBA Fastbreak '98
SLUS-00492;NBA Fastbreak '98
SLUS-00329;NBA Hangtime
SLES-03362;NBA Hoopz
SLUS-01331;NBA Hoopz
SLES-00171;NBA in the Zone
SLUS-00048;NBA in the Zone
SLUS-00445;NBA in the Zone '98
SLUS-00791;NBA in the Zone '99
SLES-00560;NBA in the Zone 2
SLUS-00294;NBA in the Zone 2
SLES-02513;NBA in the Zone 2000
SLUS-01028;NBA in the Zone 2000
SLES-00529;NBA Jam Extreme
SLPS-00699;NBA Jam Extreme
SLUS-00388;NBA Jam Extreme
SLES-00068;NBA Jam: Tournament Edition
SLPS-00199;NBA Jam: Tournament Edition
SLUS-00002;NBA Jam: Tournament Edition
SLES-02358;NBA Live 2000
SLES-02359;NBA Live 2000
SLES-02360;NBA Live 2000
SLES-02361;NBA Live 2000
SLES-02362;NBA Live 2000
SLPS-02603;NBA Live 2000
SLUS-00998;NBA Live 2000
SLES-03128;NBA Live 2001
SLES-03129;NBA Live 2001
SLES-03130;NBA Live 2001
SLES-03131;NBA Live 2001
SLES-03132;NBA Live 2001
SLUS-01271;NBA Live 2001
SLES-03718;NBA Live 2002
SLES-03719;NBA Live 2002
SLES-03720;NBA Live 2002
SLES-03721;NBA Live 2002
SLES-03722;NBA Live 2002
SLUS-01416;NBA Live 2002
SLES-03968;NBA Live 2003
SLES-03969;NBA Live 2003
SLES-03970;NBA Live 2003
SLES-03971;NBA Live 2003
SLES-03982;NBA Live 2003
SLUS-01483;NBA Live 2003
SLES-00225;NBA Live 96
SLPS-00389;NBA Live 96
SLUS-00060;NBA Live 96
SLES-00517;NBA Live 97
SLPS-00736;NBA Live 97
SLUS-00267;NBA Live 97
SLES-00906;NBA Live 98
SLES-00951;NBA Live 98
SLES-00952;NBA Live 98
SLPM-80226;NBA Live 98
SLPS-01296;NBA Live 98
SLUS-00523;NBA Live 98
SLES-01446;NBA Live 99
SLES-01454;NBA Live 99
SLES-01455;NBA Live 99
SLES-01456;NBA Live 99
SLES-01457;NBA Live 99
SLPS-02033;NBA Live 99
SLUS-00736;NBA Live 99
SLPS-00188;NBA Power Dunkers
SLPM-86011;NBA Power Dunkers 2
SLPM-86060;NBA Power Dunkers 3
SLPM-86176;NBA Power Dunkers 4
SLPM-86397;NBA Power Dunkers 5
SLES-00882;NBA Pro 98
SLES-01970;NBA Pro 99
SCUS-94500;NBA Shoot Out
SCUS-94552;NBA Shoot Out '97
SCUS-94561;NBA ShootOut 2000
SCUS-94582;NBA ShootOut 2001
SCUS-94581;NBA ShootOut 2001 (Demo)
SCUS-94641;NBA ShootOut 2002
SCUS-94660;NBA ShootOut 2002 (Demo)
SCUS-94673;NBA ShootOut 2003
SCUS-94691;NBA ShootOut 2004
SCUS-94171;NBA ShootOut 98
SLES-02336;NBA Showtime: NBA on NBC
SLUS-00948;NBA Showtime: NBA on NBC
SLUS-00142;NCAA Basketball Final Four 97
SCUS-94562;NCAA Final Four 2000
SCUS-94391;NCAA Final Four 2000 (Demo)
SCUS-94579;NCAA Final Four 2001
SCUS-94264;NCAA Final Four 99
SCUS-94361;NCAA Final Four 99
SLUS-00932;NCAA Football 2000 (Rev 1)
SLUS-01219;NCAA Football 2001
SLUS-00514;NCAA Football 98
SLUS-00688;NCAA Football 99
SCUS-94509;NCAA Football GameBreaker
SCUS-94557;NCAA GameBreaker 2000
SCUS-94386;NCAA GameBreaker 2000 (Demo)
SCUS-94573;NCAA GameBreaker 2001
SCUS-94574;NCAA GameBreaker 2001 (Demo)
SCUS-94172;NCAA GameBreaker 98
SCUS-94246;NCAA GameBreaker 99
SCUS-94375;NCAA GameBreaker 99 (Demo)
SLUS-01023;NCAA March Madness 2000
SLUS-01320;NCAA March Madness 2001
SLUS-00805;NCAA March Madness 99
SLES-03495;Necronomicon: Das Mysterium der Daemmerung (Disc 1)
SLES-13495;Necronomicon: Das Mysterium der Daemmerung (Disc 2)
SLES-03497;Necronomicon: El Alba de las Tinieblas (Disc 1)
SLES-13497;Necronomicon: El Alba de las Tinieblas (Disc 2)
SLES-03496;Necronomicon: Ispirato alle opere di H.P. Lovecraft (Disc 1)
SLES-13496;Necronomicon: Ispirato alle opere di H.P. Lovecraft (Disc 2)
SLES-03494;Necronomicon: L'Aube des Tenebres (Disc 1)
SLES-13494;Necronomicon: L'Aube des Tenebres (Disc 2)
SLES-03498;Necronomicon: O Despertar das Trevas (Disc 1)
SLES-13498;Necronomicon: O Despertar das Trevas (Disc 2)
SLES-03493;Necronomicon: The Dawning of Darkness (Disc 1)
SLES-13493;Necronomicon: The Dawning of Darkness (Disc 2)
SLPS-01245;Nectaris
SLUS-00764;Nectaris: Military Madness
SLES-00658;Need for Speed II
SLUS-00276;Need for Speed II
SLES-01154;Need for Speed III: Hot Pursuit
SLUS-00620;Need for Speed III: Hot Pursuit
SLES-01876;Need for Speed: High Stakes
SLUS-00826;Need for Speed: High Stakes
SLES-02689;Need for Speed: Porsche 2000
SLES-02700;Need for Speed: Porsche 2000
SLUS-01104;Need for Speed: Porsche Unleashed
SLES-01788;Need for Speed: Road Challenge
SLES-01789;Need for Speed: Road Challenge
SLES-01790;Need for Speed: Road Challenge
SLUS-00590;Need for Speed: V-Rally
SLUS-01003;Need for Speed: V-Rally 2
SLPS-00006;Nekketsu Oyako
SLPS-01616;Neko na Ka-N-Ke-I
SLPS-91524;Neko na Kankei [PSOne Books]
SLPS-01543;Neko Zamurai (Disc 1)
SLPS-01544;Neko Zamurai (Disc 2)
SLPS-01545;Neko Zamurai (Disc 3)
SLPS-02597;Nemuru Mayu
SLPM-80230;Neo Atlas
SLPS-01212;Neo Atlas
SLPS-91117;Neo Atlas
SLPS-02238;Neo Atlas II
SLPS-02974;Neo Atlas II
SLPM-80282;Neo Atlas: Famitsuu no Nazo
SLPS-00323;Neo Planet
PAPX-90051;Neon Genesis Evangelion: Original Screen Saver
SLPS-00823;Neorude (Disc 1) (Game Disc)
SLPS-00824;Neorude (Disc 2) (Special Disc)
SLPS-02212;Neorude [Technosoft Collection]
SLPS-01112;Neorude 2
SLPS-02254;Neorude 2 [Technosoft Collection]
SLPS-02417;Neorude: Kizamareta Monshou
SLPS-00913;Nessa no Hoshi (Disc 1)
SLPS-00914;Nessa no Hoshi (Disc 2)
DTL-S3030;Net Yarou ze Kidou Disc: Version 1.0
SLED-01340;Net Yaroze (Demo)
DTL-S3035;Net Yaroze Boot Disc
SLPM-86163;Netz Magazine: Altezza
SLPM-80377;Netz Magazine: Vitz
SLPS-02559;Neues
SLPS-02981;Neues [Escot Original Best-Ban]
SLES-03659;Newcomer: Be a Popstar
SLES-00933;Newman Haas Racing
SLUS-00602;Newman Haas Racing
SLED-01196;Newman Haas Racing (Demo)
SLED-02022;Next Demo 4
SLED-02076;Next Demo 5
SLED-02041;Next Demo 6
SLED-02156;Next Demo 7
SLED-02157;Next Demo 9
SLPS-00858;Next King: Koi no Sennen Oukoku
SLPS-00859;Next King: Koi no Sennen Oukoku
SLED-01750;Next Station 1
SLED-01873;Next Station 2
SLED-01953;Next Station 3
SLES-01987;Next Tetris, The
SLUS-00862;Next Tetris, The
SLED-01512;Next Wave Herbst '98
SLUS-00617;NFL Blitz
SLES-02335;NFL Blitz 2000
SLUS-00861;NFL Blitz 2000
SLUS-01146;NFL Blitz 2001
SLUS-00047;NFL Full Contact
SCES-00219;NFL GameDay
SCUS-94505;NFL GameDay
SCUS-94556;NFL GameDay 2000
SCUS-94385;NFL GameDay 2000 (Demo)
SCUS-94575;NFL GameDay 2001
SCUS-94576;NFL GameDay 2001 (Demo)
SCUS-94639;NFL GameDay 2002
SCUS-94665;NFL GameDay 2003
SCUS-94690;NFL GameDay 2004
SCUS-94695;NFL GameDay 2005
SCUS-94510;NFL GameDay 97
SCUS-94173;NFL GameDay 98
SCUS-94274;NFL GameDay 99
SCUS-94285;NFL GameDay 99 (Demo)
SCUS-94234;NFL GameDay 99 (Rev 1)
SLPS-00221;NFL Quarterback Club '96
SLES-00449;NFL Quarterback Club 97
SLUS-00011;NFL Quarterback Club 97
SCES-01490;NFL Xtreme
SCUS-94245;NFL Xtreme
SCUS-94271;NFL Xtreme (Demo)
SCUS-94420;NFL Xtreme 2
SCUS-94383;NFL Xtreme 2 (Demo)
SLES-02225;NHL 2000
SLES-02226;NHL 2000
SLES-02227;NHL 2000
SLUS-00965;NHL 2000
SLES-03139;NHL 2001
SLES-03154;NHL 2001
SLES-03155;NHL 2001
SLUS-01264;NHL 2001
SLES-00492;NHL 97
SLES-00533;NHL 97
SLPS-00861;NHL 97
SLUS-00030;NHL 97
SLES-00512;NHL 98
SLES-00907;NHL 98
SLUS-00519;NHL 98
SLES-01445;NHL 99
SLES-01458;NHL 99
SLUS-00735;NHL 99
SLES-02514;NHL Blades of Steel 2000
SLPM-86193;NHL Blades of Steel 2000
SLUS-00825;NHL Blades of Steel 2000
SLES-00624;NHL Breakaway 98
SLUS-00391;NHL Breakaway 98
SLES-02298;NHL Championship 2000
SLUS-00925;NHL Championship 2000
SCES-00220;NHL Face Off
SCUS-94504;NHL Face Off
SCES-00392;NHL Face Off '97
SCUS-94550;NHL Face Off '97
SCES-02451;NHL FaceOff 2000
SCUS-94558;NHL FaceOff 2000
SCUS-94387;NHL FaceOff 2000 (Demo)
SCUS-94577;NHL FaceOff 2001
SCUS-94578;NHL FaceOff 2001 (Demo)
SCES-01022;NHL FaceOff 98
SCUS-94174;NHL FaceOff 98
SCES-01736;NHL FaceOff 99
SCUS-94235;NHL FaceOff 99
SCUS-94372;NHL FaceOff 99 (Demo)
SLUS-00327;NHL Open Ice: 2 on 2 Challenge
SLES-00313;NHL Powerplay
SLPS-00595;NHL Powerplay '96
SLUS-00227;NHL Powerplay '96
SLES-00418;NHL Powerplay 98
SLUS-00528;NHL Powerplay 98
SIPS-60018;NHL PowerRink '97
SLES-02794;NHL Rock the Rink
SLUS-01085;NHL Rock the Rink
SLPS-00721;Nibiiro no Koubou: 32-nin no Senshachou
SLPS-02321;Nibiiro no Koubou: 32-nin no Senshachou
SLES-02960;Nice Cats
SLPS-03351;Nice Price Series Vol. 01: Nihon Pro Mahjong Renmei Kounin: Honkaku Pro Mahjong
SLPS-03352;Nice Price Series Vol. 02: Honkaku Shougi Shinan
SLPS-03369;Nice Price Series Vol. 03: Hanafuda & Card Game
SLPS-03368;Nice Price Series Vol. 04: Billiard King
SLPS-03383;Nice Price Series Vol. 05: Chess & Reversi
SLPS-03384;Nice Price Series Vol. 06: Quiz de Battle
SLPS-03398;Nice Price Series Vol. 07: World Tournament Bowling
SLPS-03399;Nice Price Series Vol. 08: Elemental Pinball
SLPS-03409;Nice Price Series Vol. 09: Paradise Casino
SLPS-03410;Nice Price Series Vol. 10: Igo o Utou!
SLPS-03431;Nice Price Series Vol. 11: Nikakudori Deluxe
SLPS-00184;Nichibutsu Arcade Classics
SLPS-00038;Nichibutsu Mahjong: Joshikou Meijinsen
SLES-04173;Nick Jr. Dora the Explorer: Barnyard Buddies
SLUS-01576;Nick Jr. Dora the Explorer: Barnyard Buddies
SLES-03343;Nickelodeon Les Razmoket a Paris: Le Film
SLES-03545;Nickelodeon Les Razmoket: 100% Angelica
SLES-01669;Nickelodeon Les Razmoket: A la Recherche de Reptar
SLES-02524;Nickelodeon Les Razmoket: Font leur Cinema
SLES-03732;Nickelodeon Rocket Power: Sauvetage Extreme
SLES-03702;Nickelodeon Rocket Power: Team Rocket Rescue
SLUS-01353;Nickelodeon Rocket Power: Team Rocket Rescue
SLES-03344;Nickelodeon Rugrats en Paris: La pelicula
SLES-03342;Nickelodeon Rugrats in Paris: The Movie
SLUS-01116;Nickelodeon Rugrats in Paris: The Movie
SLES-01671;Nickelodeon Rugrats: Alla Ricerca di Reptar
SLES-01670;Nickelodeon Rugrats: Auf der Suche nach Reptar
SLES-01672;Nickelodeon Rugrats: De Speurtocht naar Reptar
SLES-02911;Nickelodeon Rugrats: Excursion al estudio
SLES-02049;Nickelodeon Rugrats: La Busqueda de Reptar
SLED-01755;Nickelodeon Rugrats: Search for Reptar
SLES-01538;Nickelodeon Rugrats: Search for Reptar
SLUS-00650;Nickelodeon Rugrats: Search for Reptar
SLUS-80650;Nickelodeon Rugrats: Search for Reptar (Demo)
SLES-02523;Nickelodeon Rugrats: Studio Tour
SLES-02525;Nickelodeon Rugrats: Studio Tour
SLES-02912;Nickelodeon Rugrats: Studio Tour
SLUS-00880;Nickelodeon Rugrats: Studio Tour
SLES-03544;Nickelodeon Rugrats: Totally Angelica
SLUS-01364;Nickelodeon Rugrats: Totally Angelica
SLES-03704;Nickelodeon SpongeBob SquarePants: SuperSponge
SLUS-01352;Nickelodeon SpongeBob SquarePants: SuperSponge
SLES-03153;Nicktoons Racing
SLUS-01047;Nicktoons Racing
SLPS-00111;Night Head: The Labyrinth
SLPM-87048;Night Raid
SLPS-00050;Night Striker
PCPX-96101;Nightmare Creatures
SCES-00582;Nightmare Creatures
SCES-00684;Nightmare Creatures
SIPS-60027;Nightmare Creatures
SLUS-00582;Nightmare Creatures
SLUS-90011;Nightmare Creatures (Demo)
SLES-02751;Nightmare Creatures II
SLUS-01112;Nightmare Creatures II
SLPS-01045;Nightmare Project: Yakata (Disc 1)
SLPS-01046;Nightmare Project: Yakata (Disc 2)
SLPS-01047;Nightmare Project: Yakata (Disc 3)
SLPS-00561;Nightruth: Explanation of the Paranormal: 'Yami no Tobira'
SLPM-80086;Nihon Pro Golf Kyoukai Kanshuu: Double Eagle
SLPS-01667;Nihon Pro Golf Kyoukai Kanshuu: Double Eagle
SLPS-02796;Nihon Pro Golf Kyoukai Kanshuu: Double Eagle
SLPS-00793;Nihon Pro Mahjong Renmei Kounin: Doujou Yaburi
SLPS-03128;Nihon Pro Mahjong Renmei Kounin: Doujou Yaburi 2
SLPS-01653;Nihon Pro Mahjong Renmei Kounin: Honkaku Pro Mahjong: Shin Tetsuman
SLPS-02802;Nihon Pro Mahjong Renmei Kounin: Honkaku Pro Mahjong: Shin Tetsuman
SLPS-01826;Nihon Pro Mahjong Renmei Kounin: Tehodoki Mahjong Nyuumon-hen
SLPS-02853;Nihon Pro Mahjong Renmei Kounin: Tehodoki Mahjong Nyuumon-hen
SLPM-86575;Nihon Sumou Kyoukai Kounin: Nihon Oozumou
SLPM-87039;Nijiiro Dodgeball: Otome-tachi no Seishun
SLPS-01506;Nijiiro Twinkle: Guru Guru Daisakusen
SLPS-02971;Nijiiro Twinkle: Guruguru Daisakusen [ASCII Casual Collection]
SLPS-02854;Ningyo no Rakuin
SLPM-80074;Ninja Jajamaru-kun: Onigiri Ninpouchou
SLPS-00494;Ninja Jajamaru-kun: Onigiri Ninpouchou
SLES-00757;Ninja: L'Ombre des Tenebres
SLES-00756;Ninja: Shadow of Darkness
SLES-00758;Ninja: Shadow of Darkness
SLES-01554;Ninja: Shadow of Darkness
SLUS-00435;Ninja: Shadow of Darkness
SLED-01413;Ninja: Shadow of Darkness (Demo 1)
SLED-01414;Ninja: Shadow of Darkness (Demo 2)
SLPS-00172;Ninkuu
SLPS-03493;Ninpuu Sentai Hurricanger
SLPS-01757;Ninteiou: Zen Nihon Tsume Shougi Renmei Kaichou Okada Toshi no Tsume Shougi Kyoushitsu
SLPS-00658;Nippon Golf Kyoukai Kanshuu: Double Eagle
SLPM-86917;Nippon Ichi Mahjong: Souryuu
SLPS-02356;Nippon Pro Mahjong Renmei Kounin: Doujou Yaburi [Reprint]
SLPS-02484;Nippon Pro Mahjong Renmei Kounin: Doujou Yaburi 2
SLPM-86846;Nippon Sumo Kyoukai Kounin: Nihon Ohzumo [Konami the Best]
SLPM-80003;Nise Flopon-kun P! Famitsuu Nottori Version
SLPS-02175;Nishijin Pachinko Tengoku EX
SLPS-00614;Nishijin Pachinko Tengoku Vol. 1
SLPS-00886;Nishijin Pachinko Tengoku Vol. 2
SLPS-01761;Nishijin Pachinko Tengoku Vol. 3
SLPS-03268;Nishijin Pachinko Tettei Kouryaku: CR Hanaman Sokuhou & CR Obake Land
SLPM-80160;Nissan Presents: Over Drivin': Skyline Memorial
SLPS-01024;Nissan Presents: Over Drivin': Skyline Memorial
SLUS-01000;No Fear Downhill Mountain Bike Racing
SLES-00849;No Fear Downhill Mountain Biking
SLED-02450;No Fear Downhill Mountain Biking (Demo)
SLES-01354;No One Can Stop Mr. Domino
SLUS-00804;No One Can Stop Mr. Domino
SLUS-80804;No One Can Stop Mr. Domino (Demo)
SLPS-00265;No-Appointment Gals Olympos
SLPS-00493;No-appointment Gals Olympos: Apo Nashi Gals Olympos
SLPM-86609;NOÃ«L 3: Mission on the Line (Disc 1)
SLPS-01895;NOÃ«L 3: Mission on the Line (Disc 1)
SLPM-86610;NOÃ«L 3: Mission on the Line (Disc 2)
SLPS-01896;NOÃ«L 3: Mission on the Line (Disc 2)
SLPM-86611;NOÃ«L 3: Mission on the Line (Disc 3)
SLPS-01897;NOÃ«L 3: Mission on the Line (Disc 3)
SLPS-01190;NOÃ«L: La Neige (Disc 1)
SLPS-01193;NOÃ«L: La Neige (Disc 1)
SLPS-01191;NOÃ«L: La Neige (Disc 2)
SLPS-01194;NOÃ«L: La Neige (Disc 2)
SLPS-01192;NOÃ«L: La Neige (Disc 3)
SLPS-01195;NOÃ«L: La Neige (Disc 3)
SLPS-01515;NOÃ«L: La Neige Special
SLPS-00304;NOÃ«L: Not Digital (Disc 1)
SLPS-00316;NOÃ«L: Not Digital (Disc 1)
SLPS-91043;NOÃ«L: Not Digital (Disc 1)
SLPS-00305;NOÃ«L: Not Digital (Disc 2)
SLPS-00317;NOÃ«L: Not Digital (Disc 2)
SLPS-91044;NOÃ«L: Not Digital (Disc 2)
SLPS-00862;Nobunaga Hiroku: Geten no Yume
SLPM-87181;Nobunaga No Yabou Tenshoki [Koei the Best]
SLPM-86152;Nobunaga No Yabou Tenshoki [PlayStation the Best]
SLPM-86174;Nobunaga no Yabou: Bushou Fuunroku
SLPM-86604;Nobunaga no Yabou: Bushou Fuuunroku
SLPM-86992;Nobunaga no Yabou: Haouden
SLPS-00106;Nobunaga no Yabou: Haouden
SLPS-91022;Nobunaga no Yabou: Haouden
SLPM-86300;Nobunaga no Yabou: Reppuuden
SLPM-86887;Nobunaga no Yabou: Reppuuden [PlayStation the Best]
SLPM-87320;Nobunaga no Yabou: Reppuuden [with Power Up Kit] [Koei the Best]
SLPM-86483;Nobunaga no Yabou: Reppuuden with Power-Up Kit
SLPS-00423;Nobunaga no Yabou: Returns
SLPM-86169;Nobunaga no Yabou: Returns [Koei Teiban Series]
SLPS-01247;Nobunaga no Yabou: Sengoku Gunyuuden
SLPM-86606;Nobunaga no Yabou: Sengouku Gunyuuden [Koei Teiban Series]
SLPM-86376;Nobunaga no Yabou: Shouseiroku
SLPS-01115;Nobunaga no Yabou: Shouseiroku
SLPM-87233;Nobunaga no Yabou: Shouseiroku [Koei Teiban Series]
SLPM-86286;Nobunaga no Yabou: Shouseiroku [with Power-Up Kit] [Koei Summer Campaign]
SLPM-86194;Nobunaga no Yabou: Shouseiroku with Power-Up Kit
SLPS-00319;Nobunaga no Yabou: Tenshouki
SLPS-00980;Nobunaga no Yabou: Tenshouki with Power-Up Kit
SLPS-01210;Nobunaga no Yabou: Zengokuban
SLPM-86605;Nobunaga no Yabou: Zenkokuban
SLPS-00337;Nobunaga Shippuuki: Kirameki
SLES-03529;Noddy: Una Aventura Magica
SLES-02878;Noddy's Magic Adventure
SLPM-86063;Noon
SLUS-00466;Norse by Norsewest: The Return of the Lost Vikings
SLPS-00274;Not Treasure Hunter
SLES-00749;Note, The
SCES-00011;Novastorm (Disc 1)
SCUS-94404;Novastorm (Disc 1)
SLPS-00314;Novastorm (Disc 1)
SCES-10011;Novastorm (Disc 2)
SCUS-94407;Novastorm (Disc 2)
SLPS-00315;Novastorm (Disc 2)
SLPS-02009;Novels: Game Center Arashi R
SLES-00919;Nuclear Strike
SLES-00920;Nuclear Strike
SLES-00921;Nuclear Strike
SLUS-00518;Nuclear Strike
SLUS-80518;Nuclear Strike
SLUS-90006;Nuclear Strike (Demo)
SLPM-86880;Nukumori no Naka de: In the Warmth
SLPS-00294;NuPa: Numeric Paint Puzzle
SLPS-01939;Nurse Story
SLPS-03223;Nya Nyan Ga Nyan: Light Fantasy Gaiden (Best Price 2500)
SLPS-00442;Nyan to Wonderful
SLPS-91047;Nyan to Wonderful
SLES-01391;O.D.T.
SLES-01409;O.D.T.
SLES-01410;O.D.T.
SLES-01411;O.D.T.
SLES-01412;O.D.T.
SLUS-00698;O.D.T.
SLED-01574;O.D.T. (Demo)
SLED-01575;O.D.T. (Demo)
SLUS-90043;O.D.T. (Demo)
SLPS-01899;Oasis Road
SLPM-86681;Ocha no Ma Battle
SLPM-86337;Oda Nobunaga Den
SLPS-01595;Oda Nobunaga Den
SLPM-87042;Oda Nobunaga Den [Koei Teiban Series]
SLES-01480;Oddworld: Abe's Exoddus (Disc 1)
SLES-01503;Oddworld: Abe's Exoddus (Disc 1)
SLES-01504;Oddworld: Abe's Exoddus (Disc 1)
SLES-01505;Oddworld: Abe's Exoddus (Disc 1)
SLUS-00710;Oddworld: Abe's Exoddus (Disc 1)
SLES-11480;Oddworld: Abe's Exoddus (Disc 2)
SLES-11503;Oddworld: Abe's Exoddus (Disc 2)
SLES-11504;Oddworld: Abe's Exoddus (Disc 2)
SLES-11505;Oddworld: Abe's Exoddus (Disc 2)
SLUS-00731;Oddworld: Abe's Exoddus (Disc 2)
SLED-01608;Oddworld: Abe's Exoddus + Duke Nukem: Time To Kill + B-Movie (Demo)
SLED-01655;Oddworld: Abe's Exoddus + Duke Nukem: Time to Kill + Duke Nukem: 3D
SLES-00664;Oddworld: Abe's Oddysee
SLES-00839;Oddworld: Abe's Oddysee
SLES-00840;Oddworld: Abe's Oddysee
SLES-00841;Oddworld: Abe's Oddysee
SLUS-00190;Oddworld: Abe's Oddysee
SLED-00725;Oddworld: Abe's Oddysee (Demo)
SLUS-90004;Oddworld: Abe's Oddysee (Demo)
SLES-01502;Oddworld: L'Exode d'Abe (Disc 1)
SLES-11502;Oddworld: L'Exode d'Abe (Disc 2)
SLES-00838;Oddworld: L'Odyssee d'Abe
SLPM-80075;Odo Odo Oddity
SLPS-00754;Odo Odo Oddity
SLES-00047;Off-World Interceptor Extreme
SLPS-00122;Off-World Interceptor Extreme
SLUS-00020;Off-World Interceptor Extreme
SCZS-94106;Official Fan Book: Circadia: Special CD-ROM
SCED-03375;Official PlayStation Magazine Best Games Ever 2000
SCED-02122;Official PlayStation Magazine Platinum Special Demo
SCUS-94189;Official U.S. PlayStation Magazine Demo Disc 01
SCUS-94198;Official U.S. PlayStation Magazine Demo Disc 02
SCUS-94210;Official U.S. PlayStation Magazine Demo Disc 03
SCUS-94211;Official U.S. PlayStation Magazine Demo Disc 04
SCUS-94212;Official U.S. PlayStation Magazine Demo Disc 05
SCUS-94213;Official U.S. PlayStation Magazine Demo Disc 06
SCUS-94214;Official U.S. PlayStation Magazine Demo Disc 07
SCUS-94215;Official U.S. PlayStation Magazine Demo Disc 08
SCUS-94216;Official U.S. PlayStation Magazine Demo Disc 09
SCUS-94217;Official U.S. PlayStation Magazine Demo Disc 10
SCUS-94218;Official U.S. PlayStation Magazine Demo Disc 11
SCUS-94219;Official U.S. PlayStation Magazine Demo Disc 12
SCUS-94275;Official U.S. PlayStation Magazine Demo Disc 13
SCUS-94276;Official U.S. PlayStation Magazine Demo Disc 14
SCUS-94277;Official U.S. PlayStation Magazine Demo Disc 15
SCUS-94278;Official U.S. PlayStation Magazine Demo Disc 16
SCUS-94279;Official U.S. PlayStation Magazine Demo Disc 17
SCUS-94280;Official U.S. PlayStation Magazine Demo Disc 18
SCUS-94281;Official U.S. PlayStation Magazine Demo Disc 19
SCUS-94282;Official U.S. PlayStation Magazine Demo Disc 20
SCUS-94429;Official U.S. PlayStation Magazine Demo Disc 21
SCUS-94430;Official U.S. PlayStation Magazine Demo Disc 22
SCUS-94431;Official U.S. PlayStation Magazine Demo Disc 23
SCUS-94432;Official U.S. PlayStation Magazine Demo Disc 24
SCUS-94433;Official U.S. PlayStation Magazine Demo Disc 25
SCUS-94434;Official U.S. PlayStation Magazine Demo Disc 26
SCUS-94435;Official U.S. PlayStation Magazine Demo Disc 27
SCUS-94436;Official U.S. PlayStation Magazine Demo Disc 28
SCUS-94437;Official U.S. PlayStation Magazine Demo Disc 29
SCUS-94438;Official U.S. PlayStation Magazine Demo Disc 30
SCUS-94499;Official U.S. PlayStation Magazine Demo Disc 31
SCUS-94583;Official U.S. PlayStation Magazine Demo Disc 32
SCUS-94591;Official U.S. PlayStation Magazine Demo Disc 33
SCUS-94593;Official U.S. PlayStation Magazine Demo Disc 34
SCUS-94596;Official U.S. PlayStation Magazine Demo Disc 35
SCUS-94599;Official U.S. PlayStation Magazine Demo Disc 36
SCUS-94614;Official U.S. PlayStation Magazine Demo Disc 37
SCUS-94617;Official U.S. PlayStation Magazine Demo Disc 38
SCUS-94622;Official U.S. PlayStation Magazine Demo Disc 39
SCUS-94628;Official U.S. PlayStation Magazine Demo Disc 40
SCUS-94630;Official U.S. PlayStation Magazine Demo Disc 41
SCUS-94631;Official U.S. PlayStation Magazine Demo Disc 42
SCUS-94634;Official U.S. PlayStation Magazine Demo Disc 43 (EDC)
SCUS-94637;Official U.S. PlayStation Magazine Demo Disc 44
SCUS-94645;Official U.S. PlayStation Magazine Demo Disc 45
SCUS-94649;Official U.S. PlayStation Magazine Demo Disc 46
SCUS-94652;Official U.S. PlayStation Magazine Demo Disc 47
SCUS-94655;Official U.S. PlayStation Magazine Demo Disc 48
SCUS-94658;Official U.S. PlayStation Magazine Demo Disc 50
SCUS-94662;Official U.S. PlayStation Magazine Demo Disc 52
SCUS-94664;Official U.S. PlayStation Magazine Demo Disc 54
SCED-03408;Official UK PlayStation Best Games Ever!
SCZS-94101;Official Yarudora Fan Book: Double Cast: CD-ROM Special Data-shuu
SCZS-94102;Official Yarudora Fan Book: Kisetsu o Dakishimete
SCZS-94103;Official Yarudora Fan Book: Sampaguita
SCZS-94104;Official Yarudora Fan Book: Yukiwari no Hana: CD-ROM Special Data-shuu
SLUS-00467;Ogre Battle: Limited Edition
SLPS-02764;Oh No!
SLPS-00093;Oh-chan no Oekaki Logic
SLPS-01568;Oh-chan no Oekaki Logic
SLPS-03116;Oh-chan no Oekaki Logic
SLPS-00345;Oh-chan no Oekaki Logic 2
SLPS-02145;Oh-chan no Oekaki Logic 2
SLPS-03117;Oh-chan no Oekaki Logic 2
SLPS-03134;Oh-chan no Oekaki Logic 3
SCPS-45491;Oh! Bakyuuun
SLPS-02680;Oh! Bakyuuun
SLPM-86603;Oha-Studio Dance Dance Revolution
SLPS-03497;Oja Majo DoReMi Dokkan! Nijiiro ParaDice
SLPM-80255;Ojousama Express
SLPS-01495;Ojousama Express (Disc 1)
SLPS-01496;Ojousama Express (Disc 2)
SLPS-01524;Okappari-ou
SLPS-02931;Olympia Takasago: Virtua Pachi-Slot III [The Best Buy]
SLPS-02932;Olympia Yamasa: Virtua Pachi-Slot II: Jissen! Bishoujo Kouryaku Hou [The Best Buy]
SLPS-01386;Olympia, Takasago: Virtua Pachi-Slot III
SLPS-00714;Olympia, Yamasa: Virtua Pachi-Slot II: Jissen! Bishoujo Kouryakuhou
SLES-00110;Olympic Games
SLES-00113;Olympic Soccer
SLPS-00523;Olympic Soccer
SLUS-00156;Olympic Soccer
SLUS-00148;Olympic Summer Games
SLES-04051;Omega Assault
PAPX-90080;Omega Boost
SCES-02120;Omega Boost
SCPS-10020;Omega Boost
SCPS-45399;Omega Boost
SCUS-94449;Omega Boost
SLPM-86439;Omiai Commando: Ba-Couple ni Tsukkomi o
SLPS-01876;Omise de Tenshu
SLPS-02815;Omizu no Hanamichi
SLES-00944;One
SLPS-01812;One
SLUS-00469;One
SLED-01170;One (Demo)
SLES-03723;One Piece Mansion
SLPM-80617;One Piece Mansion
SLPM-86837;One Piece Mansion
SLUS-01406;One Piece Mansion
SLPS-02585;One Two Smash: Tanoshii Tennis
SLPS-03161;Ongaku Tkool 3
SLPS-00903;Ongaku Tkool: Kanadeeru 2
SLPS-02684;Ongaku Tsukuru: Kanade-Ru 2 [Reprint]
LSP-150500;Online Connection CD: For the PlayStation Game Console (Demo)
SLES-00079;Onside Complete Soccer (Rev 1)
SLPS-02814;Ooedo Fuusui Ingaritsu: Hanabi 2
SLPS-03112;Ooedo Huusui Ingaritsu Hanabi 2 [Magical 1500]
SLPS-00874;Ooumi Nobunaga Den: Geten II
SCED-02851;OPSM Best Ever Ever Games Demo
SCED-03239;OPSM Best PS One Games Ever
SCED-02492;OPSM Best Racing Game Ever
SLPS-02573;Option Tuning Car Battle 2 [Rerelease]
SLPS-02951;Option Tuning Car Battle Spec R [Race the Best]
SLPM-80203;Option: Tuning Car Battle
SLPM-80206;Option: Tuning Car Battle
SLPS-01207;Option: Tuning Car Battle
SLPS-91037;Option: Tuning Car Battle
SLPS-01857;Option: Tuning Car Battle 2
SLPS-02587;Option: Tuning Car Battle Spec R
SLPS-00240;Oracle no Houseki: Jewels of the Oracle
PAPX-90089;Ore no Ryouri
SCPS-10099;Ore no Ryouri
SCPS-91207;Ore no Ryouri
SCPS-91323;Ore no Ryouri [PSOne Books]
PCPX-96160;Ore no Shikabane o Koete Yuke
SCPS-10074;Ore no Shikabane o Koete Yuke
SCPS-91130;Ore no Shikabane o Koete Yuke
SCPS-91198;Ore no Shikabane o Koete Yuke
SCPS-91330;Ore no Shikabane wo Koete Yuke [PSOne Books]
SLPS-02132;Ore no Yotto: Ganbare! Nippon Challenge
SLPM-80165;Ore! Tomba
SLES-03186;Oro e Gloria: La Strada per El Dorado
SLES-03187;Oro y Gloria: La Ruta hacia El Dorado
SLPS-02013;Osaka Naniwa Matenrou
SLPM-87316;Oshigoto-shiki Jinsei Game: Mezase Shokugyou King
SLPS-03056;Oshigoto-shiki Jinsei Game: Mezase Shokugyou King
SLPM-87047;Otenki Kororin
SLPS-00136;Othello World II: Yume to Michi e no Chousen
SLPS-01174;Othello World II: Yume to Michi e no Chousen
SLPM-86047;Other Life Azure Dreams
SLPM-86104;Other Life: Azure Dreams [Konami the Best]
SLPS-03531;Otogi Story: Tenshi no Shippo
SLPS-02459;Otona no Asobi
SLPS-03412;Oujisama Lv1
SLPS-03534;Oujisama Lv1.5: Oujisama no Tamago
SLPS-00438;Oukyuu no Hihou Tension
SLPS-02594;Oukyuu no Hihou Tension
SLPM-80623;Oumagatoki
SLPS-03235;Oumagatoki
SLPS-91521;Oumagatoki
SLPS-03272;Oumagatoki 2
SLPS-91522;Oumagatoki 2 [PSOne Books]
SLPS-02576;Our Graduation: Mahjong de Pon! Hanafuda de Koi! (Disc 1) (Mahjong de Pon!)
SLPS-02577;Our Graduation: Mahjong de Pon! Hanafuda de Koi! (Disc 2) (Hanafuda de Koi!)
SLPS-00746;Out Live: Be Eliminate Yesterday
SLPS-01732;Out Live: Be Eliminate Yesterday [Sunsoft Collection Best]
SLPS-03282;Out Live: Be Eliminate Yesterday [Value 1500]
SLPS-00327;Over Drivin' DX
SLPM-80032;Over Drivin' DX: Rally Edition
SLPS-00895;Over Drivin' II
SLPM-80298;Over Drivin' III: Hot Pursuit
SLPS-01593;Over Drivin' III: Hot Pursuit
SLPM-80437;Over Drivin' IV
SLPS-02099;Over Drivin' IV
SLES-00768;OverBlood
SLES-00769;OverBlood
SLES-00770;OverBlood
SLPM-86641;OverBlood
SLPS-00392;OverBlood
SLPS-91032;OverBlood
SLUS-00464;OverBlood
PAPX-90046;OverBlood 2
SLPM-80258;OverBlood 2
SLES-01880;OverBlood 2 (Disc 1)
SLPS-01261;OverBlood 2 (Disc 1)
SLES-01879;OverBlood 2 (Disc 1) (Rev 1)
SLES-02187;OverBlood 2 (Disc 1) (Rev 1)
SLES-11880;OverBlood 2 (Disc 2)
SLPS-01262;OverBlood 2 (Disc 2)
SLES-11879;OverBlood 2 (Disc 2) (Rev 1)
SLES-12187;OverBlood 2 (Disc 2) (Rev 1)
SLPS-91140;Overblood 2 [PlayStation the Best] (Disc 1)
SLPS-91141;Overblood 2 [PlayStation the Best] (Disc 2)
SLPM-80270;"OverBlood 2: The ""East Edge"" File"
SLES-00865;Overboard!
SLPS-03261;Oyaji no Jikan: Nechan Hanafuda de Shoubu Ya! [Reprint]
SLPS-02592;Oyaji no Jikan: Nechan Mahjong de Shoubu Ya!
SLPS-02591;Oyaji no Jikan: Nee-chan Hanafuda de Shoubu ya!
SLPS-03262;Oyaji no Jikan: Nee-chan Mahjong de Shoubu ya!
SLPS-02590;Oyaji no Jikan: Nee-chan Tsuri Iku de!
SLPS-03260;Oyaji No Jiken: Nechan Tsuri Iku De! [Renka Ban]
SLPM-86393;Oyako Entertainment Series: TV Kamishibai Vol. 1
SLPS-02335;Oz no Mahoutsukai: Another World: Rung Rung
LSP-060190;P.K.'s Math Studio
LSP-060310;P.K.'s Place 1: Party on the Patio!
LSP-905345;P.K.'s Place 1: Party on the Patio!
LSP-180210;P.K.'s Place 2: Hoopo at Sea!
LSP-905352;P.K.'s Place 2: Hoopo at Sea!
LSP-180310;P.K.'s Place 3: Carlos at the Races!
LSP-905369;P.K.'s Place 3: Carlos at the Races!
LSP-180410;P.K.'s Place 4: Daphne and the Seventh Wonder
SCPS-45445;Pac-Man World
SLUS-90057;Pac-Man World (Demo) (Rev 1)
SCES-00934;Pac-Man World 20th Anniversary
SCES-02277;Pac-Man World 20th Anniversary
SCES-02278;Pac-Man World 20th Anniversary
SCES-02279;Pac-Man World 20th Anniversary
SCES-02280;Pac-Man World 20th Anniversary
SLPM-80491;Pac-Man World: 20th Anniversary
SLPS-02345;Pac-Man World: 20th Anniversary
SLUS-00439;Pac-Man World: 20th Anniversary
SLPS-02122;Paca Paca Passion
SLPS-02720;Paca Paca Passion 2
SLPS-03420;Paca Paca Passion Special
SLPS-02895;Pacapaca Passion Special
SLPS-00288;Pachi Pachi Saga
SLPS-02782;Pachi Slot Teiou W: Arabesque R, Hot Rod Queen
SLPS-03210;Pachi Slot Teiou W: Arabesque R: Hot Rod Queen [Best of the Best]
SLPS-01848;Pachi Slot Teiou: Big Wave, Pika Gorou, BB Junky 7
SLPS-01968;Pachi-Slot Aruze Oukoku
SLPS-02416;Pachi-Slot Aruze Oukoku 2
SLPS-91493;Pachi-Slot Aruze Oukoku 2
SLPS-02846;Pachi-Slot Aruze Oukoku 3
SLPS-03088;Pachi-Slot Aruze Oukoku 4
SLPS-03089;Pachi-Slot Aruze Oukoku 4
SLPS-91499;Pachi-Slot Aruze Oukoku 4
SLPS-03280;Pachi-Slot Aruze Oukoku 5
SLPS-03440;Pachi-Slot Aruze Oukoku 7 (Disc 2) (4th Reel Disc)
SLPS-01308;Pachi-Slot Kanzen Kaiseki: Wai Wai Pulsar 2 & 77 2
SLPS-02127;Pachi-Slot Kanzen Kouryaku: Aruze Koushiki Guide Volume 4
SLPS-01023;Pachi-Slot Kanzen Kouryaku: Cranky Pro
SLPS-03110;Pachi-Slot Kanzen Kouryaku: Takasago Super Project
SLPM-86962;Pachi-Slot Kanzen Kouryaku: Takasago Super Project 2
SLPS-00752;Pachi-Slot Kanzen Kouryaku: Universal Koushiki Guide Volume 1
SLPS-00943;Pachi-Slot Kanzen Kouryaku: Universal Koushiki Guide Volume 2
SLPS-01550;Pachi-Slot Kanzen Kouryaku: Universal Koushiki Guide Volume 3
SLPS-91186;Pachi-Slot Kanzen Kouryaku: Universal Koushiki Guide Volume 3
SLPS-01927;Pachi-Slot Master: Sammy SP
SLPS-02217;Pachi-Slot Teiou 2: Kagetsu, Two Pair, Beaver X
SLPS-02827;Pachi-Slot Teiou 2: Kagetsu: 2 Pair: Beaver X [Best of The Best]
SLPS-02413;Pachi-Slot Teiou 3: Sea Master X, Epsilon R, Wai Wai Pulsar 2
SLPS-02887;Pachi-Slot Teiou 3: Sea Master: Epsilon R: Wai Wai Pulsar [Best of The Best]
SLPS-02564;Pachi-Slot Teiou 4: Oicho Kaba X, Magical Pops, LequiO-30
SLPS-02888;Pachi-Slot Teiou 4: Oicho Kaba X, Magical Pops, LequiO-30
SLPS-02627;Pachi-Slot Teiou 5: Kongdom, Super Star Dust 2, Flying Momonga
SLPS-03149;Pachi-Slot Teiou 5: Kongdom, Super Star Dust 2, Flying Momonga
SLPS-03150;Pachi-Slot Teiou 6: Kung Fu Lady: BangBang: Prelude 2 [Best of The Best]
SLPS-02657;Pachi-Slot Teiou 6: Kung-Fu Lady, BangBang, Prelude 2
SLPS-02991;Pachi-Slot Teiou 7: Maker Suishou Manual Vol. 1: Beat the Dragon 2, Lupin Sansei, Hot Rod Queen
SLPS-02114;Pachi-Slot Teiou Mini: Dr. A7
SLPS-02745;Pachi-Slot Teiou Mini: Dr. A7 [Best Of The Best]
SLPS-03476;Pachi-Slot Teiou: Battle Knight & Atlantis Doom [Best of The Best]
SLPS-03108;Pachi-Slot Teiou: Battle Knight, Atlantis Doom
SLPS-03029;Pachi-Slot Teiou: Beat the Dragon 2
SLPS-03475;Pachi-Slot Teiou: Beat the Dragon 2
SLPS-02629;Pachi-Slot Teiou: Big Wave: Pika Gorou: BB Junkie 7 [Best of The Best]
SLPS-03265;Pachi-Slot Teiou: Bunny Girl SP
SLPS-03455;Pachi-Slot Teiou: Dateline Pegasus
SLPS-03158;Pachi-Slot Teiou: Maker Suishou Manual Vol. 2: Ice Story
SLPS-03478;Pachi-Slot Teiou: Maker Suishou Manual Vol. 2: Ice Story
SLPS-03130;Pachi-Slot Teiou: Maker Suishou Manual Vol. 3: I'm Angel: White 2 & Blue 2
SLPS-03477;Pachi-Slot Teiou: Maker Suishou Manual Vol. 3: I'm Angel: White 2 & Blue 2
SLPS-03217;Pachi-Slot Teiou: Maker Suishou Manual Vol. 4: Exhaust, Ooedo Sakura Fubuki 2
SLPS-03245;Pachi-Slot Teiou: Maker Suishou Manual Vol. 5: Race Queen 2, Tomcat
SLPS-03329;Pachi-Slot Teiou: Maker Suishou Manual Vol. 6: Takarabune
SLPS-03391;Pachi-Slot Teiou: Maker Suishou Manual Vol. 7: Trick Monster 2
SLPS-03423;Pachi-Slot Teiou: Naniwa Sakura Fubuki
SLPS-03442;Pachi-Slot Teiou: Shimauta-30, Twist, Nangoku Monogatari-30
SLPS-02905;Pachi-Slot Teiou: Yamasa Remix
SLPS-02860;Pachinko & Pachi-Slot: Parlor! Pro Extra: CR Inakappe Taishou A & Pachi-Slot Lupin Sansei
SLPM-86006;Pachinko Dream
SLPS-01089;Pachinko Hall: Shinsou Daikaiten
SLPS-03254;Pachinko Teiou: CR Sore Ute Hama-chan 2 & CR Sore Yuke Matchan S
SLPS-00037;Pachio-kun: Pachinko Land Daibouken
SLPS-02575;Pachitte Chonmage 2: Kyoraku Kounin Tanukichi 2000 & Jungle P
SLPS-03422;Pachitte Chonmage 3: Kyoraku Kounin Gladiator & Tama-chan
SLPS-03243;Pachitte Chonmage Tatsujin 2: CR Jurassic Park
SLPS-02419;Pachitte Chonmage: Ouendan & C. C. Girls
SLES-03576;Pajama Sam: You Are What You Eat from Your Head to Your Feet
SLUS-01389;Pajama Sam: You Are What You Eat from Your Head to Your Feet
SLPM-80079;Pal: Shinken Densetsu
SLPS-00346;Pal: Shinken Densetsu
SLPS-91067;Pal: Shinken Densetsu
SLPM-87018;Palm Town
SLPS-01820;Palm Town
SLES-00965;Pandemonium 2
SLUS-00578;Pandemonium 2
SLED-01015;Pandemonium 2 (Demo)
SLUS-80578;Pandemonium 2 (Demo)
SLES-00526;Pandemonium!
SLED-00570;Pandemonium! (Demo)
SLUS-00232;Pandemonium! (Rev 1)
SLPS-02391;Pandora Max Series Vol. 1: Dragon Knights Glorious
SLPS-02551;Pandora Max Series Vol. 2: Shisha no Yobu Yakata
SLPS-02637;Pandora Max Series Vol. 3: Rubbish Blazon
SLPS-02712;Pandora Max Series Vol. 4: Catch! Kimochi Sensation
SLPS-02944;Pandora Max Series Vol. 5: Gochachiru
SLPS-03106;Pandora Max Series Vol. 6: Oni Zero: Fukkatsu
SLPS-00347;Pandora Project: The Logic Master
SCPS-10096;Panekit: Infinitive Crafting Toy Case
SLPS-01162;Panel Quiz Attack 25
SLPM-80124;Panzer Bandit
SLPS-00899;Panzer Bandit
SLES-03339;Panzer Front
SLPM-80499;Panzer Front
SLPS-02503;Panzer Front
SLUS-01399;Panzer Front
SLPS-03345;Panzer Front [Enterbrain Collection]
SLPS-03111;Panzer Front bis.
SLES-03750;Panzer Front bis. (Beta)
SLES-00041;Panzer General
SLPS-00552;Panzer General
SLUS-00132;Panzer General
SLPM-86695;Pao Leeming Kanshuu: Fuusui Nyuumon
PAPX-90092;PAQA
SCPS-10097;PAQA
SLES-04048;Paradise Casino
SLPS-01375;Paranoia Scape
SCPS-18002;PaRappa the Rapper
SCPS-45051;Parappa the Rapper
SCPS-91070;PaRappa the Rapper
SCPS-91307;PaRappa the Rapper
SCUS-94183;PaRappa the Rapper
PCPX-96049;PaRappa the Rapper (Demo)
SCUS-94195;PaRappa the Rapper (USA) (Demo)
SCES-00743;PaRappa the Rapper: The Hip Hop Hero
SCPS-45203;Parasite Eve (Disc 1)
SLPS-01230;Parasite Eve (Disc 1)
SLUS-00662;Parasite Eve (Disc 1)
SCPS-45204;Parasite Eve (Disc 2)
SLPS-01231;Parasite Eve (Disc 2)
SLUS-00668;Parasite Eve (Disc 2)
SLPS-91479;Parasite Eve 2 [PSOne Books] (Disc 1)
SLPS-91480;Parasite Eve 2 [PSOne Books] (Disc 2)
SLPS-02779;Parasite Eve 2 [Square Millennium Collection] (Disc 1)
SLPS-02780;Parasite Eve 2 [Square Millennium Collection] (Disc 2)
SCPS-45467;Parasite Eve II (Disc 1)
SLES-02558;Parasite Eve II (Disc 1)
SLES-02559;Parasite Eve II (Disc 1)
SLES-02560;Parasite Eve II (Disc 1)
SLES-02561;Parasite Eve II (Disc 1)
SLES-02562;Parasite Eve II (Disc 1)
SLPS-02480;Parasite Eve II (Disc 1)
SLUS-01042;Parasite Eve II (Disc 1)
SCPS-45468;Parasite Eve II (Disc 2)
SLES-12558;Parasite Eve II (Disc 2)
SLES-12559;Parasite Eve II (Disc 2)
SLES-12560;Parasite Eve II (Disc 2)
SLES-12561;Parasite Eve II (Disc 2)
SLES-12562;Parasite Eve II (Disc 2)
SLPS-02481;Parasite Eve II (Disc 2)
SLUS-01055;Parasite Eve II (Disc 2)
SLPM-80300;Parasite Eve: Special CD-ROM
SLES-03108;Paris-Marseille Racing
SLES-03918;Paris-Marseille Racing II
SLPS-01539;Parlor Station
SLPS-02732;Parlor Station
SLPS-00838;Parlor! Pro
SLPS-91183;Parlor! Pro
SLPS-01043;Parlor! Pro 2
SLPS-91184;Parlor! Pro 2 [PlayStation the Best]
SLPS-01453;Parlor! Pro 3
SLPS-01646;Parlor! Pro 4
SLPS-91185;Parlor! Pro 4
SLPS-01828;Parlor! Pro 5
SLPS-01859;Parlor! Pro 6
SLPS-01971;Parlor! Pro 7
SLPS-02483;Parlor! Pro 8
SLPS-02949;Parlor! Pro Collection
SLPS-02781;Parlor! Pro Jr. Collection
SLPS-02092;Parlor! Pro Jr. Vol. 1: CR Dera Maitta J-3
SLPS-02357;Parlor! Pro Jr. Vol. 2: CR Lupin Sansei K
SLPS-02426;Parlor! Pro Jr. Vol. 3: CR Shin Pikaichi Tengoku T
SLPS-02519;Parlor! Pro Jr. Vol. 4: Thunder Skeleton X
SLPS-02562;Parlor! Pro Jr. Vol. 5: CR Fruit World X
SLPS-02690;Parlor! Pro Jr. Vol. 6: CR Tsumo Tsumo Tengoku Nan 2-kyoku
SLPS-02996;Parlor! Pro Special: CR Harenchi Gakuen & CR Toukon
SLPM-86016;Paro Wars
SLPM-86392;Paro Wars [Konami the Best]
SLES-00036;Parodius
SLPS-02423;Parts' Dik
SCPS-45112;Pastel Muses
SLPM-80131;Pastel Muses
SLPS-00959;Pastel Muses
SLPS-01804;Patlabor: The Game: Taikenban Ver. 1.0
SLES-04092;Patriotic Pinball
SLUS-01539;Patriotic Pinball
SLES-00953;Pax Corpus
SLPS-00195;PD Ultraman Invader
SLES-00727;Peak Performance
SLUS-00400;Peak Performance
SLPS-00632;Pebble Beach no Hatou Plus
SLPS-00841;Pebble Beach no Hatou Plus [Reprint]
SCES-00391;Penny Racers
SLPS-01762;Pepsiman
SLES-01583;Pequenos Guerreros
SLES-00805;Perfect Assassin
SLPS-02409;Perfect Fishing: Bass Tsuri
SLPS-02410;Perfect Fishing: Isozuri
SLPS-01394;Perfect Golf 2
SLPS-02135;Perfect Performer: The Yellow Monkey
SLES-00581;Perfect Weapon
SLES-00685;Perfect Weapon
SLES-00686;Perfect Weapon
SLES-00687;Perfect Weapon
SLUS-00341;Perfect Weapon
SLUS-00339;Persona
SLPM-86967;Persona 2: Batsu: Eternal Punishment (Disc 1)
SLPS-02785;Persona 2: Batsu: Eternal Punishment (Disc 1)
SLPS-02825;Persona 2: Batsu: Eternal Punishment (Disc 1)
SLPS-02786;Persona 2: Batsu: Eternal Punishment (Disc 2) (Sumaru TV Special Preview Disc)
SLPS-02826;Persona 2: Batsu: Eternal Punishment (Disc 2) (Sumaru TV Special Preview Disc)
SLUS-01158;Persona 2: Eternal Punishment
SLUS-01339;Persona 2: Eternal Punishment (Bonus Disc)
SCPS-45495;Persona 2: Eternal Punishment (Disc 1)
SCPS-45496;Persona 2: Eternal Punishment (Disc 2)
SCPS-45410;Persona 2: Innocent Sin
SLPS-01923;Persona 2: Tsumi: Innocent Sin
SLPS-02100;Persona 2: Tsumi: Innocent Sin
SLPS-91211;Persona 2: Tsumi: Innocent Sin
SCES-00981;Pet in TV
SCES-01358;Pet in TV
SCES-01359;Pet in TV
SCES-01360;Pet in TV
SCES-01357;Pet in TV: Ton Nouveau Meilleur Ami!
PCPX-96180;Pet in TV: With My Dear Dog
SCPS-10111;Pet in TV: With My Dear Dog
SLPS-02292;Pet Pet Pet
SLPS-03082;Pet Pet Pet
SLUS-01130;Peter Jacobsen's Golden Tee Golf
SCUS-94643;Peter Pan in Disney's Return to Never Land
SLES-02982;Petit Dinosaure, Le: Retour vers la Grande Vallee
SLES-02061;PGA European Tour Golf
SLES-02396;PGA European Tour Golf (Alt)
SLES-00073;PGA Tour 96
SLPS-00245;PGA Tour 96
SLUS-00016;PGA Tour 96
SLES-00437;PGA Tour 97
SLPS-00758;PGA Tour 97
SLUS-00261;PGA Tour 97
SLES-00908;PGA Tour 98
SLUS-00517;PGA Tour 98
SLES-01178;Phat Air: Extreme Snowboarding
SCES-00059;Philosoma
SCPS-10009;Philosoma
SCUS-94403;Philosoma
SCPM-85002;Philosoma Art Book Movie CD-ROM
PCPX-96012;Philosoma Ver. 0: Movie CD-ROM
SLUS-01523;Phix: The Adventure
SLPS-01092;Photo Genic
SLPS-01116;Photo Genic
SLPS-01866;Pi to Mail
SLES-03319;Pierrafeu, Les: Bedrock Bowling
SLPS-01345;Pikiinya! Excellent
SLPS-02970;Pikinya! Excellent [ASCII Casual Collection]
SLPS-01847;Pikupiku Sentaro: Puzzle de Gohan!
SLPM-80293;Pilot ni Narou!
SLPS-01600;Pilot ni Narou!
SLPS-91165;Pilot ni Narou!
SLPS-91498;Pilot ni Narou!
SLPS-00482;Pinball Fantasies Deluxe
SLES-02922;Pinball Power
SLES-03932;Pink Panther: Pinkadelic Pursuit
SLUS-01451;Pink Panther: Pinkadelic Pursuit
SLES-04014;Pinobee
SLUS-01494;Pinobee
SLPM-87110;Pinobee no Daibouken
SLPS-01587;Pinocchia no Miru Yume
SLUS-01409;Pipe Dreams 3D
SLES-03400;Pipe Mania 3D
SLES-00201;Pitball
SLPS-00607;Pitball
SLUS-00146;Pitball
SLES-00481;Pitfall 3D: Beyond the Jungle
SLES-00836;Pitfall 3D: Beyond the Jungle
SLES-00837;Pitfall 3D: Beyond the Jungle
SLPS-01669;Pitfall 3D: Beyond the Jungle
SLUS-00254;Pitfall 3D: Beyond the Jungle
SLED-01243;Pitfall 3D: Beyond the Jungle (Demo)
SLUS-90017;Pitfall 3D: Beyond the Jungle (Demo)
SLPS-02290;Pixygarden (Disc 1) (Game Disc)
SLPS-02291;Pixygarden (Disc 2) (Extra Disc)
SLPS-02906;Pixygarden [Escot Original Best]
SCED-02520;Pizza Hut Demo 01
SCED-02833;Pizza Hut Demo 01
SCED-02521;Pizza Hut Demo 02
SCUS-94292;Pizza Hut Demo CD
SCUS-94480;Pizza Hut Disc 1
SCUS-94481;Pizza Hut Disc 2 (EDC)
SLPS-02614;PJ's Groove
SLES-02087;Plane Crazy
SLPM-80442;Planet Dob
SLPS-02111;Planet Dob
SLPM-86264;Planet Laika
SLES-03844;Planet of the Apes
SLUS-01468;Planet of the Apes
SLPM-89004;Play de Oboeru Chuugaku Eitango Deruderu 1200
SLPS-02543;Play de Oboeru Chuugaku Eitango Deruderu 1200
SLPM-89008;Play de Oboeru Eijukugo Deruderu 750
SLPS-02907;Play de Oboeru Eijukugo Deruderu 750
SLPM-89001;Play de Oboeru Eitango Deruderu 1700: Center Shiken Level Taiou
SLPM-89002;Play de Oboeru Eitango Deruderu 1700: Center Shiken Level Taiou
SLPS-02544;Play de Oboeru Eitango Deruderu 1700: Center Shiken Level Taiou
SLPM-89009;Play de Oboeru Series 6: Play de Oboeru Kanji Kentei Deruderu 1100
SLPS-03099;Play de Oboeru Series 6: Play de Oboeru Kanji Kentei Deruderu 1100
SLPS-03168;Play de Oboeru Series 7: Play de Oboeru TOEIC Test: Goku Deruderu 1700
SLPM-89005;Play de Oboeru Series Sekaishi Quiz Deruderu 1800
SLPM-89010;Play de Oboeru Series Toeic Test: Goku Deruderu 1700
SLPM-89006;Play de Oboeru Series: Nihonshi Keyword Deruderu 1800
SLPS-02697;Play de Oboeru Series: Nihonshi Keyword Deruderu 1800
SLPS-02696;Play de Oboeru Series: Sekaishi Keyword Deruderu 1800
SLED-02519;Play Fun 01-00
SLED-02309;Play Fun 02-00
SLED-02594;Play Fun 04-00
SLED-02065;Play Fun 06-99
SLED-02110;Play Fun 07-99
SLED-02188;Play Fun 09-99
SLED-02291;Play Fun 10-99
SLED-02311;Play Fun 11-99
SLED-02414;Play Fun 12-99
SLED-02593;Play Fun 3-00
SLED-02155;Play Fun 8-99
SLES-00221;Play It
SLED-02097;Play Power 4 (Demo)
SLED-02138;Play Power 5
SLES-02374;Play with the Teletubbies
SLUS-00959;Play with the Teletubbies
SLED-02721;Play Zone Vol. 18
SLED-02832;Play Zone Vol. 19
SLED-02880;Play Zone Vol. 20
SLED-02987;Play Zone Vol. 21
SLED-03049;Play Zone Vol. 22
SLED-03106;Play Zone Vol. 23
SLED-03165;Play Zone Vol. 24
SLED-03255;Play Zone Vol. 25
PCPD-99501;Play-Pre PlayStation Soukan Junbi-gou
PCPX-96173;Play-Pre Plus 001: 1999 October (Disc 1)
PCPX-96174;Play-Pre Plus 001: 1999 October (Disc 2) (What's Next?)
PCPX-96186;Play-Pre Plus 002: 1999 December (Disc 1)
PCPX-96187;Play-Pre Plus 002: 1999 December (Disc 2) (What's Next?)
PCPX-96190;Play-Pre Plus 003: 2000 February
PCPX-96198;Play-Pre Plus 004: 2000 June (Disc 1)
PCPX-96199;Play-Pre Plus 005: 2000 August
PCPX-96201;Play-Pre Plus 006: 2000 October
PCPX-96203;Play-Pre Plus 007: 2000 December
PCPX-96017;Play-Pre Vol. 1
PCPX-96103;Play-Pre Vol. 10 (Disc 1)
PCPX-96104;Play-Pre Vol. 10 (Disc 2) (CM Collection III)
PCPX-96108;Play-Pre Vol. 11
PCPX-96114;Play-Pre Vol. 12
PCPX-96118;Play-Pre Vol. 13 (Disc 1)
PCPX-96119;Play-Pre Vol. 13 (Disc 2) (Yarudora Trial Version)
PCPX-96126;Play-Pre Vol. 14 (Disc 1)
PAPX-90040;Play-Pre Vol. 14 (Disc 2) (Legaia Densetsu Trial Version)
PCPX-96127;Play-Pre Vol. 14 (Disc 2) (Legaia Densetsu Trial Version)
PCPX-96133;Play-Pre Vol. 15 (Disc 1)
PCPX-96134;Play-Pre Vol. 15 (Disc 2)
PCPX-96142;Play-Pre Vol. 16 (Disc 1)
PCPX-96143;Play-Pre Vol. 16 (Disc 2) (CM Collection IV)
PCPX-96148;Play-Pre Vol. 17 (Disc 1)
PCPX-96149;Play-Pre Vol. 17 (Disc 2) (Omega Boost Trial Version)
PCPX-96156;Play-Pre Vol. 18 (Disc 1)
PCPX-96157;Play-Pre Vol. 18 (Disc 2) (What's Next)
PCPX-96167;Play-Pre Vol. 19 (Disc 1)
PCPX-96168;Play-Pre Vol. 19 (Disc 2) (What's Next 1999 Aug)
PCPX-96023;Play-Pre Vol. 2
PCPX-96028;Play-Pre Vol. 3
PCPX-96039;Play-Pre Vol. 4
PCPX-96054;Play-Pre Vol. 5 (Disc 1)
PCPX-96055;Play-Pre Vol. 5 (Disc 2) (CM Collection)
PCPX-96063;Play-Pre Vol. 6 (Disc 1)
PCPX-96064;Play-Pre Vol. 6 (Disc 2) (CM Collection II)
PCPX-96075;Play-Pre Vol. 7
PCPX-96084;Play-Pre Vol. 8
PCPX-96093;Play-Pre Vol. 9 (Disc 1)
PCPX-96094;Play-Pre Vol. 9 (Disc 2) (Official Catalog CD-ROM)
PAPX-90061;Play! '98 Fuyu Taikenban
PAPX-90062;Play! '98 Fuyu Taikenban
SLES-00319;Player Manager
SLES-02325;Player Manager 2000
SLES-02613;Player Manager 2000
SLES-02844;Player Manager 2000
SLES-01346;Player Manager Ninety Nine
SLES-01766;Player Manager Ninety Nine
SLES-02132;Player Manager Ninety Nine
SLES-01767;Player Manager Novanta Nove
SLES-02015;Player Manager: Epoca 98-99
SLPS-00239;PlayStadium
SLPS-00807;PlayStadium 2
SLPS-01369;PlayStadium 3
SLPS-02121;PlayStadium 4: Fumetsu no Dai League Ball
PAPX-90057;PlayStation Comic: 2999-nen no Game Kids
PAPX-90076;PlayStation Comic: 2999-nen no Game Kids
PCPX-96135;PlayStation Comic: 2999-nen no Game Kids
SCPS-19004;PlayStation Comic: 2999-nen no Game Kids
SCPS-19007;PlayStation Comic: Buzzer Beater: Kouhen
SCPS-19006;PlayStation Comic: Buzzer Beater: Zenpen
SCPS-19003;PlayStation Comic: Carol the DarkAngel
SCPS-19005;PlayStation Comic: Space Adventure Cobra: Galaxy Nights
SCPS-19001;PlayStation Comic: Space Adventure Cobra: The Psychogun Vol. 1
SCPS-19002;PlayStation Comic: Space Adventure Cobra: The Psychogun Vol. 2
SCUS-94619;PlayStation Demo Disc Ver. 1.15
SCUS-94618;PlayStation Demo Disc Version 1.3
SCUS-94650;PlayStation Demo Disc Version 1.4
SCUS-94674;PlayStation Demo Disc Version 1.5
SCUS-94497;PlayStation Demo Disc Winter 1999: Shock Your System!
SCUS-94482;PlayStation Demo Disc: Shock Your System! (SCUS-94482)
SCUS-94483;PlayStation Demo Disc: Shock Your System! (SCUS-94483)
SCUS-94496;PlayStation Demo Disc: Shock Your System! (SCUS-94496)
SCUS-94594;PlayStation Demo Disc: Spring 2000 (SCUS-94594)
SCUS-94595;PlayStation Demo Disc: Spring 2000 (SCUS-94595)
SCUS-94950;PlayStation Developer's Demo Disc (SCUS-94950)
SCUS-94954;PlayStation Developer's Demo Disc (SCUS-94954)
SCED-01229;PlayStation Kids
SCUS-94705;PlayStation Kiosk Demo Disc 2004-2005
SCUS-94651;PlayStation Kiosk Demo Disc Version 1.16
SCUS-94663;PlayStation Kiosk Demo Disc Version 1.17
SCUS-94667;PlayStation Kiosk Demo Disc Version 1.18
SCUS-94675;PlayStation Kiosk Demo Disc Version 1.19
SCUS-94678;PlayStation Kiosk Demo Disc Version 1.20
PCPX-96095;PlayStation Official Catalog CD-ROM
SPUS-94951;PlayStation Picks
SCUS-94960;PlayStation Picks (SCUS-94960)
SCUS-94952;PlayStation Picks (USA) (SCUS-94952)
SLED-02040;PlayStation Power (Activision)
SLED-01933;PlayStation Power (GT Interactive)
SLED-01989;PlayStation Power (Virgin Interactive)
DTL-S2170;PlayStation Programmer Tool: Runtime Library Version 2.6
DTL-S2180;PlayStation Programmer Tool: Runtime Library Version 3.0
DTL-S2190;PlayStation Programmer Tool: Runtime Library Version 3.3
SCED-01049;PlayStation Sampler
SCED-03103;PlayStation Speziale Italia
SCUS-94440;PlayStation Underground 3.1 (Disc 1)
SCUS-94441;PlayStation Underground 3.1 (Disc 2)
SCUS-94442;PlayStation Underground 3.2 (Disc 1)
SCUS-94443;PlayStation Underground 3.2 (Disc 2)
SCUS-94444;PlayStation Underground 3.3 (Disc 1)
SCUS-94445;PlayStation Underground 3.3 (Disc 2)
SCUS-94446;PlayStation Underground 3.4 (Disc 1)
SCUS-94447;PlayStation Underground 3.4 (Disc 2)
SCUS-94565;PlayStation Underground 4.1 (Disc 1)
SCUS-94566;PlayStation Underground 4.1 (Disc 2)
SCUS-94612;PlayStation Underground 4.2 (Disc 1)
SCUS-94613;PlayStation Underground 4.2 (Disc 2)
SCUS-94620;PlayStation Underground 4.3 (Disc 1)
SCUS-94621;PlayStation Underground 4.3 (Disc 2)
SCUS-97120;PlayStation Underground 4.4 (Disc 1)
SCUS-94267;PlayStation Underground Jampack
SCUS-94287;PlayStation Underground Jampack
SCUS-94657;PlayStation Underground Jampack: Fall 2001
SCUS-94428;PlayStation Underground Jampack: Summer '99
SCUS-94587;PlayStation Underground Jampack: Summer 2K
SCUS-94293;PlayStation Underground Jampack: Winter '98
SCUS-94475;PlayStation Underground Jampack: Winter '99
SCUS-94624;PlayStation Underground Jampack: Winter 2000
SCUS-94161;PlayStation Underground Number 1 (Disc 1)
SCUS-94178;PlayStation Underground Number 2 (Disc 1)
SCUS-94191;PlayStation Underground Number 3 (Disc 1)
SCUS-94192;PlayStation Underground Number 3 (Disc 2)
SCUS-94225;PlayStation Underground Number 4 (Disc 1)
SCUS-94226;PlayStation Underground Number 4 (Disc 2)
SCUS-94237;PlayStation Underground Volume 2 Issue 1 (Disc 1)
SCUS-94238;PlayStation Underground Volume 2 Issue 1 (Disc 2)
SCUS-94259;PlayStation Underground Volume 2 Issue 2 (Disc 1)
SCUS-94260;PlayStation Underground Volume 2 Issue 2 (Disc 2)
SCUS-94298;PlayStation Underground Volume 2 Issue 4 (Disc 1)
SCUS-94299;PlayStation Underground Volume 2 Issue 4 (Disc 2)
SCUS-94269;PlayStation Underground Volume 2.3 (Disc 1)
SCUS-94270;PlayStation Underground Volume 2.3 (Disc 2)
SLED-01633;PlayStation Zone CD Vol. 1
SLED-02190;PlayStation Zone CD Vol. 10
SLED-02275;PlayStation Zone CD Vol. 11
SLED-02312;PlayStation Zone CD Vol. 12
SLED-02381;PlayStation Zone CD Vol. 13
SLED-02046;PlayStation Zone CD Vol. 14
SLED-02436;PlayStation Zone CD Vol. 14
SLED-02518;PlayStation Zone CD Vol. 15
SLED-02592;PlayStation Zone CD Vol. 16
SLED-02683;PlayStation Zone CD Vol. 17
SLED-01724;PlayStation Zone CD Vol. 2
SLED-01773;PlayStation Zone CD Vol. 3
SLED-01783;PlayStation Zone CD Vol. 4
SLED-01898;PlayStation Zone CD Vol. 5
SLED-01968;PlayStation Zone CD Vol. 6
SLED-02042;PlayStation Zone CD Vol. 7
SLED-02078;PlayStation Zone CD Vol. 8
SLED-02139;PlayStation Zone CD Vol. 9
SCUS-94193;PlayStation-Pepsi Sampler Disc (USA)
SLPM-87121;Plue no Daibouken from Groove Adventure Rave
SLES-00168;PO'ed
SLPS-00437;PO'ed
SLUS-00097;PO'ed
SLPS-02497;Pocke-Kano: Aida Yumi
SLPS-02499;Pocke-Kano: Houjouin Shizuka
SLPS-02498;Pocke-Kano: Ueno Fumio
SLPS-02800;Pocket DigimonWorld
SLPS-03146;Pocket DigimonWorld: Cool & Nature Battle Disc
SLPS-02992;Pocket DigimonWorld: Wind Battle Disc
SCPS-10075;Pocket Dungeon
SLPS-02134;Pocket Family: Happy Family Plan
SLES-01378;Pocket Fighter
SLPS-01360;Pocket Fighter
SLUS-00653;Pocket Fighter
SLPS-91191;Pocket Fighter [Playstation the Best]
SCPS-10104;Pocket Jiman
SCPS-10076;Pocket MuuMuu
SLPS-02218;Pocket Tuner
PAPX-90094;Pocket Zanmai: 3 Title Iri Taikenban (PAQA, PokeTan, Pocket Jiman)
SLUS-00481;Point Blank
SCED-00287;Point Blank (Demo)
SCES-00886;Point Blank (Rev 1)
SCES-02180;Point Blank 2
SLUS-00796;Point Blank 2
SCES-03383;Point Blank 3
SLUS-01354;Point Blank 3
SLUS-00072;Point Blank 3 [Sold with Orange GunCon]
SCPS-45269;Poitter's Point 2: Sodom no Inbou
SLPM-86061;Poitter's Point 2: Sodom no Inbou
SLPM-86034;Poitters' Point
SLPS-02185;Pokeler
SLPS-02651;Pokeler DX: Black
SLPS-02664;Pokeler DX: Pink
PAPX-90100;PokeTan
SCPS-10102;PokeTan
SCPS-10108;PokeTan
SLUS-01033;Polaris SnoCross
SLPM-86048;Policenauts (Disc 1)
SLPM-87290;Policenauts (Disc 1)
SLPS-00215;Policenauts (Disc 1)
SLPM-86049;Policenauts (Disc 2)
SLPM-87291;Policenauts (Disc 2)
SLPS-00216;Policenauts (Disc 2)
SLES-02020;Pong
SLUS-00889;Pong: The Next Level
SLUS-80889;Pong: The Next Level
SLPS-03460;Pooh-san no Minna de Mori no Daikyousou!
SLES-02697;Pool Academy
SLES-01688;Pool Hustler
SLUS-00758;Pool Hustler
SLES-01537;Pool Shark
SLPM-86454;Pop 'n' Pop [Reprint]
SLPS-02961;Pop de Cute na Shinri Test: Alabama
SLES-01971;Pop n' Pop
SCPS-45379;Pop'n Music
SLPM-86183;Pop'n Music
SCPS-45433;Pop'n Music 2
SLPM-86294;Pop'n Music 2
SLPM-86512;Pop'n Music 2
SLPM-86415;Pop'n Music 3: Append Disc
SLPM-86649;Pop'n Music 4: Append Disc
SLPM-86937;Pop'n Music 5
SLPM-87089;Pop'n Music 6
SLPM-86592;Pop'n Music: Animation Melody
SLPM-86670;Pop'n Music: Disney Tunes
SLPS-01636;Pop'n Pop
SLPM-86146;Pop'n Tanks!
SCPS-91220;Popolocrois II [PlayStation the Best] (Disc 1)
SCPS-91221;Popolocrois II [PlayStation the Best] (Disc 2)
SCPS-91222;Popolocrois II [PlayStation the Best] (Disc 3)
SCPS-10023;PoPoLoCrois Monogatari
SCPS-91030;PoPoLoCrois Monogatari
SCPS-91305;PoPoLoCrois Monogatari
PCPX-96195;PoPoLoCrois Monogatari II
SCPS-10112;PoPoLoCrois Monogatari II (Disc 1)
SCPS-45483;PoPoLoCrois Monogatari II (Disc 1)
SCPS-91313;PoPoLoCrois Monogatari II (Disc 1)
SCPS-10113;PoPoLoCrois Monogatari II (Disc 2)
SCPS-45484;PoPoLoCrois Monogatari II (Disc 2)
SCPS-91314;PoPoLoCrois Monogatari II (Disc 2)
SCPS-10114;PoPoLoCrois Monogatari II (Disc 3)
SCPS-45485;PoPoLoCrois Monogatari II (Disc 3)
SCPS-91315;PoPoLoCrois Monogatari II (Disc 3)
SCZS-94105;PoPoLoCrois Monogatari Official Fan Book: PoPoRoGue no Daizukan: Chotto Ureshii CD-ROM Data-shuu
PAPX-90056;PoPoRoGue
SCPS-10050;PoPoRoGue
SCPS-91312;PoPoRoGue
SLES-03657;Popstar Maker
SLES-01760;Populous: The Beginning
SLPS-02085;Populous: The Beginning
SLUS-00277;Populous: The Beginning
SCES-00409;Porsche Challenge
SCPS-45117;Porsche Challenge
SCUS-94187;Porsche Challenge
SIPS-60016;Porsche Challenge
SLPS-00439;Posit
SLPS-00324;Potestas
SLPS-01748;Potestas
SLPS-91419;Potestas
SLES-03184;Pour l'Or et la Gloire: La Route d'Eldorado
SLES-03388;Power Diggerz
SLPS-01033;Power DoLLS 2
SLPS-03205;Power Dolls 2: Detachment of Limited Line Service [ASCII Casual Collection]
SLPS-01517;Power League
SLES-00202;Power Move Pro Wrestling
SLUS-00408;Power Move Pro Wrestling
SLUS-01445;Power Play: Sports Trivia
SLPS-00490;Power Rangers Pinball
SLES-03731;Power Rangers: La Force du Temps
SLES-00118;Power Serve
SLUS-00105;Power Serve 3D Tennis
SLUS-01343;Power Shovel
SLPM-80571;Power Shovel ni Norou!!
SLPM-86629;Power Shovel ni Norou!!
SCES-00667;Power Source
SLUS-01196;Power Spike: Pro Beach Volleyball
SLPM-86032;Power Stakes
SLPM-86079;Power Stakes 2
SLPM-86050;Power Stakes Grade 1
SLES-03629;Powerpuff Girls, The: Chemical X-Traction
SLUS-01423;Powerpuff Girls, The: Chemical X-Traction
SLUS-00102;Powerslave
SLES-00785;Poy Poy
SLUS-00486;Poy Poy
SLES-01536;Poy Poy 2
SLES-02292;Premier Manager 2000
SLES-00738;Premier Manager 98
SLES-01284;Premier Manager 98
SLES-01544;Premier Manager Ninety Nine
SLES-01864;Premier Manager Novanta Nove
SLES-00140;Primal Rage
SLPS-00543;Primal Rage
SLUS-00126;Primal Rage
SLES-02702;Primera Division Stars
SLES-00017;Prince Naseem Boxing
SCPS-45013;Princess Maker Yumemiru Yousei
SLPM-86590;Princess Maker: Go! Go! Princess
SLPS-01505;Princess Maker: Go!Go! Princess
SLPM-86591;Princess Maker: Pocket Daisakusen
SLPS-01477;Princess Maker: Pocket Daisakusen
PAPX-90013;Princess Maker: Yumemiru Yousei
SCPS-10032;Princess Maker: Yumemiru Yousei
SLPS-01226;Prism Court
SLPS-02586;Prism Land
SLES-03284;Prism Land Story
SLPS-01252;Prism Land Story
SLPS-02360;Prismaticallization
SLPS-02387;Prisoner
SLPS-01129;Prisoner of Ice: Jashin Kourin
SLPS-00228;Private Collection: Policenauts
SLPM-86001;Private Collection: Tokimeki Memorial
SLES-01559;Pro 18: World Tour Golf
SLUS-00817;Pro 18: World Tour Golf
SLES-04052;Pro Backgammon
SLES-03327;Pro Body Boarding
SLES-03795;Pro Evolution Soccer
SLES-03796;Pro Evolution Soccer
SLES-03946;Pro Evolution Soccer 2
SLES-03957;Pro Evolution Soccer 2
SLED-01295;Pro Foot Contest '98 + Grand Theft Auto + Courier Crisis
SLPM-86018;Pro Logic Mahjong Haishin
SLPS-00402;Pro Mahjong Kiwame Plus
SLPS-91134;Pro Mahjong Kiwame Plus [PlayStation the Best]
SLPS-01605;Pro Mahjong Kiwame Plus II
SLPS-02645;Pro Mahjong Kiwame Plus II [Rerelease]
SLPS-02347;Pro Mahjong Kiwame: Tengensen-hen
SLPS-02938;Pro Mahjong Kiwame: Tengensen-hen
SLPS-01987;Pro Mahjong Tsuwamono 2
SLPS-03065;Pro Mahjong Tsuwamono 2
SLPS-02659;Pro Mahjong Tsuwamono 3
SLPS-03464;Pro Mahjong Tsuwamono 3
SLPS-02359;Pro Mahjong Tsuwamono Series: Joryuu Janshi ni Chousen
SLPS-03218;Pro Mahjong Tsuwamono Series: Joryuu Janshi ni Chousen: Watashi-tachi ni Chousen Shite ne!
SLES-01211;Pro Pinball: Big Race USA
SLUS-01260;Pro Pinball: Big Race USA
SLES-02466;Pro Pinball: Fantastic Journey
SLUS-01261;Pro Pinball: Fantastic Journey
SLES-00259;Pro Pinball: The Web
SLES-00606;Pro Pinball: Timeshock!
SLUS-00639;Pro Pinball: Timeshock!
SLUS-90039;Pro Pinball: Timeshock! (Demo)
SLES-03962;Pro Racer (Rev 1)
SLPS-01006;Pro Wres Sengokuden: Hyper Tag Match
SLPS-01388;Pro Wrestling Sengokuden 2: Kakutou Emaki
SLPS-01371;Pro Yakyuu Nettou Puzzle Stadium
SLPS-02686;Pro Yakyuu Nettou Puzzle Stadium [Reprint]
SLPS-02598;Pro Yakyuu Ninarou (Disc 1)
SLPS-02599;Pro Yakyuu Ninarou (Disc 2)
SLPS-02333;Pro Yakyuu Simulation Dugout '99
SLUS-00371;Pro-Pinball
SCUS-94551;Professional Underground League of Pain
SCPS-45136;Project Gaiaray
SLPS-01013;Project Gaiaray
SLES-00500;Project Overkill
SLUS-00045;Project Overkill
SLPS-01260;Project V6
SCUS-94408;Project: Horned Owl
SLPS-00531;Proof Club
SCED-03675;PS One Demo Disc 02
SCED-03920;PS One Demo Disc 2002
SCED-03238;PS One Kids Autumn 2000
SCED-03340;PS One Kids Autumn 2000
SCES-01000;PS One Kids Autumn 2000
SCED-03175;PS One Special Demo 01
SCUS-94696;PS One Winter 03 Kiosk Version 1.21
SCED-04019;PSone Xmas Special
SCUS-94799;PSone: Wherever, Whenever, Forever. (No EDC)
SLES-00929;Psybadek
SLUS-00730;Psybadek
SLED-01488;Psybadek (Demo)
SLES-00070;Psychic Detective (Disc 1)
SLUS-00165;Psychic Detective (Disc 1)
SLES-10070;Psychic Detective (Disc 2)
SLUS-00166;Psychic Detective (Disc 2)
SLES-20070;Psychic Detective (Disc 3)
SLUS-00167;Psychic Detective (Disc 3)
SLES-00629;Psychic Force
SLPM-80049;Psychic Force
SLPM-86616;Psychic Force
SLPS-00520;Psychic Force
SLUS-00419;Psychic Force
SLES-02557;Psychic Force 2
SLPM-80463;Psychic Force 2
SLPM-86273;Psychic Force 2
SLPS-01018;Psychic Force: Puzzle Taisen (Disc 1) (Game Disc)
SLPS-01019;Psychic Force: Puzzle Taisen (Disc 2) (Premium CD-ROM)
SLPS-01869;Psychometrer Eiji
SLUS-90037;Psygnosis '98 Interactive Demos (Demo)
SCED-02784;Pub Demo 03
SCED-02785;Pub Demo 04
SLES-02070;Puchi Carat
SLPM-86545;Puchi Carat
SLPS-01435;Puchi Carat
ESPM-70003;Puffy no P.S. I Love You
SLES-01203;Puma Street Soccer
SLPS-02805;Punch the Monkey! Game Edition
SLUS-00579;Punky Skunk
SLPS-00149;Puppet Zoo Pilomy
SLPS-02163;Purumui Purumui
SLPS-02378;Purumui Purumui [Rerelease]
SLPS-00679;Pururun! with Shape Up Girls
SLUS-01371;Putter Golf
SLES-03565;Puuha Pete: Korjataanko
SLPS-03114;Puyo Puyo Box
SLPM-87213;Puyo Puyo Sun: Ketteiban
SLPS-01080;Puyo Puyo Sun: Ketteiban
SLPS-91224;Puyo Puyo Sun: Ketteiban
SCPS-45002;Puyo Puyo Tsuu: Ketteiban
SLPS-00530;Puyo Puyo Tsuu: Ketteiban
SLPS-91194;Puyo Puyo Tsuu: Ketteiban
SLPS-02412;Puyo Puyoon: Car-kun to Issho
SLPM-80548;Puzz Loop
SLPS-02663;Puzz Loop
SLPS-00879;Puzzle Arena Toushinden
SLPM-86618;Puzzle Bobble 2
SLPS-00284;Puzzle Bobble 2
SLPS-91018;Puzzle Bobble 2
SLPS-01065;Puzzle Bobble 3DX
SLPS-91075;Puzzle Bobble 3DX
SLPS-01492;Puzzle Bobble 4
SLPM-86653;Puzzle Mania
SLPS-01778;Puzzle Mania
SLPM-86674;Puzzle Mania 2
SLPS-01952;Puzzle Mania 2
SLUS-01307;Puzzle Star Sweep
SLES-03915;Puzznic
SLPS-03163;Puzznic
SLUS-01492;Puzznic
SLES-03577;Pyjama Sam: Heros du Gouter
SLES-03578;Pyjama Sam: Suessigkeiten kriegen Saures
SLES-02214;Q-bert
SLUS-00904;Q-bert
SLUS-01561;Qix Neo
LSP-060101;Quaddle Family Mysteries, The 1: The Case of the Scarce Scarab: Lobby & Kitchen
LSP-060102;Quaddle Family Mysteries, The 2: The Case of the Scarce Scarab: Garden
LSP-060103;Quaddle Family Mysteries, The 3: The Case of the Scarce Scarab: Parlor & Family Room
SLES-01534;Quake II
SLUS-00757;Quake II
SLPS-00399;Quantum Gate I: Akumu no Joshou
SLPS-00711;Queen's Road
SCPS-18004;Quest for Fame: Be a Virtual Rock Legend (Disc 1)
SCPS-18005;Quest for Fame: Be a Virtual Rock Legend (Disc 2)
SLES-03480;Qui Veut Gagner des Millions
SLES-03593;Qui Veut Gagner des Millions: Junior
SLES-03590;Qui Veut Gagner des Millions: Seconde Edition
SLES-03481;Quiere ser millonario
SLPS-91529;Quiz $ Millionaire: Waku Waku Party [PSOne Books]
SLPS-02189;Quiz Chara-Oke Don! Toei Tokusatsu Hero Part 1
SLPS-02310;Quiz Chara-Oke Don! Toei Tokusatsu Hero Part 2
SLPM-87156;Quiz Darake No Jinsei Game Dai-2-Kai!
SLPM-87097;Quiz Darake no Jinsei Game: Un to Atama de Daifugou!?
SLPS-02282;Quiz Darake no Jinsei Game: Un to Atama de Daifugou!?
SLPS-00875;Quiz Nanairo Dreams: Nijiiro-chou no Kiseki
SLES-03752;Quiz Show (Disc 1) (CD Gioco)
SLES-13752;Quiz Show (Disc 2) (CD Help e Backstage)
SLPS-03364;Quiz$Millionaire
SLPS-91515;Quiz$Millionaire
SLPS-03494;Quiz$Millionaire: Waku Waku Party
SLPS-00733;QuoVadis: Iverkurtz Sen'eki
SLPS-02047;R
SLPS-02045;R (Disc 1)
SLPS-02046;R (Disc 2) (Photo Album)
SLES-01459;R-C Stunt Copter
SLES-02140;R-C Stunt Copter
SLES-02141;R-C Stunt Copter
SLUS-00954;R-C Stunt Copter
SLED-01501;R-C Stunt Copter (Demo)
SLED-02231;R-C Stunt Copter (Demo)
SCES-01762;R-Type Delta
SLPS-01688;R-Type Delta
SLPS-03311;R-Type Delta
SLUS-00877;R-Type Delta
SLES-01355;R-Types
SLPS-01236;R-Types
SLUS-00753;R-Types
SLPS-03310;R-Types (R's Best)
SLPS-01087;R?MJ: The Mystery Hospital (Disc 1) (What's Going On)
SLPS-91096;R?MJ: The Mystery Hospital (Disc 1) (What's Going On)
SLPS-01088;R?MJ: The Mystery Hospital (Disc 2) (Fears Behind)
SLPS-91097;R?MJ: The Mystery Hospital (Disc 2) (Fears Behind)
SLPM-80172;R?MJ: The Mystery Hospital: Second Attack Sample CD-ROM
SLPM-86407;R/C Stunt Copter
SCPS-45356;R4: Ridge Racer Type 4
SCPS-46001;R4: Ridge Racer Type 4
SLPS-01798;R4: Ridge Racer Type 4
SLPS-01800;R4: Ridge Racer Type 4
SLUS-00797;R4: Ridge Racer Type 4
SCPS-45354;R4: Ridge Racer Type 4 (Disc 1)
SCPS-45355;R4: Ridge Racer Type 4 (Disc 2)
SLPS-91463;R4: Ridge Racer Type 4 [PSOne Books]
SLPS-02293;Raamen-bashi
SLPS-00167;Race Drivin' a Go! Go!
SLUS-01291;Racing
SCPS-45404;Racing Lagoon
SLPS-02038;Racing Lagoon
SLPS-91487;Racing Lagoon [PSOne Books]
SLES-01665;Racing Simulation 2
SCED-01640;Racing Special
SLPS-00417;Racingroovy VS
SLED-00966;radicalgames@psygnosis
SLED-00990;radicalgames@psygnosis v.2
SLED-01511;radicalgames@psygnosis v.3
SLES-01943;Radikal Bikers
SCES-00650;Rage Racer
SLPS-00600;Rage Racer
SLUS-00403;Rage Racer
SLES-03511;Rageball
SLUS-01461;Rageball
SCES-00222;Raging Skies
SCPS-45019;Raiden DX
SLPM-86656;Raiden DX
SLPS-00728;Raiden DX
SLPS-00013;Raiden Project
SLPS-91002;Raiden Project
SLPS-91144;Raiden Project [Playstation the Best] [Reprint]
SCUS-94402;Raiden Project, The
SLES-00051;Raiden Project, The
SLES-02426;Railroad Tycoon II
SLUS-00808;Railroad Tycoon II
SLPM-86272;Rakugaki Showtime
SCES-00408;Rally Cross
SCUS-94308;Rally Cross
SIPS-60022;Rally Cross
SCES-01631;Rally Cross 2
SCUS-94247;Rally Cross 2
SCUS-94377;Rally Cross 2 (Demo)
SLPM-80296;Rally de Africa
SLPS-01601;Rally de Africa
SLPS-02258;Rally de Africa
SLPS-02679;Rally de Europe
SLPS-03139;Ramen Hashi [Tomikore Best]
SLPS-01546;Rami-chan no Ooedo Sugoroku: Keiou Yuugekitai Gaiden
SLES-02021;Rampage 2: Universal Tour
SLUS-00742;Rampage 2: Universal Tour
SLES-02849;Rampage: Through Time
SLUS-01065;Rampage: Through Time
SLES-01011;Rampage: World Tour
SLUS-00549;Rampage: World Tour
SLES-00214;Ran Soccer
SLPS-00522;Ranma Â½: Battle Renaissance
PAPX-90007;Rap-la-MuuMuu from JumpingFlash! 2
SCES-00394;Rapid Racer
SCPS-10060;Rapid Racer
SCPS-45282;Rapid Racer
SCES-00004;Rapid Reload
SLES-00858;Rascal
SLUS-00542;Rascal
SLED-01065;Rascal (Demo)
SLUS-90015;Rascal (Demo)
SLES-04058;Rascal Racers
SLUS-01575;Rascal Racers
SLES-01103;Rat Attack
SLUS-00656;Rat Attack!
SLES-00039;Raven Project, The (Disc 1)
SLES-00518;Raven Project, The (Disc 1)
SLES-00519;Raven Project, The (Disc 1)
SLES-10039;Raven Project, The (Disc 2)
SLES-10518;Raven Project, The (Disc 2)
SLES-10519;Raven Project, The (Disc 2)
SCES-00741;Ray Tracers
SCPS-45010;Ray Tracers
SLPS-00098;Ray Tracers
SLUS-00534;Ray Tracers
SLPM-80078;Ray-Ray CD-ROM
SCPS-45487;Raycrisis
SLES-02882;RayCrisis
SLPM-80541;RayCrisis
SLPM-86450;RayCrisis
SLUS-01217;RayCrisis: Series Termination
SLPS-00026;Rayman
SLUS-00005;Rayman
SLES-00049;Rayman (EDC)
SLUS-90001;Rayman (Playable Game Preview)
SLES-02905;Rayman 2: The Great Escape
SLES-02906;Rayman 2: The Great Escape
SLUS-01235;Rayman 2: The Great Escape
SLUS-90095;Rayman 2: The Great Escape (Demo)
SLUS-01265;Rayman Brain Games
SLES-02797;Rayman Junior
SLES-02798;Rayman Junior: Level 1
SLES-02799;Rayman Junior: Level 2
SLES-02800;Rayman Junior: Level 3
SLES-03812;Rayman Rush
SLPM-88503;Rayman Rush
SLUS-01458;Rayman Rush
SCES-00742;RayStorm
SLPM-80066;RayStorm
SLPS-00678;RayStorm
SLPS-91050;RayStorm
SLUS-00482;RayStorm
SLUS-01322;Razor Freestyle Scooter
SLUS-01410;Razor Racing
SLES-03068;RC de Go!
SLPM-80563;RC de Go!
SLPM-86546;RC de Go!
SLUS-01285;RC de Go!
SLUS-01376;RC Helicopter
SLES-02824;RC Revenge
SLPM-86635;RC Revenge
SLUS-01168;RC Revenge
SLED-03100;RC Revenge (Demo)
SLES-00537;Re-Loaded
SLUS-00382;Re-Loaded: The Hardcore Sequel
SLES-01973;Re-Volt
SLPM-86332;Re-Volt
SLUS-00851;Re-Volt
SLES-02333;Ready 2 Rumble Boxing
SLPM-86448;Ready 2 Rumble Boxing
SLUS-00857;Ready 2 Rumble Boxing
SLES-02850;Ready 2 Rumble Boxing: Round 2
SLUS-01147;Ready 2 Rumble Boxing: Round 2
SCES-00561;Real Bout Fatal Fury
SCPS-45033;Real Bout Garou Densetsu
SLPM-80070;Real Bout Garou Densetsu
SLPS-00640;Real Bout Garou Densetsu
SLPM-86108;Real Bout Garou Densetsu [PlayStation the Best]
SCPS-45276;Real Bout Garou Densetsu Special: Dominated Mind
SLPM-80246;Real Bout Garou Densetsu Special: Dominated Mind
SLPM-86085;Real Bout Garou Densetsu Special: Dominated Mind
SLPM-86090;Real Bout Garou Densetsu Special: Dominated Mind
SLPM-86321;Real Bout Garou Densetsu Special: Dominated Mind [SNK Best Collection]
SLPS-02139;Real Robot Sensen
SLPS-01125;Real Robots: Final Attack
SLES-00922;ReBoot
SLES-00923;ReBoot
SLES-00924;ReBoot
SLES-00925;ReBoot
SLUS-00274;ReBoot
SLPS-01343;Rebus
SLPS-91121;Rebus
SCPS-45089;Recipro Heat 5000
SLPS-00744;Recipro Heat 5000
SLPS-02829;Recipro Heat 5000
SLUS-00282;Red Asphalt
SLES-01727;Reel Fishing
SLPS-00427;Reel Fishing
SLUS-00440;Reel Fishing
SLES-02780;Reel Fishing II
SLUS-00843;Reel Fishing II
SLPS-01840;Refrain Love 2 (Disc 1)
SLPS-01841;Refrain Love 2 (Disc 2)
SLPM-86654;Refrain Love: Anata ni Aitai
SLPS-00753;Refrain Love: Anata ni Aitai
SLPS-02151;Refrain Love: Anata Ni Aitai [Riverhill Soft Best]
SCED-01385;Registered Users Demo
SCED-00936;Registered Users Demo 02
SCED-01230;Registered Users Demo 03
SCED-01636;Registered Users Demo 05
SCED-01988;Registered Users Demo 06
SCED-02676;Registered Users Demo 08
SCED-00637;Registration Demo 01
SLPM-86274;Reikoku: Ikeda Kizoku Shinrei Kenkyuujo
SLPS-91453;Reikoku: Kizoku Ikeda's Psychics Laboratory [PSOne Books]
SCPS-45418;Remote Control Dandy
SLPM-80428;Remote Control Dandy
SLPM-80445;Remote Control Dandy
SLPS-02243;Remote Control Dandy
SLPS-01588;Ren'ai Kouza: Real Age
SLPS-01589;Ren'ai Kouza: Real Age: The Art of Eguchi Hisashi
SLPS-01590;Renai Kouza Real Age
SLES-02274;Renegade Racers
SLUS-01012;Renegade Racers
SLPS-00572;Rescue 24 Hours
SLUS-01507;Rescue Copter
SLES-03725;Rescue Heroes Molten Menace
SLUS-01220;Rescue Heroes Molten Menace
SLES-03726;Rescue Heroes: Helden in Gefahr
SLES-03724;Rescue Heroes: Molten Menace
SLUS-01373;Rescue Heroes: Molten Menace
SCES-02569;Rescue Shot
SCPS-45477;Rescue Shot Bubibo
SLPS-02555;Rescue Shot Bubibo
SLPM-80522;Rescue Shot Bubibo & Biohazard: Gun Survivor: GunCon Taiou Shooting Taikenban
SLED-00406;Resident Evil
SLES-00200;Resident Evil
SLES-00227;Resident Evil
SLES-00228;Resident Evil
SLES-00355;Resident Evil
SLUS-00170;Resident Evil
SLES-00335;Resident Evil (Demo)
SLED-00355;Resident Evil (Germany) (Demo)
SLUS-80421;Resident Evil 2
SLUS-90009;Resident Evil 2 (Demo)
SLES-00972;Resident Evil 2 (Disc 1)
SLES-00973;Resident Evil 2 (Disc 1)
SLES-00974;Resident Evil 2 (Disc 1)
SLES-00975;Resident Evil 2 (Disc 1)
SLES-00976;Resident Evil 2 (Disc 1)
SLUS-00421;Resident Evil 2 (Disc 1)
SLES-10972;Resident Evil 2 (Disc 2)
SLES-10973;Resident Evil 2 (Disc 2)
SLES-10974;Resident Evil 2 (Disc 2)
SLES-10975;Resident Evil 2 (Disc 2)
SLES-10976;Resident Evil 2 (Disc 2)
SLUS-00592;Resident Evil 2 (Disc 2)
SLED-00977;Resident Evil 2 (Preview)
SLUS-00748;Resident Evil 2: Dual Shock Ver. (Disc 1)
SLUS-00756;Resident Evil 2: Dual Shock Ver. (Disc 2)
SLES-02529;Resident Evil 3: Nemesis
SLES-02530;Resident Evil 3: Nemesis
SLES-02531;Resident Evil 3: Nemesis
SLES-02532;Resident Evil 3: Nemesis
SLES-02533;Resident Evil 3: Nemesis
SLES-02698;Resident Evil 3: Nemesis
SLUS-00923;Resident Evil 3: Nemesis
SLED-02541;Resident Evil 3: Nemesis (Demo)
SLUS-90064;Resident Evil 3: Nemesis (Demo)
SLES-00969;Resident Evil: Director's Cut
SLES-00970;Resident Evil: Director's Cut
SLES-00971;Resident Evil: Director's Cut
SLUS-00551;Resident Evil: Director's Cut
SLUS-00747;Resident Evil: Director's Cut: Dual Shock Ver.
SLES-02732;Resident Evil: Survivor
SLES-02744;Resident Evil: Survivor
SLUS-01087;Resident Evil: Survivor
SLPS-01974;Restaurant Dream
SLES-01661;Retro Force
SCED-03924;Retrouve la Magie Disney sur PlayStation
SLES-00177;Return Fire
SLUS-00184;Return Fire
SLPS-00192;Return to Zork (Disc 1)
SLPS-00193;Return to Zork (Disc 2)
SLPS-00143;Reverthion
SLES-00129;Revolution X: Music Is the Weapon
SLES-00151;Revolution X: Music Is the Weapon
SLPS-00258;Revolution X: Music Is the Weapon
SLUS-00012;Revolution X: Music Is the Weapon
SLUS-01073;Rhapsody: A Musical Adventure
SLPS-02634;Rhythm 'n' Face
SLES-04146;Rhythm Beat
SLPM-80116;Ridegear Guybrave
SLPM-80127;Ridegear Guybrave
SLPS-00905;Ridegear Guybrave
SLPM-80323;Ridegear Guybrave II
SLPS-01643;Ridegear Guybrave II (Disc 1)
SLPS-01644;Ridegear Guybrave II (Disc 2)
SCES-00001;Ridge Racer
SCUS-94300;Ridge Racer
SLPS-00001;Ridge Racer
SLPS-91001;Ridge Racer
SLUS-00540;Ridge Racer
SLUS-90049;Ridge Racer Bonus Turbo Mode Disc
SCED-01832;Ridge Racer Hi-Spec Demo
SLPS-00150;Ridge Racer Revolution
SLPS-91028;Ridge Racer Revolution
SLUS-00214;Ridge Racer Revolution
SCES-00242;Ridge Racer Revolution (EDC)
SCES-01706;Ridge Racer Type 4
SCED-01982;Ridge Racer Type 4 Collectors Demo
SCPS-45357;Ridge Racer: High Spec Ver. & Namco Catalogue '98
SLPS-01799;Ridge Racer: High Spec Ver. & Namco Catalogue '98
SLPS-01801;Ridge Racer: High Spec Ver. & Namco Catalogue '98
SLPS-03023;Riichi Mahjong: Ohitorisama demo Utemasu!
SLPM-87198;Rikujou Boueitai Mao-chan
SLPM-87210;Rikujou Boueitai Mao-chan
SLPS-00207;Ring of Sias
SLES-00472;Riot
SLED-00639;Riot (Demo)
SLPM-80102;Riot Stars
SLPS-00829;Riot Stars
SLES-00164;Rise 2: Resurrection
SLPS-00259;Rise 2: Resurrection
SLUS-00186;Rise 2: Resurrection
SLES-01779;Rising Zan: The Samurai Gunman
SLPS-01691;Rising Zan: The Samurai Gunman
SLUS-00829;Rising Zan: The Samurai Gunman
SLES-00707;Risk
SLUS-00616;Risk: The Game of Global Domination
SCPS-45383;Rittai Ninja Katsugeki Tenchu: Shinobi Gaisen
PAPX-90029;Rittai Ninja Katsugeki: Tenchu
SLPS-01272;Rittai Ninja Katsugeki: Tenchu
SLPS-03040;Rittai Ninja Katsugeki: Tenchu 2
SLPS-01901;Rittai Ninja Katsugeki: Tenchu: Shinobi Gaisen
SLPS-91174;Rittai Ninja Katsugeki: Tenchu: Shinobi Gaisen
SLPS-02400;Rittai Ninja Katsugeki: Tenchu: Shinobi Hyakusen
SLED-01756;Rival Schools + Resident Evil 2 + Bloody Roar + Street Fighter EX Plus Alpha + Mr Domino + Victory Boxing 2
SLUS-00681;Rival Schools: United by Fate (Disc 1) (Arcade Disc)
SLES-01436;Rival Schools: United by Fate (Disc 1) (Evolution Disc)
SLES-11436;Rival Schools: United by Fate (Disc 2) (Arcade Disc)
SLUS-00771;Rival Schools: United by Fate (Disc 2) (Evolution Disc)
SLES-00963;Riven: The Sequel to Myst (Disc 1)
SLES-01099;Riven: The Sequel to Myst (Disc 1)
SLES-01100;Riven: The Sequel to Myst (Disc 1)
SLPS-01180;Riven: The Sequel to Myst (Disc 1)
SLUS-00535;Riven: The Sequel to Myst (Disc 1)
SLES-10963;Riven: The Sequel to Myst (Disc 2)
SLES-11099;Riven: The Sequel to Myst (Disc 2)
SLES-11100;Riven: The Sequel to Myst (Disc 2)
SLPS-01181;Riven: The Sequel to Myst (Disc 2)
SLUS-00563;Riven: The Sequel to Myst (Disc 2)
SLES-20963;Riven: The Sequel to Myst (Disc 3)
SLES-21099;Riven: The Sequel to Myst (Disc 3)
SLES-21100;Riven: The Sequel to Myst (Disc 3)
SLPS-01182;Riven: The Sequel to Myst (Disc 3)
SLUS-00564;Riven: The Sequel to Myst (Disc 3)
SLES-30963;Riven: The Sequel to Myst (Disc 4)
SLES-31099;Riven: The Sequel to Myst (Disc 4)
SLES-31100;Riven: The Sequel to Myst (Disc 4)
SLPS-01183;Riven: The Sequel to Myst (Disc 4)
SLUS-00565;Riven: The Sequel to Myst (Disc 4)
SLES-40963;Riven: The Sequel to Myst (Disc 5)
SLES-41099;Riven: The Sequel to Myst (Disc 5)
SLES-41100;Riven: The Sequel to Myst (Disc 5)
SLPS-01184;Riven: The Sequel to Myst (Disc 5)
SLUS-00580;Riven: The Sequel to Myst (Disc 5)
SLES-00223;Road & Track Presents: The Need for Speed
SLUS-00204;Road & Track Presents: The Need for Speed
SLES-00543;Road Rage
SLES-00158;Road Rash
SLPS-00243;Road Rash
SLUS-00035;Road Rash
SLES-00910;Road Rash 3D
SLES-01157;Road Rash 3D
SLES-01158;Road Rash 3D
SLUS-00524;Road Rash 3D
SLES-02552;Road Rash: Jailbreak
SLUS-01053;Road Rash: Jailbreak
LSP-907127;Road Writer
SLES-02326;Roadsters
SLUS-01024;Roadsters
PAPX-90098;Robbit mon Dieu
SCPS-10103;Robbit mon Dieu
SLES-04110;Robin Hood: The Siege
SLPS-02501;Robin Lloyd no Bouken
SLES-00452;Robo Pit
SLPS-00165;Robo Pit
SLPS-02054;Robo Pit
SLUS-00316;Robo Pit
SLES-04054;Robo Pit 2
SLUS-01563;Robo Pit 2
SCPS-45082;RoboÂ·Pit 2
SLPM-80135;RoboÂ·Pit 2
SLPS-00877;RoboÂ·Pit 2
SLPS-00975;RoboÂ·Pit 2
SLPS-02382;RoboÂ·Pit 2
SLES-04112;Robocod: James Pond II
SLPS-02331;Robot x Robot
SLED-00515;Robotron X
SLES-00539;Robotron X
SLPS-00790;Robotron X
SLUS-00252;Robotron X (Demo)
ESPM-70002;Robots: Video Alchemy
SLUS-01124;Rock 'Em Sock 'Em Robots Arena
SLES-00056;Rock & Roll Racing 2: Red Asphalt
SLPS-00662;Rock-Climbing: Mitouhou e no Chousen: Alps-hen
SLPM-87250;Rockman
SLPS-02220;Rockman
SLPM-87409;Rockman 1 [Complete Works] [Capcom Game Books]
SLPM-87410;Rockman 2: Dr Wily no nazo [Complete Works] [Capcom Game Books]
SLPM-87249;Rockman 2: Dr. Wily no Nazo
SLPS-02255;Rockman 2: Dr. Wily no Nazo
SLPM-87258;Rockman 3: Dr. Wily no Saigo!?
SLPS-02262;Rockman 3: Dr. Wily no Saigo!?
SLPM-87259;Rockman 4: Aratanaru Yabou!!
SLPS-02324;Rockman 4: Aratanaru Yabou!!
SLPM-87268;Rockman 5: Blues no Wana!?
SLPS-02338;Rockman 5: Blues no Wana!?
SLPM-87269;Rockman 6: Shijou Saidai no Tatakai!!
SLPS-02379;Rockman 6: Shijou Saidai no Tatakai!!
SLPS-00630;Rockman 8: Metal Heroes
SLPS-91045;Rockman 8: Metal Heroes
SLPS-02109;Rockman Dash 2: Episode 1: 'Roll-chan Kiki Ippatsu!' no Maki
SLPM-86813;Rockman Dash 2: Episode 2: Ooinaru Isan
SLPS-02711;Rockman Dash 2: Episode 2: Ooinaru Isan
SLPM-80158;Rockman Dash: Hagane no Boukenshin
SLPS-01141;Rockman Dash: Hagane no Boukenshin
SLPS-91094;Rockman Dash: Hagane no Boukenshin
SLPS-91107;Rockman Dash: Hagane no Boukenshin
SLPS-91135;Rockman Dash: Hagane no Boukenshin
SLPS-00283;Rockman X3
SLPS-91192;Rockman X3
SLPM-87315;Rockman X4
SLPS-00901;Rockman X4
SLPS-00902;Rockman X4
SLPS-91106;Rockman X4
SLPM-80121;Rockman X4, Rockman 8: Metal Heroes, Rockman: Battle & Chase
SLPM-86666;Rockman X5
SLPM-87021;Rockman X5
SLPM-86959;Rockman X6
SLPM-87183;Rockman X6
SLPS-00764;Rockman: Battle & Chase
SLPS-91093;Rockman: Battle & Chase
SLES-02976;Roger Lemerre: La Selection des Champions
SLES-03604;Roger Lemerre: La Selection des Champions 2002
SLES-01417;Rogue Trip: Vacation 2012
SLUS-00643;Rogue Trip: Vacation 2012
SLUS-90044;Rogue Trip: Vacation 2012 (Demo)
SLUS-80643;Rogue Trip: Vacation 2012 (Demo) (Alt)
SLES-03449;Roland Garros French Open 2001
SLUS-00724;Roll Away
SLES-01660;Rollcage
SLUS-00800;Rollcage
SLED-01732;Rollcage (Demo)
SLED-01896;Rollcage (Demo)
SLUS-90052;Rollcage (Demo)
SCES-01922;Rollcage Stage II
SLUS-00867;Rollcage Stage II
SLUS-00195;Romance of the Three Kingdoms IV: Wall of Fire
SLUS-00918;Romance of the Three Kingdoms VI: Awakening of the Dragon
SLPM-87111;Romance wa Tsurugi no Kagayaki II: Gin no Niji o Sagashite (Disc 1)
SLPM-87113;Romance wa Tsurugi no Kagayaki II: Gin no Niji o Sagashite (Disc 1)
SLPM-87112;Romance wa Tsurugi no Kagayaki II: Gin no Niji o Sagashite (Disc 2)
SLPM-87114;Romance wa Tsurugi no Kagayaki II: Gin no Niji o Sagashite (Disc 2)
SLES-00995;Ronaldo V-Football
SLES-02681;Ronaldo V-Football
SLES-02094;Ronin Blade
SLPS-02140;Roommate: Inoue Ryoko
SCES-00257;Rosco McQueen
SLUS-00750;Rosco McQueen Firefighter Extreme
SLES-02591;Roswell Conspiracies: Aliens, Myths & Legends
SLUS-01062;Roswell Conspiracies: Aliens, Myths & Legends
SLES-04069;Rox
SLPS-01641;RoX: 6 = Six
SLPS-02388;RoX: 6 = Six
SLUS-00640;RPG Maker
SLPS-01093;RPG Tkool 3
SLPS-91114;RPG Tkool 3
SLPS-02861;RPG Tkool 4
SLES-03772;RTL Skispringen 2002
SLES-01939;Ruff & Tumble
SLES-02384;Ruff & Tumble
SLPM-80104;Runabout
SLPS-00857;Runabout
SLPS-91059;Runabout
SCPS-45272;Runabout [Playstation the Best]
SLPM-86875;Runabout [Rerelease]
SLES-04015;Runabout 2
SLPM-80510;Runabout 2
SLPS-02403;Runabout 2
SLPS-03033;Runabout 2
SLUS-01135;Runabout 2
SCPS-45064;Running High
SLPM-80095;Running High
SLPS-00751;Running High
SCES-01630;Running Wild
SCUS-94272;Running Wild
SCUS-94373;Running Wild (Demo)
SCPS-10030;Rurouni Kenshin: Meiji Kenkaku Romantan: Ishin Gekitou-hen
SCPS-91081;Rurouni Kenshin: Meiji Kenkaku Romantan: Ishin Gekitou-hen
PAPX-90021;Rurouni Kenshin: Meiji Kenkaku Romantan: Juuyuushi Inbou-hen
PAPX-90024;Rurouni Kenshin: Meiji Kenkaku Romantan: Juuyuushi Inbou-hen
SCPS-10048;Rurouni Kenshin: Meiji Kenkaku Romantan: Juuyuushi Inbou-hen
SCPS-91108;Rurouni Kenshin: Meiji Kenkaku Romantan: Juuyuushi Inbou-hen
SCUS-94417;Rush Hour
SLES-01080;Rushdown
SLUS-00828;Rushdown
SLPS-01035;Ryuuki Denshou: Dragoon
SLES-01286;S.C.A.R.S.
SLUS-00692;S.C.A.R.S.
SLED-01415;S.C.A.R.S. (Demo)
SLPM-86234;SÃ¶ldnerschild Special
SLPS-01319;SÃ¶ldnerschild Special
SLES-00597;Saban's Power Rangers Zeo: Full Tilt Battle Pinball
SLUS-00256;Saban's Power Rangers Zeo: Full Tilt Battle Pinball
SLES-03286;Saban's Power Rangers: Lightspeed Rescue
SLUS-01114;Saban's Power Rangers: Lightspeed Rescue
SLES-03730;Saban's Power Rangers: Time Force
SLUS-01351;Saban's Power Rangers: Time Force
SLPS-00738;Saber Marionette J: Battle Sabers
SLPS-00739;Saber Marionette J: Battle Sabers
SLES-03628;Sabrina l'Apprentie Sorciere et l'Horloge Cosmique
SLES-03561;Sabrina the Teenage Witch: A Twitch in Time!
SLUS-01208;Sabrina the Teenage Witch: A Twitch in Time!
SCPS-45102;SaGa Frontier
SCUS-94230;SaGa Frontier
SLPM-87375;SaGa Frontier
SLPS-00898;SaGa Frontier
SLPS-91482;SaGa Frontier
SLPS-02766;Saga Frontier [Square Millennium Collection]
SLES-02112;SaGa Frontier 2
SLES-02113;SaGa Frontier 2
SLES-02118;SaGa Frontier 2
SLUS-00933;SaGa Frontier 2
SCPS-45300;Saga Frontier 2 (Disc 1)
SCPS-45301;Saga Frontier 2 (Disc 2)
SLPM-87376;Saga Frontier 2 [Ultimate Hits]
SCPS-45400;SaGa Frontier II
SLPS-01990;SaGa Frontier II
SLPS-02767;SaGa Frontier II
SLPS-91483;SaGa Frontier II
SLPS-02611;Saibara Rieko no Mahjong Toriatama Kikou
SLPS-03482;Saikyou Ginsei Chess
SLPS-03461;Saikyou Ginsei Mahjong
SLPS-03326;Saikyou Ginsei Shougi
SLPS-03481;Saikyou Ginsei Shougi 2
SLPS-01321;Saikyou no Igo
SLPM-86731;Saikyou no igo: The strongest game of go [Reprint]
SLPS-01978;Saikyou no Shougi
SLPS-01679;Saikyou Toudai Shougi
SLPS-02548;Saikyou Toudai Shougi
SLPS-02397;Saikyou Toudai Shougi 2
SLPS-03230;Saikyou Toudai Shougi 2
SLPM-80215;Saishuu Densha
SLPS-01257;Saishuu Densha
SLPS-02372;Saishuu Densha
SLPS-03327;Saishuu Densha [Rerelease]
SLPM-87127;Saiyuki [Koei Teiban Series]
SLUS-01381;Saiyuki: Journey West
SLPM-86339;Saiyuuki
SLPM-86704;Saiyuuki
SLPS-01152;Sakamoto Ryouma: Ishin Kaikoku
SLPS-02808;Sakkyoku surun da mon: Dance Remix-hen
SLPS-01740;Sakuma-shiki Jinsei Game
SLPM-86037;Salamander Deluxe Pack Plus
SLPM-86820;Salaryman Champ: Tatakau Salaryman
SLPS-02806;Salaryman Kintarou: The Game
SLPS-03175;Salaryman Settai Mahjong
SLES-03753;Saltwater Sportfishing
SLUS-01397;Saltwater Sportfishing
SLUS-01063;Sammy Sosa High Heat Baseball 2001
SLUS-01064;Sammy Sosa Softball Slam
SLES-00217;Sampras Extreme Tennis
SLPS-00594;Sampras Extreme Tennis
SLPS-03506;Samurai Deeper Kyo
SLPS-03505;Samurai Deeper Kyou
SCES-00563;Samurai Shodown III
SCUS-94206;Samurai Shodown III: Blades of Blood
SLUS-01039;Samurai Shodown: Warriors Rage
SLPS-01171;Samurai Spirits: Amakusa Kourin Special
SLPS-91513;Samurai Spirits: Amakusa Kourin Special
SCPS-45209;Samurai Spirits: Kenkaku Shinan Pack
SLPS-00647;Samurai Spirits: Kenkaku Shinan Pack
SLPS-00350;Samurai Spirits: Zankurou Musouken
SLPS-91514;Samurai Spirits: Zankurou Musouken
SLPS-91024;Samurai Spirits: Zankurou Musouken [PlayStation the Best]
SLES-01208;San Francisco Rush: Extreme Racing
SLUS-00505;San Francisco Rush: Extreme Racing
SLPM-80085;Sangoku Musou
SLPM-86860;Sangoku Musou
SLPS-00731;Sangoku Musou
SLPM-86151;Sangoku Musou [Playstation the Best]
SLPM-86744;Sangokushi Eiketsuden
SLPS-00309;Sangokushi Eiketsuden
SLPM-86182;Sangokushi Eiketsuden [Koei the Best]
SLPM-86607;Sangokushi II
SLPS-01596;Sangokushi II
SLPM-86747;Sangokushi III
SLPM-87129;Sangokushi III
SLPS-00114;Sangokushi IV
SLPS-91052;Sangokushi IV
SLPM-87179;Sangokushi IV [Koei Teiban Series]
SLPS-00979;Sangokushi IV with Power-Up Kit
SLPM-86205;Sangokushi Koumeiden
SLPS-00688;Sangokushi Koumeiden
SLPM-86862;Sangokushi Koumeiden [Koei Teiban Series]
SLPM-86171;Sangokushi Returns
SLPS-00474;Sangokushi Returns
SLPS-00703;Sangokushi V
SLPM-87274;Sangokushi V [Koei Teiban Series]
SLPM-86207;Sangokushi V [Playstation the Best]
SLPS-01466;Sangokushi V with Power-Up Kit
SCPS-45327;Sangokushi VI
SLPM-86129;Sangokushi VI
SLPM-86886;Sangokushi VI
SLPM-86285;Sangokushi VI [Koei Summer Campaign]
SLPM-86312;Sangokushi VI with Power-Up Kit
SLPM-86728;Sangokushi VII
SCPS-45003;Sanguozhi IV
SCPS-45128;Sanguozhi V
SLPS-91494;Sankyo Fever 4 [PSOne Books]
SLPS-00425;Sankyo Fever: Downtown Geki
SLPS-00264;Sankyo Fever: Jikki Simulation
SLPS-01176;Sankyo Fever: Jikki Simulation Vol. 2
SLPS-01393;Sankyo Fever: Jikki Simulation Vol. 3
SLPM-80065;Sanmi Ittai
SLES-04023;Santa Claus Saves the Earth
SLES-02919;Sanvein
SLPS-02164;Sanyo Pachinko Paradise
SLPS-02389;Sanyo Pachinko Paradise 2: Umi Monogatari Special
SLPS-02633;Sanyo Pachinko Paradise 3: Wan Wan Daikoushin
SLPS-02988;Sanyo Pachinko Paradise 4: Sushiya da Gen-san!!
SLPS-03190;Sanyo Pachinko Paradise 5: Uki Uki Tairyoubata
SLPS-02761;Saraba Uchuu Senkan Yamato: Ai no Senshi-tachi (Disc 1)
SLPS-02762;Saraba Uchuu Senkan Yamato: Ai no Senshi-tachi (Disc 2)
SLPS-02763;Saraba Uchuu Senkan Yamato: Ai no Senshi-tachi (Disc 3)
PAPX-90079;Saru! Get You!
SCPS-10084;Saru! Get You!
SCPS-10091;Saru! Get You!
SCPS-45396;Saru! Get You!
SCPS-45411;Saru! Get You!
SCPS-91196;Saru! Get You!
SCPS-91331;Saru! Get You! [PSOne Books]
SLPS-01203;SatelliTV
SLPS-00613;Satomi no Nazo
SLES-04177;Schnappi: Das kleine Krokodil: 3 Fun-Games
SLPS-00780;SchrÃ¶dinger no Neko: Die Katze von SchrÃ¶dinger
SCPS-45075;Schrdinger no Neko: Die Katze von Schrdinger
LSP-990161;Science Is Elementary 1
LSP-990162;Science Is Elementary 2
LSP-990163;Science Is Elementary 3
SLES-03703;Scooby-Doo and the Cyber Chase
SLUS-01396;Scooby-Doo and the Cyber Chase
SLUS-90098;Scooby-Doo and the Cyber Chase (Demo)
SLES-03733;Scooby-Doo et la Cybertraque
SLES-03770;Scooter Racing
SLES-03642;Scrabble
SLES-03751;Scrabble
SLUS-00903;Scrabble
SLPS-02757;Screen
SLPS-03145;SD Gundam Eiyuuden: Daikessen!! Kishi vs. Musha
SCPS-45034;SD Gundam: GCentury
SLPS-00785;SD Gundam: GCentury
SLPS-91065;SD Gundam: GCentury
SLPS-01560;SD Gundam: GGeneration
SLPS-91133;SD Gundam: GGeneration
SLPS-01561;SD Gundam: GGeneration (Premium Disc)
SLPS-02200;SD Gundam: GGeneration-0 (Disc 1)
SLPS-03206;SD Gundam: GGeneration-0 (Disc 1)
SLPS-02201;SD Gundam: GGeneration-0 (Disc 2)
SLPS-03207;SD Gundam: GGeneration-0 (Disc 2)
SLPM-84004;SD Gundam: GGeneration-F (Disc 1)
SLPS-02900;SD Gundam: GGeneration-F (Disc 1)
SLPS-02912;SD Gundam: GGeneration-F (Disc 1)
SLPM-84005;SD Gundam: GGeneration-F (Disc 2)
SLPS-02901;SD Gundam: GGeneration-F (Disc 2)
SLPS-02913;SD Gundam: GGeneration-F (Disc 2)
SLPM-84006;SD Gundam: GGeneration-F (Disc 3)
SLPS-02902;SD Gundam: GGeneration-F (Disc 3)
SLPS-02914;SD Gundam: GGeneration-F (Disc 3)
SLPM-84007;SD Gundam: GGeneration-F (Disc 4) (Premium Disc)
SLPS-02903;SD Gundam: GGeneration-F (Disc 4) (Premium Disc)
SLPS-02915;SD Gundam: GGeneration-F (Disc 4) (Premium Disc)
SLPS-03195;SD Gundam: GGeneration-F.I.F
SLPS-00385;SD Gundam: Over Galaxian
SLPS-02073;SD Hiryuu no Ken: Episode Ougi no Sho
SLUS-01149;Sea-Doo Hydro Cross
SLPS-00356;SeaBass Fishing
SLPS-00992;SeaBass Fishing 2
LSP-020160;Secret of Googol 1a, The: Reshaping Googol: The Submarine
LSP-020150;Secret of Googol 1b, The: Reshaping Googol: The Tower
LSP-020180;Secret of Googol 2a, The: Reshaping Googol: The Castle
LSP-020170;Secret of Googol 2b, The: Reshaping Googol: Under the Ocean
LSP-020260;Secret of Googol 3, The: The Googol Counting Fair: Midways
LSP-020280;Secret of Googol 4, The: The Googol Counting Fair: Corral & Fun House
LSP-020450;Secret of Googol 5, The: Googolfest: Party Isle & Toy Isle
LSP-020570;Secret of Googol 6, The: Googolfest: Arcade Isle & Moon Feast Isle
LSP-020650;Secret of Googol 7, The: Eggs All Around: Egg Trek & Balloon Picnic
LSP-020780;Secret of Googol 8, The: Googol Gulch: General Store & Math Arcade
SLPM-80426;Segare Ijiri
SLPM-86230;Segare Ijiri
SLPS-02323;Seikai no Monshou
SCPS-45416;Seiken Densetsu: Legend of Mana
SLPM-87394;Seiken Densetsu: Legend of Mana
SLPS-02170;Seiken Densetsu: Legend of Mana
SLPS-02771;Seiken Densetsu: Legend of Mana
SLPS-91456;Seiken Densetsu: Legend of Mana
SLPS-00483;Seikon no Joka: Hikari to Yami no Seioujo
SLPM-80271;Seirei Shoukan: Princess of Darkness
SLPS-01271;Seirei Shoukan: Princess of Darkness
SLPS-02652;Seireiki Rayblade
SLPS-00599;Seireki 1999: Pharaoh no Fukkatsu
SLPS-00942;Seiryuu Densetsu Gaiden
SLPM-86191;Seishoujo Kantai Virgin Fleet
SLPS-03325;Sekai Saikyou Ginsei Igo
SLPS-03480;Sekai Saikyou Ginsei Igo 2
SLPS-03563;Sekai Saikyou Ginsei Igo 3
SCPS-10011;Sengoku Cyber: Fujimaru Jigokuhen
SLPS-03151;Sengoku Mugen
SLPS-02736;Senkai Taisen: TV Animation Senkaiden Houshin Engi yori
SLPS-03176;Senkai Tsuuroku Seishi: TV Animation Senkaiden Houshin Engi yori
SLPS-91422;Senryaku Shidan: Tora! Tora! Tora! Rikusen-hen
SLPS-02631;Senryaku Shidan: Tora! Tora! Tora! Rikusenhen
SLPS-02936;Senryaku Shidan: Tora! Tora! Tora! Rikusenhen [Rerelease]
SLPS-00142;Senryaku Shougi
SLES-01021;Sensible Soccer
SCUS-94110;Sentient
SLES-00106;Sentient: Explore the Infinite
SLPS-03184;Sentimental Graffiti
SLPS-03183;Sentimental Graffiti: Yakusoku
SLPS-01473;Sentimental Journey
SLES-01051;Sentinel Returns
SLUS-00604;Sentinel Returns
SLPS-00124;Sento Monogatari: Sono I
SCPS-10034;Sentou Kokka Kai: Improved
SCPS-91156;Sentou Kokka Kai: Improved
SCPS-10015;Sentou Kokka: Air Land Battle
SCPS-91008;Sentou Kokka: Air Land Battle
SLPM-86612;Septentrion: Out of the Blue
SLPS-01940;Septentrion: Out of the Blue
SLPS-01603;Serial Experiments Lain (Disc 1)
SLPS-01604;Serial Experiments Lain (Disc 2)
SLES-03180;Sesame Street Sports
SLUS-01180;Sesame Street Sports
SLES-02510;Sesame Street: Elmo's Letter Adventure
SLUS-00621;Sesame Street: Elmo's Letter Adventure
SLES-02511;Sesame Street: Elmo's Number Journey
SLUS-00622;Sesame Street: Elmo's Number Journey
SLPM-86009;Sexy Parodius
SCES-02176;Sfida al Tetris Magico
SCPS-10139;Shachou Eiyuuden
SLPM-87027;Shadow and Shadow
SLES-01359;Shadow Gunner: The Robot Wars
SLUS-90031;Shadow Madness (Demo)
SCES-02099;Shadow Madness (Disc 1)
SCES-02100;Shadow Madness (Disc 1)
SCES-02101;Shadow Madness (Disc 1)
SCES-02102;Shadow Madness (Disc 1)
SCES-02103;Shadow Madness (Disc 1)
SLUS-00468;Shadow Madness (Disc 1)
SCES-12099;Shadow Madness (Disc 2)
SCES-12100;Shadow Madness (Disc 2)
SCES-12101;Shadow Madness (Disc 2)
SCES-12102;Shadow Madness (Disc 2)
SCES-12103;Shadow Madness (Disc 2)
SLUS-00718;Shadow Madness (Disc 2)
SLES-00947;Shadow Man
SLES-02281;Shadow Man
SLUS-00895;Shadow Man
SLES-02282;Shadow Man: Rette deine Seele
SLES-00888;Shadow Master
SLUS-00545;Shadow Master
SLED-00968;Shadow Master (Demo)
SLPS-01420;Shadow Tower
SLUS-00863;Shadow Tower
SLPS-01472;Shake Kids
SLPS-03432;Shaman King: Spirit of Shamans
SLES-01576;Shane Warne Cricket
SCPS-10004;Shanghai: Banri no Choujou
SCPS-10005;Shanghai: Banri no Choujou
SLPS-00266;Shanghai: Great Moments
SLPS-01552;Shanghai: Mateki Buyuu
SLPS-03208;Shanghai: Mateki Buyuu
SLPM-86836;Shanghai: Shouryuu Sairin
SLUS-00795;Shanghai: True Valor
SLES-01618;Shanghai: True Valor (Alt)
SLES-01658;Shaolin
SCPS-45510;Shediao Yingxiongzhuan
SLES-02218;Sheep
SLPM-87020;Sheep
SLPS-03229;Sheep
SLUS-01298;Sheep
SLES-02895;Sheep, Dog 'n' Wolf
SLED-03631;Sheep, Dog 'n' Wolf: Interactive Demo
SLES-00026;Shellshock
SLES-00215;Shellshock
SLES-00216;Shellshock
SLUS-00031;Shellshock
SLPS-00486;Shellshock: Jus' Keepin' da Peace
SLPM-86527;Shichida-shiki Unou de Asobenture Vol. 1: Kotoba ABC: 0-2-sai Muke
SLPM-86528;Shichida-shiki Unou de Asobenture Vol. 2: Katachi 123: 0-2-sai Muke
SLPM-86529;Shichida-shiki Unou de Asobenture Vol. 3: Kotoba ABC: 2-4sai Muke
SLPM-86530;Shichida-shiki Unou de Asobenture Vol. 4: Katachi 123: 2-4-sai Muke
SLPM-86531;Shichida-shiki Unou de Asobenture Vol. 5: Kotoba ABC: 4-6-sai Muke
SLPM-86532;Shichida-shiki Unou de Asobenture Vol. 6: Katachi 123: 4-6-sai Muke
SLPS-01619;Shichisei Toushin Guyferd: Crown Kaimetsu Sakusen
SLPS-00082;Shichuu Suimei Pitagraph
SLPS-02810;Shiki Oriori no Bass Tsuri
SLPM-87251;Shin DX Okuman Chouja Game: Tsukutte! Utte! Oomouke!
SLPS-00381;Shin Fortune Quest: Shokutaku no Kishi-tachi
SLPS-00382;Shin Fortune Quest: Shokutaku no Kishi-tachi
SLPM-86177;Shin Jidaigeki Action: Rasetsu no Ken
SCPS-45450;Shin Masou Kishin Panzer Warfare
SLPS-02319;Shin Masou Kishin: Panzer Warfare
SLPS-03170;Shin Megami Tensei
SLPM-87153;Shin Megami Tensei If...
SLPM-87154;Shin Megami Tensei If...
SLPM-86924;Shin Megami Tensei II
SLPS-00084;Shin Nihon Pro Wrestling: Toukon Retsuden
SLPS-91009;Shin Nihon Pro Wrestling: Toukon Retsuden
SLPS-00637;Shin Nihon Pro Wrestling: Toukon Retsuden 2
SLPS-01314;Shin Nihon Pro Wrestling: Toukon Retsuden 3
SLPS-01366;Shin Nihon Pro Wrestling: Toukon Retsuden 3
SLPS-00655;Shin SD Sengokuden Chou Kidou Daishougun
SLPS-00576;Shin SD Sengokuden: Kidou Musha Taisen
SCPS-45365;Shin Sedai Robot Senki: Brave Saga
SLPS-01755;Shin Sedai Robot Senki: Brave Saga
SLPS-01756;Shin Sedai Robot Senki: Brave Saga
SLPM-80275;Shin Sedai Robot Senki: Brave Saga: Yuusha Gentei Koushiki Data Disc: Yuusha no Akashi
SLPS-01485;Shin Seiki Evangelion: Eva to Yukai na Nakama-tachi
SLPS-01377;Shin Seiki Evangelion: Koutetsu no Girlfriend (Disc 1)
SLPS-01378;Shin Seiki Evangelion: Koutetsu no Girlfriend (Disc 2)
SLPS-00873;Shin Senki Van-Gale: The War of Neo-Century
SCPS-45069;Shin Shikoutei: The First Emperor
SLPS-00863;Shin Shikoutei: The First Emperor
SLPS-00550;Shin Super Robot Taisen
SLPS-91084;Shin Super Robot Taisen [Playstation the Best]
SLPS-00787;Shin Super Robot Taisen: Special Disc
SLPS-00810;Shin Theme Park
SLPS-91131;Shin Theme Park
SLPS-91472;Shin Theme Park [PSOne Books]
SLPS-00414;Shingata Kururin Pa!
SCPS-45402;Shinji Daigeki Action: Rasetsu no Ken
SLPS-02877;Shinobi no Roku
SLPS-00925;Shinseiden Megaseed: Fukkatsu-hen
SLPS-03558;Shinseiki GPX Cyber Formula: Aratanaru Chousensha [Rerelease] (Disc 1)
SLPS-03559;Shinseiki GPX Cyber Formula: Aratanaru Chousensha [Rerelease] (Disc 2)
SLPM-86109;Shinsetsu Samurai Spirits: Bushidou Retsuden
SLPS-00814;Shinsetsu Samurai Spirits: Bushidou Retsuden
SLPM-80156;Shinshuku Taisen: It's a Nony!
SLPS-01114;Shinshuku Taisen: It's a Nony!
SLPS-02865;Shinshuku Taisen: It's a Nony!
SLPS-03312;Shinsou Kaiten!! Wan Wan Umi Monogatari: Sanyo Pachinko Paradise DX
SLUS-00558;Shipwreckers!
SLUS-90013;Shipwreckers! (Demo)
SLPS-01240;Shiritsu Justice Gakuen: Legion of Heroes (Disc 1) (Evolution Disc)
SLPS-01241;Shiritsu Justice Gakuen: Legion of Heroes (Disc 2) (Arcade Disc)
SLPM-86750;Shiritsu Justice Gakuen: Nekketsu Seishun Nikki 2
SLPS-02120;Shiritsu Justice Gakuen: Nekketsu Seishun Nikki 2
SLPM-86854;Shisenfu Gekikara Mahjong [Cyclone Best]
SLPS-01648;Shisenfuu Gekikara Mahjong
SLPS-00419;Shock Wave
SLPS-00516;Shock Wave: Operation JumpGate
SLES-00071;Shockwave Assault (Disc 1) (Shockwave: Invasion Earth)
SLUS-00028;Shockwave Assault (Disc 1) (Shockwave: Invasion Earth)
SLES-10071;Shockwave Assault (Disc 2) (Shockwave: Operation Jumpgate)
SLUS-00137;Shockwave Assault (Disc 2) (Shockwave: Operation Jumpgate)
SLES-03807;Shonen Jump's One Piece: Grand Battle
SLES-04176;Shoot
SLPS-00139;Shougi Joryuu Meijin'isen
SLPM-86069;Shougi Saikyou 2
SLPS-03083;Shougi Saikyou 2 [Magical 1500]
SLPS-01976;Shougi Saikyou: Pro ni Manabu
SLPS-03081;Shougi Saikyou: Pro ni Manabu [Magical 1500]
SLPS-00253;Shouryuu Sangoku Engi
SLES-03996;Shrek Treasure Hunt
SLUS-01463;Shrek Treasure Hunt
SLPS-01202;Shura no Mon
SLPS-00276;Shusse Mahjong Daisettai
SLPS-00573;Shutokou Battle Gaiden: Super Technic Challenge: Drift King e no Michi
SLPM-80088;Shutokou Battle R
SLPS-00828;Shutokou Battle R
SLPS-91069;Shutokou Battle R
SLPS-91427;Shutokou Battle R
SLPS-02401;Shuukan Gallop: Blood Master (Disc 1)
SLPS-02402;Shuukan Gallop: Blood Master (Disc 2)
SLPS-00881;Shuukan Pro Wres Kanshuu: Pro Wres Sengokuden
SLPS-00336;Sid Meier's Civilization: Shin Sekai Shichidai Bunmei
SLPM-80145;Side by Side Special
SLPS-01175;Side by Side Special
SLPM-86344;Side by Side Special 2000
SLPS-01079;Side Pocket 3
SLPS-00156;Sidewinder
SLPS-00954;Sidewinder 2: Let's Dance in the Sky
SLPS-91132;Sidewinder 2: Let's Dance in the Sky
SCPS-45137;Sidewinder II: Let's Dance in the Sky
SLPS-91010;Sidewinder USA
SCPS-45437;Silent Bomber
SLES-02989;Silent Bomber
SLES-02990;Silent Bomber
SLES-02991;Silent Bomber
SLES-02992;Silent Bomber
SLPM-80494;Silent Bomber
SLPS-02334;Silent Bomber
SLUS-00902;Silent Bomber
SCPS-45380;Silent Hill
SLES-01514;Silent Hill
SLPM-80363;Silent Hill
SLPM-86192;Silent Hill
SLPM-86498;Silent Hill
SLPM-87029;Silent Hill
SLUS-00707;Silent Hill
SLUS-90050;Silent Hill (Demo 1)
SLUS-80707;Silent Hill (Demo 2)
SLED-01735;Silent Hill (Demo)
SLED-01774;Silent Hill (Demo)
SLED-02186;Silent Hill (Demo)
SLES-04157;Silent Iron
SLPS-01618;Silent MÃ¶bius: Case: Titanic
SLPS-01803;Silent MÃ¶bius: Gen'ei no Datenshi
SLUS-00728;Silhouette Mirage
SLPS-01449;Silhouette Mirage: Reprogrammed Hope
SLPS-00374;Silhouette Stories
SLPS-02320;Silver Jiken: The Silver
SLPS-02969;Silver Jiken: The Silver
SLPM-80469;Silver Jiken: The Silver: Experience
SLUS-00050;Silverload
SLPS-00748;Sim Town
SLES-00471;SimCity 2000
SLPS-00420;SimCity 2000
SLPS-91098;SimCity 2000
SLUS-00113;SimCity 2000
SLPS-02842;Simple 1500 Jitsuyou Series Vol. 01: Norikae Annai: 2000-nenban
SLPS-02843;Simple 1500 Jitsuyou Series Vol. 02: Katei no Fuusui
SLPS-02841;Simple 1500 Jitsuyou Series Vol. 03: Seimei Handan
SLPS-02839;Simple 1500 Jitsuyou Series Vol. 04: Ryouri: Teiban Ryouri Recipe-shuu
SLPM-86706;Simple 1500 Jitsuyou Series Vol. 05: Kusuri no Jiten: Pill Book 2001-nenban
SLPM-86707;Simple 1500 Jitsuyou Series Vol. 06: Cocktail no Recipe
SLPM-86797;Simple 1500 Jitsuyou Series Vol. 07: Tanoshiku Manabu Unten Menkyo
SLPM-86708;Simple 1500 Jitsuyou Series Vol. 08: 1-jikan de Wakaru Kabushiki Toushi
SLPM-86843;Simple 1500 Jitsuyou Series Vol. 09: Watashi Style no Aromatherapy
SLPM-86913;Simple 1500 Jitsuyou Series Vol. 10: Tarot Uranai
SLPM-86968;Simple 1500 Jitsuyou Series Vol. 11: Katei de Dekiru Tsubo Shiatsu
SLPM-86969;Simple 1500 Jitsuyou Series Vol. 12: Katei no Igaku: Shindan Jiten
SLPM-87016;Simple 1500 Jitsuyou Series Vol. 13: Shinri Game: Soreike x Kokology: Kokoro no Uso no Makafushigi
SLPM-87022;Simple 1500 Jitsuyou Series Vol. 14: Kurashi no Manner: Kankon Sousai-hen
SLPM-87051;Simple 1500 Jitsuyou Series Vol. 15: Inu no Kai-kata: Sekai no Inu Catalog
SLPM-87052;Simple 1500 Jitsuyou Series Vol. 16: Neko no Kai-kata: Sekai no Neko Catalog
SLPM-87049;Simple 1500 Jitsuyou Series Vol. 17: Planetarium
SLPM-87072;Simple 1500 Jitsuyou Series Vol. 18: Kanji Quiz: Kanji Kentei ni Challenge
SLPS-01631;Simple 1500 Series Vol. 1: The Mahjong
SLPS-02437;Simple 1500 Series Vol. 1: The Mahjong
SLPS-02030;Simple 1500 Series Vol. 10: The Billiard
SLPS-02446;Simple 1500 Series Vol. 10: The Billiard
SLPM-87141;Simple 1500 Series Vol. 100: The Uchuu Hikoushi
SLPM-87142;Simple 1500 Series Vol. 101: The Sentou
SLPM-87144;Simple 1500 Series Vol. 102: The Densha Untenshu: Densha de Go! Nagoya Tetsudou-hen
SLPM-87212;Simple 1500 Series Vol. 103: The Ganso Densha Untenshi: Densha de Go!
SLPM-87215;Simple 1500 Series Vol. 104: The Pink Panther: Pinkadelic Pursuit
SLPS-02178;Simple 1500 Series Vol. 11: The Pinball 3D
SLPS-02447;Simple 1500 Series Vol. 11: The Pinball 3D
SLPS-02179;Simple 1500 Series Vol. 12: The Quiz
SLPS-02448;Simple 1500 Series Vol. 12: The Quiz
SLPS-02197;Simple 1500 Series Vol. 13: The Race
SLPS-02449;Simple 1500 Series Vol. 13: The Race
SLPS-02227;Simple 1500 Series Vol. 14: The Block Kuzushi
SLPS-02450;Simple 1500 Series Vol. 14: The Block Kuzushi
SLPS-02301;Simple 1500 Series Vol. 15: The Pachinko
SLPS-02451;Simple 1500 Series Vol. 15: The Pachinko
SLPS-02452;Simple 1500 Series Vol. 16: The Pachi-Slot
SLPS-02303;Simple 1500 Series Vol. 17: The Bike Race
SLPS-02453;Simple 1500 Series Vol. 17: The Bike Race
SLPS-02433;Simple 1500 Series Vol. 18: The Bowling
SLPS-02435;Simple 1500 Series Vol. 19: The Sugoroku
SLPS-01632;Simple 1500 Series Vol. 2: The Shougi
SLPS-02438;Simple 1500 Series Vol. 2: The Shougi
SLPS-02434;Simple 1500 Series Vol. 20: The Puzzle
SLPS-02471;Simple 1500 Series Vol. 21: The Yakyuu
SLPM-86719;Simple 1500 Series Vol. 21: The Yakyuu: Pro Yakyuu Jitsumeiban
SLPS-02472;Simple 1500 Series Vol. 22: The Pro Wrestling
SLPS-02473;Simple 1500 Series Vol. 23: The Gateball
SLPS-02474;Simple 1500 Series Vol. 24: The Gun Shooting
SLPS-02475;Simple 1500 Series Vol. 25: The Keiba
SLPS-02228;Simple 1500 Series Vol. 26: The Tennis
SLPS-02630;Simple 1500 Series Vol. 27: The Snowboard
SLPS-02726;Simple 1500 Series Vol. 28: The Dungeon RPG
SLPS-02755;Simple 1500 Series Vol. 29: The Tsuri
SLPS-01633;Simple 1500 Series Vol. 3: The Gomoku Narabe
SLPS-02439;Simple 1500 Series Vol. 3: The Gomoku Narabe
SLPS-02756;Simple 1500 Series Vol. 30: The Basket: 1 on 1 Plus
SLPS-02840;Simple 1500 Series Vol. 31: The Sound Novel
SLPS-02922;Simple 1500 Series Vol. 32: The Boxing
SLPS-02908;Simple 1500 Series Vol. 33: The Takkyuu
SLPS-02909;Simple 1500 Series Vol. 34: The Quiz Bangumi
SLPS-02910;Simple 1500 Series Vol. 35: The Shooting
SLPS-02923;Simple 1500 Series Vol. 36: The Ren'ai Simulation: Natsuiro Celebration
SLPS-02958;Simple 1500 Series Vol. 37: The Illust Puzzle & Slide Puzzle
SLPS-02959;Simple 1500 Series Vol. 38: The Real Racing: Toyota
SLPS-03004;Simple 1500 Series Vol. 39: The Mahjong 2
SLPS-01634;Simple 1500 Series Vol. 4: The Reversi
SLPS-02440;Simple 1500 Series Vol. 4: The Reversi
SLPS-03006;Simple 1500 Series Vol. 40: The Shougi 2
SLPS-03010;Simple 1500 Series Vol. 41: The Reversi 2
SLPS-03005;Simple 1500 Series Vol. 42: The Igo 2
SLPS-03009;Simple 1500 Series Vol. 43: The Hanafuda 2
SLPS-03007;Simple 1500 Series Vol. 44: The Card 2
SLPS-03036;Simple 1500 Series Vol. 45: The Block Kuzushi 2
SLPS-03035;Simple 1500 Series Vol. 46: The Mahjong Ochigee: Raku Jongg
SLPS-03037;Simple 1500 Series Vol. 47: The Skateboard
SLPM-86698;Simple 1500 Series Vol. 48: The Puzzle 2
SLPM-86699;Simple 1500 Series Vol. 49: The Casino
SLPS-01683;Simple 1500 Series Vol. 5: The Igo
SLPS-02441;Simple 1500 Series Vol. 5: The Igo
SLPM-86697;Simple 1500 Series Vol. 50: The Billiard 2
SLPM-86700;Simple 1500 Series Vol. 51: The Jigsaw Puzzle
SLPM-86702;Simple 1500 Series Vol. 52: The Pro Wrestling 2
SLPM-86701;Simple 1500 Series Vol. 53: The Helicopter
SLPM-86713;Simple 1500 Series Vol. 54: The Volleyball: Break Volley Plus
SLPM-86714;Simple 1500 Series Vol. 55: The Darts
SLPM-86762;Simple 1500 Series Vol. 56: The Sniper
SLPM-86715;Simple 1500 Series Vol. 57: The Meiro
SLPM-86760;Simple 1500 Series Vol. 58: The Sumou
SLPM-86709;Simple 1500 Series Vol. 59: The Suiri: IT Tantei 18 no Jikenbo
SLPS-01684;Simple 1500 Series Vol. 6: The Hanafuda
SLPS-02442;Simple 1500 Series Vol. 6: The Hanafuda
SLPM-86761;Simple 1500 Series Vol. 60: The Table Hockey
SLPM-86803;Simple 1500 Series Vol. 61: The Quiz 2
SLPM-86801;Simple 1500 Series Vol. 62: The Ski
SLPM-86816;Simple 1500 Series Vol. 63: The Gun Shooting 2
SLPM-86841;Simple 1500 Series Vol. 64: The Kick Boxing
SLPM-86842;Simple 1500 Series Vol. 65: The Golf
SLPM-86840;Simple 1500 Series Vol. 66: The Kaiten: Mawasundaa!!
SLPM-86864;Simple 1500 Series Vol. 67: The Soccer: Dynamite Soccer 1500
SLPM-86865;Simple 1500 Series Vol. 68: The RC Car: RC de Go!
SLPM-86868;Simple 1500 Series Vol. 69: The Putter Golf
SLPS-01685;Simple 1500 Series Vol. 7: The Card
SLPS-02443;Simple 1500 Series Vol. 7: The Card
SLPM-86869;Simple 1500 Series Vol. 70: The War Simulation: Hito no Tsukurishi Mono-tachi
SLPM-86870;Simple 1500 Series Vol. 71: The Ren'ai Simulation 2: Fureai
SLPM-86871;Simple 1500 Series Vol. 72: The Beach Volley
SLPM-86900;Simple 1500 Series Vol. 73: The Invaders: Space Invaders 1500
SLPM-86901;Simple 1500 Series Vol. 74: The Horror Mystery: Sangeki-kan: Kevin Hakushaku no Fukkatsu
SLPM-86912;Simple 1500 Series Vol. 75: The Double Shooting: RayStorm x RayCrisis
SLPM-86914;Simple 1500 Series Vol. 76: The Dodgeball
SLPM-86915;Simple 1500 Series Vol. 77: The Suiei
SLPM-86712;Simple 1500 Series Vol. 78: The Zeroyon
SLPM-86970;Simple 1500 Series Vol. 79: The Shisenshou
SLPS-01686;Simple 1500 Series Vol. 8: The Solitaire
SLPS-02444;Simple 1500 Series Vol. 8: The Solitaire
SLPM-86971;Simple 1500 Series Vol. 80: The Jintori
SLPM-86972;Simple 1500 Series Vol. 81: The Ren'ai Adventure: Okaeri!
SLPM-86973;Simple 1500 Series Vol. 82: The Sensuikan
SLPM-86998;Simple 1500 Series Vol. 83: The Wakeboard: BursTrick: Wake Boarding!!
SLPM-86974;Simple 1500 Series Vol. 84: The Intro Quiz
SLPM-87008;Simple 1500 Series Vol. 85: The Sengoku Bushou: Tenka Touitsu no Yabou
SLPM-87017;Simple 1500 Series Vol. 86: The Onigokko
SLPM-87026;Simple 1500 Series Vol. 87: The Kyoutei
SLPM-87023;Simple 1500 Series Vol. 88: The Gal Mahjong: Love Songs: Idol wa High Rate
SLPM-87035;Simple 1500 Series Vol. 89: The Power Shovel ni Norou!!
SLPS-01687;Simple 1500 Series Vol. 9: The Chess
SLPS-02445;Simple 1500 Series Vol. 9: The Chess
SLPM-87044;Simple 1500 Series Vol. 90: The Sensha
SLPM-86975;Simple 1500 Series Vol. 91: The Gambler: Honoo no Tobaku Densetsu
SLPM-87036;Simple 1500 Series Vol. 92: The Tozan RPG: Ginrei no Hasha
SLPM-87057;Simple 1500 Series Vol. 93: The Puzzle Bobble: Puzzle Bobble 4
SLPM-87076;Simple 1500 Series Vol. 94: The Cameraman: Gekisha Boy Omake Tsuki
SLPM-87070;Simple 1500 Series Vol. 95: The Hikouki
SLPM-87071;Simple 1500 Series Vol. 96: The Yakyuu 2: 2002 Pro Yakyuu
SLPM-87088;Simple 1500 Series Vol. 97: The Squash
SLPM-87087;Simple 1500 Series Vol. 98: The Futsal
SLPM-87140;Simple 1500 Series Vol. 99: The Kendou: Ken no Hanamichi
SLPM-86866;Simple 1500 Series: Hello Kitty Vol. 01: Bowling
SLPM-86867;Simple 1500 Series: Hello Kitty Vol. 02: Illust Puzzle
SLPM-86911;Simple 1500 Series: Hello Kitty Vol. 03: Block Kuzushi
SLPM-86910;Simple 1500 Series: Hello Kitty Vol. 04: Trump
SLPM-80472;Simple 1500 Series: The Demo
SLPS-03309;Simple Character 2000 Series Vol. 01: Kidou Senshi Gundam: The Gunjin Shougi
SLPS-03307;Simple Character 2000 Series Vol. 02: Afro-ken: The Puzzle
SLPS-03308;Simple Character 2000 Series Vol. 03: Kamen Rider: The Bike Race
SLPS-03350;Simple Character 2000 Series Vol. 04: Jarinko Chie: The Hanafuda
SLPS-03362;Simple Character 2000 Series Vol. 05: High School! Kimengumi: The Table Hockey
SLPS-03363;Simple Character 2000 Series Vol. 06: Dokonjou Gaeru: The Mahjong
SLPS-03418;Simple Character 2000 Series Vol. 07: Ikkyuu-san: The Quiz
SLPS-03444;Simple Character 2000 Series Vol. 08: Kagaku Ninja-tai Gatchaman: The Shooting
SLPS-03445;Simple Character 2000 Series Vol. 09: Tsurikichi Sanpei: The Tsuri
SLPS-03457;Simple Character 2000 Series Vol. 10: Sakigake!! Otokojuku: The Dodgeball
SLPS-03458;Simple Character 2000 Series Vol. 11: Meitantei Conan: The Board Game
SLPS-03471;Simple Character 2000 Series Vol. 12: Kidou Butouden G Gundam: The Battle
SLPS-03472;Simple Character 2000 Series Vol. 13: Shin Kidou Senki Gundam W: The Battle
SLPS-03473;Simple Character 2000 Series Vol. 14: Nante Tantei Idol: The Jigsaw Puzzle
SLPS-03474;Simple Character 2000 Series Vol. 15: Cyborg 009: The Block Kuzushi
SLPS-03546;Simple Character 2000 Series Vol. 16: Gamba no Bouken: The Puzzle Action
SLPS-03547;Simple Character 2000 Series Vol. 17: Sentou Mecha Xabungle: The Race in Action
SLES-03401;Simpsons Wrestling, The
SLUS-01227;Simpsons Wrestling, The
SLUS-01069;SimTheme Park
SLPS-02102;Simulation Pro Yakyuu '99
SLPS-00876;Simulation RPG Tkool
SLPS-03346;Simulation RPG Tkool
SLPS-00458;Simulation Zoo
SLPS-03154;Sister Princess (Disc 1)
SLPS-03156;Sister Princess (Disc 1)
SLPS-91500;Sister Princess (Disc 1)
SLPS-03155;Sister Princess (Disc 2)
SLPS-03157;Sister Princess (Disc 2)
SLPS-91501;Sister Princess (Disc 2)
SLPS-03521;Sister Princess 2 (Disc 1)
SLPS-03523;Sister Princess 2 (Disc 1)
SLPS-91527;Sister Princess 2 (Disc 1)
SLPS-03522;Sister Princess 2 (Disc 2)
SLPS-03524;Sister Princess 2 (Disc 2)
SLPS-91528;Sister Princess 2 (Disc 2)
SLPS-03556;Sister Princess 2: Premium Fan Disc (Disc A)
SLPS-03557;Sister Princess 2: Premium Fan Disc (Disc B)
SLPS-03360;Sister Princess: Pure Stories
SLES-04152;Sitting Ducks
SLES-00341;Skeleton Warriors
SLUS-00209;Skeleton Warriors
SLES-02947;Ski Air Mix
SLPS-01476;Ski Air Mix
SLES-01090;Skullmonkeys
SLES-01091;Skullmonkeys
SLES-01092;Skullmonkeys
SLUS-00601;Skullmonkeys
SLES-03776;Sky Sports Football Quiz
SLES-03856;Sky Sports Football Quiz: Season 02
SLUS-01392;Skydiving Extreme
SLES-00076;Slam 'n Jam '96 featuring Magic & Kareem
SLUS-00022;Slam 'n Jam '96 featuring Magic & Kareem
SLPS-00246;Slam Dragon
SLES-00427;Slamscape
SLUS-00080;Slamscape
SLPS-02789;Slap Happy Rhythm Busters
SLPS-91460;Slap Happy Rhythm Busters
SLPS-01363;Slayers Royal
SLPS-02115;Slayers Royal 2
SLPS-01599;Slayers Wonderful
SLPM-87041;Sldnerschild Special [Koei Teiban Series]
SLES-02194;Sled Storm
SLUS-00955;Sled Storm
SLED-02300;Sled Storm (Demo)
SLUS-90072;Sled Storm & Medal of Honor Demo CD
SCUS-94472;Slim Jim
SLPS-00504;Slime Shiyou!
SLPS-03179;Slot! Pro 2: Bakuretsu Oozumou Aka & Murasaki
SLPS-03253;Slot! Pro 3: Juggler Special
SLPS-03394;Slot! Pro 4: Tairyou Special
SLPS-03439;Slot! Pro 5: Naniwa Sakura Fubuki & Shimauta
SLPS-03469;Slot! Pro 6: Hyper Juggler V
SLPS-03485;Slot! Pro 7: Hana Densetsu
SLPS-03551;Slot! Pro 8: Shimamusume 30 & Hana Densetsu 25
SLPS-02997;Slot! Pro: Ooedo Sakura Fubuki 2
SLUS-01555;Slots
SLPS-03349;Slotter Mania 2: Chounetsu 30 Phi! Hana Hana & KingBary & Hai Hai Siosai
SLPS-03414;Slotter Mania 3: Bakuryou Houshutsu! Uminchu & Fire Element
SLPS-03438;Slotter Mania 4: Gekiatsu Youkou! Siolar & King Castle & Kabuto
SLPS-03468;Slotter Mania 5: Gekiuchi Shinzui! Hyper Juggler V & Kita-chan Country & Wonder Review 2
SLPS-03483;Slotter Mania 6: Bakuretsu Sairai! Wadatsumi (2 Types) & Blue Lagoon
SLPS-03511;Slotter Mania 7: Gekiatsu! Siosai-musume Seizoroi DX + Apache A
SLPS-03520;Slotter Mania 8: Miwaku no Takarabako! Jewel Magic 2 & Gold & Silver
SLPS-03533;Slotter Mania 9: Gokunetsu 30 Phi! Haibi & Splash Seven
SLPS-02960;Slotter Mania Core: Tokonatsu no Atsusa! Oasis
SLPS-03467;Slotter Mania Gaiden: Chouatsu Densetsu! Golden Rookie & Fire V & Ryuuou
SLPS-03192;Slotter Mania: Gekinetsu Oki-Slot! Siosai Special
SLES-01580;Small Soldiers
SLES-01581;Small Soldiers
SLES-01582;Small Soldiers
SLUS-00781;Small Soldiers
SLPS-00450;Smash Court
SLPS-91053;Smash Court
SLPS-91407;Smash Court
SLPS-01693;Smash Court 2
SLPS-03001;Smash Court 3
SLUS-01359;Smurf Racer!
SLES-01749;Smurfs, The
SLUS-01008;Smurfs, The
SLPS-00154;Snatcher
SLPM-86091;SNK Fan Collection: Garou Densetsu
SLPS-02650;Sno Pokeler
SLPS-01823;Snobow Kids Plus
SLES-02763;SnoCross Championship Racing
SLUS-01093;SnoCross Championship Racing
SCPS-45157;Snow Break
SLPS-01170;Snow Break
SLES-01106;Snow Racer 98
SLES-03960;Snowboard Racer
SLUS-01287;Snowboarding
SLES-00691;Soccer '97
SLES-04022;Soccer Kid
SCPS-45260;Sol Divide
SLPS-01463;Sol Divide
SLUS-01519;Sol Divide
SLPS-00597;Sold Out
SLPS-03028;Solid Link: Dungeon Side
SLPS-03027;Solid Link: Tower Side
SLPM-80318;Sonata
SLPM-80381;Sonata
SLPS-01843;Sonata (Disc 1)
SLPS-01844;Sonata (Disc 2)
SLES-04102;Sonic Wings Special
SLPS-00307;Sonic Wings Special
SLPM-80355;Sony Computer Entertainment Hyper Fan Book
PCPX-96154;Sony Computer Entertainment Inc. Monthly Software Information: 6-gatsu Hatsubai Yotei Title
SCED-02204;Sony Double Impact Games
SLPM-80148;Sony Music Entertainment: PlayStation Title Digest
SLES-04086;Sorcerer's Maze
SLUS-01495;Sorcerer's Maze
SLPS-01827;Soreike Flyfishing: Let's Go Flyfishing
SLPS-00484;Soreike no Kokology: Kokoro ga Oshieru Koi, Kekkon, Jinsei
SLPS-00113;Sotsugyou II: Neo Generation
SLPS-02152;Sotsugyou II: Neo Generation [Riverhill Soft Best]
SLPS-01332;Sotsugyou III: Wedding Bell
SLPM-80233;Sotsugyou M: Seito Kaichou no Karei naru Inbou
SLPS-01444;Sotsugyou M: Seito Kaichou no Karei naru Inbou (Disc 1)
SLPS-01445;Sotsugyou M: Seito Kaichou no Karei naru Inbou (Disc 2)
SLPS-00261;Sotsugyou R: Graduation Real
SLPS-00318;Sotsugyou R: Graduation Real
SLPS-00989;Sotsugyou Vacation
SLPS-00273;Sotsugyou: Crossworld
SLPS-01722;Sougaku Toshi Osaka (Disc 1) (Method)
SLPS-01723;Sougaku Toshi Osaka (Disc 2) (Object)
SLPS-01291;Soukaigi (Disc 1)
SLPS-01292;Soukaigi (Disc 2)
SLPS-01293;Soukaigi (Disc 3)
SCPS-45093;Soukoban Basic
SLPS-00924;Soukoban Basic
SLPS-01519;Soukoban Basic 2
SLPS-02010;Soukoban: Nanmon Shinan
SLPM-80432;Soukou Kidoutai L.A.P.D.
SLPS-02091;Soukou Kidoutai L.A.P.D.
SCPS-45115;Soukou Kihei Votoms Gaiden: Ao no Kishi Berserga Monogatari
SLPS-00981;Soukou Kihei Votoms Gaiden: Ao no Kishi Berserga Monogatari
SLPS-00982;Soukou Kihei Votoms Gaiden: Ao no Kishi Berserga Monogatari
SLPS-02313;Soukou Kihei Votoms: Koutetsu no Gunzei
SLPS-02315;Soukou Kihei Votoms: Koutetsu no Gunzei
SLPM-80360;Soukou Kihei Votoms: Lightning Slash
SLPS-01960;Soukou Kihei Votoms: Lightning Slash
SLPS-01961;Soukou Kihei Votoms: Lightning Slash
SLPS-01330;Soukou Kihei Votoms: Woodo Kummen
SLPS-01331;Soukou Kihei Votoms: Woodo Kummen
SLPS-01041;Soukuu no Tsubasa: Gotha World (Disc 1)
SLPS-01042;Soukuu no Tsubasa: Gotha World (Disc 2)
SLPS-01172;Soukyuu Gurentai: Oubu Shutsugeki
SCES-00577;Soul Blade
SLUS-00240;Soul Blade
SLPS-00545;Soul Edge
SLPS-00555;Soul Edge
SLPS-91168;Soul Edge
SLPS-91454;Soul Edge
SLUS-00822;Soul of the Samurai
SLPM-86170;Soulmaster
SLPS-01090;Soulmaster
SLPM-80507;Soumatou
SLPS-02479;Soumatou
SLPS-91237;Soumatou [PlayStation the Best]
SLPS-01645;Sound Novel Evolution 1: Otogirisou: Sosei-hen
SLPS-91225;Sound Novel Evolution 1: Otogirisou: Sosei-hen
SLPS-01794;Sound Novel Evolution 2: Kamaitachi no Yoru Tokubetsu-hen
SLPS-91187;Sound Novel Evolution 2: Kamaitachi no Yoru Tokubetsu-hen
SLPS-01845;Sound Novel Evolution 3: Machi: Unmei no Kousaten (Disc 1)
SLPS-91489;Sound Novel Evolution 3: Machi: Unmei no Kousaten (Disc 1)
SLPS-01846;Sound Novel Evolution 3: Machi: Unmei no Kousaten (Disc 2)
SLPS-91490;Sound Novel Evolution 3: Machi: Unmei no Kousaten (Disc 2)
SLPS-00882;Sound Novel Tkool 2
SLPS-01309;Sound Qube
SLPS-02716;Sound Qube
SLPS-00642;Souryuu
SLPS-01617;Souryuu
SCPS-10058;Souten no Shiroki Kami no Kura: Great Peak
SLES-02158;South Park
SLUS-00936;South Park
SLES-02352;South Park Rally
SLES-02690;South Park Rally
SLUS-00984;South Park Rally
SLES-01972;South Park: Chef's Luv Shack
SLUS-00997;South Park: Chef's Luv Shack
SLED-02576;South Park: Chef's Luv Shack (Demo)
SLPM-86408;"Southern All Stars: Space MOSA ""Space Museum of Southern Art"" (Disc 1) (Museum)"
SLPM-86409;"Southern All Stars: Space MOSA ""Space Museum of Southern Art"" (Disc 2) (Library)"
SLPM-86410;"Southern All Stars: Space MOSA ""Space Museum of Southern Art"" (Disc 3) (Theater)"
SLES-00508;Soviet Strike
SLES-00509;Soviet Strike
SLPS-00735;Soviet Strike
SLUS-00061;Soviet Strike
SLES-00507;Soviet Strike (EDC)
SLPS-00312;Space Adventure Cobra: The Shooting
SLPS-02733;Space Battleship Yamato 2: Ai no Senshi-Tachi [DX Pack] (Disc 1)
SLPS-02734;Space Battleship Yamato 2: Ai no Senshi-Tachi [DX Pack] (Disc 2)
SLPS-02735;Space Battleship Yamato 2: Ai no Senshi-Tachi [DX Pack] (Disc 3)
SCES-02290;Space Debris
SCES-02430;Space Debris
SCES-02431;Space Debris
SCES-02432;Space Debris
SCES-02433;Space Debris
SLPS-00012;Space Griffon VF-9
SLUS-00153;Space Griffon VF-9
SLES-00207;Space Hulk: Vengeance of the Blood Angels
SLUS-00205;Space Hulk: Vengeance of the Blood Angels
SLES-02144;Space Invaders
SLPS-00940;Space Invaders
SLUS-00928;Space Invaders
SLPM-86153;Space Invaders 2000
SLPM-86419;Space Invaders X
SLES-00284;Space Jam
SLPS-00697;Space Jam
SLUS-00243;Space Jam
SLES-04126;Space Rider
SLUS-01308;Space Shot
SLPS-00074;Sparrow Garden: Namco Mahjong
SCES-01056;Spawn: The Eternal
SCUS-94204;Spawn: The Eternal
SLPS-01400;Spawn: The Eternal
SLES-03891;Spec Ops: Airborne Commando
SLUS-01447;Spec Ops: Airborne Commando
SLES-03515;Spec Ops: Covert Assault
SLUS-01420;Spec Ops: Covert Assault
SLES-03157;Spec Ops: Ranger Elite
SLUS-01299;Spec Ops: Ranger Elite
SLES-00844;Spec Ops: Stealth Patrol
SLUS-01131;Spec Ops: Stealth Patrol
SLPS-02526;Spectral Blade
SLPS-03153;Spectral Blade
SLPS-00969;Spectral Force
SLPS-01056;Spectral Force
SLPS-01898;Spectral Force
SLPS-01628;Spectral Force 2
SLPS-02784;Spectral Force 2
SLPS-02233;Spectral Force: Itoshiki Jaaku
SLPS-03152;Spectral Force: Itoshiki Jaaku
SLPS-00476;Spectral Tower
SLPM-80209;Spectral Tower II
SLPS-01179;Spectral Tower II
SLPS-02055;Spectral Tower II
SCES-01763;Speed Freaks
SLPM-86013;Speed King: Neo Kobe 2045
SLES-03930;Speed Machines
SCUS-94563;Speed Punks
SCUS-94572;Speed Punks (Demo)
SLUS-00613;Speed Racer
SLES-02782;Speedball 2100
SLUS-01218;Speedball 2100
SLES-00575;Speedster
SLED-01711;Sphere 360Â°
SCES-00883;Spice World
SCES-01231;Spice World
SCES-01232;Spice World
SCES-01233;Spice World
SCES-01234;Spice World
SLUS-00723;Spice World
SCPS-45068;Spider The Video Game
SLES-02886;Spider-Man
SLES-02887;Spider-Man
SLES-02888;Spider-Man
SLES-02889;Spider-Man
SLES-02890;Spider-Man
SLPM-86739;Spider-Man
SLPM-87163;Spider-Man
SLUS-00875;Spider-Man
SLES-03623;Spider-Man 2: Enter: Electro
SLES-03625;Spider-Man 2: Enter: Electro
SLPM-87073;Spider-Man 2: Enter: Electro
SLUS-01378;Spider-Man 2: Enter: Electro (Rev 1)
SLES-03624;Spider-Man 2: La Revanche d'Electro
SLES-00117;Spider: The Video Game
SLES-00681;Spider: The Video Game
SLES-00682;Spider: The Video Game
SLPS-00852;Spider: The Video Game
SLUS-00230;Spider: The Video Game
SLES-02790;Spin Jam
SLUS-01250;Spin Jam
SLPS-01461;Spin Tail
SLES-01361;Sports Car GT
SLES-01915;Sports Car GT
SLES-01916;Sports Car GT
SLUS-00655;Sports Car GT
SLES-03057;Sports Superbike
SLES-03827;Sports Superbike 2
SLUS-01459;Sports Superbike 2
SLES-02616;Sportweek Player Manager 2000
SLES-03569;Sportweek Player Manager 2001
SLES-00330;Spot Goes to Hollywood
SLPS-00394;Spot Goes to Hollywood
SLUS-00014;Spot Goes to Hollywood
SLPM-80447;Spriggan: Lunar Verse
SLPS-02117;Spriggan: Lunar Verse
PAPX-90034;Spring Special
SCES-02104;Spyro 2: Gateway to Glimmer
SCUS-94425;Spyro 2: Ripto's Rage!
SCUS-94460;Spyro 2: Ripto's Rage! (Demo)
SCUS-94632;Spyro 2: Ripto's Rage! + Crash Team Racing
PAPX-90078;Spyro the Dragon
SCES-01438;Spyro the Dragon
SCPS-10083;Spyro the Dragon
SCPS-10085;Spyro the Dragon
SCPS-45395;Spyro the Dragon
SCUS-94228;Spyro the Dragon
SCUS-94290;Spyro the Dragon (Demo 1)
SCUS-94439;Spyro the Dragon (Demo 2)
PAPX-90077;Spyro the Dragon (Japan) (Demo)
SCED-01637;Spyro the Dragon Speciale
PCPX-96191;Spyro x Sparx: Tondemo Tours
SCPS-10128;Spyro x Sparx: Tondemo Tours
SCES-02835;Spyro: Year of the Dragon
SCUS-94615;Spyro: Year of the Dragon (Demo)
SCUS-94467;Spyro: Year of the Dragon (Rev 1)
SLPM-80306;Square Maniacs '98
SLPM-80556;Square Memory Card Data Collection
SLPS-00401;Square's Preview
SLPS-00771;Square's Preview 2
SLPS-01491;Square's Preview 3
SCPS-45417;Square's Preview 5
SLPS-02171;Square's Preview 5
SLPM-80048;Square's Preview Extra: FF VII Sample & SIGGRAPH '95 Works
SCPS-45401;Square's Preview Vol. 4
SLPS-01991;Square's Preview Vol. 4
SLUS-90028;Squaresoft on PlayStation 1998 Collector's CD Vol. 1
SLUS-90029;Squaresoft on PlayStation 1998 Collector's CD Vol. 2 (Final Fantasy VIII Demo)
SLUS-90075;Squaresoft on PlayStation 2000 Collector's CD Vol. 3
SCUS-94256;Squaresoft on PlayStation Collector's CD
SLPS-00957;St. Andrews Old Course: Eikou no St. Andrews
SLPS-02638;St. Luminous Jogakuin
SLES-00574;Stadt der verlorenen Kinder, Die
SLPS-00162;Stahlfeder: Tekkou Hikuudan
SLPS-00850;Stakes Winner 2: Saikyouba Densetsu
SLPS-00468;Stakes Winner: G1 Kanzen Seiha e no Michi
SLPS-00783;Standby Say You!
SLUS-00241;Star Fighter
SLED-00553;Star Gladiator (Demo)
SLES-00495;Star Gladiator: Episode I: Final Crusade
SLPM-80056;Star Gladiator: Episode I: Final Crusade
SLPS-00539;Star Gladiator: Episode I: Final Crusade
SLUS-00372;Star Gladiator: Episode I: Final Crusade
SCES-01707;Star Ixiom
SCPS-45432;Star Ixiom
SLPS-01680;Star Ixiom
SLPS-01390;Star Monja
SCES-02159;Star Ocean: The Second Story (Disc 1)
SCES-02160;Star Ocean: The Second Story (Disc 1)
SCES-02161;Star Ocean: The Second Story (Disc 1)
SCUS-94421;Star Ocean: The Second Story (Disc 1)
SLPM-86105;Star Ocean: The Second Story (Disc 1)
SLPM-87357;Star Ocean: The Second Story (Disc 1)
SCES-12159;Star Ocean: The Second Story (Disc 2)
SCES-12160;Star Ocean: The Second Story (Disc 2)
SCES-12161;Star Ocean: The Second Story (Disc 2)
SCUS-94422;Star Ocean: The Second Story (Disc 2)
SLPM-86106;Star Ocean: The Second Story (Disc 2)
SLPM-87358;Star Ocean: The Second Story (Disc 2)
SLPM-80274;Star Ocean: The Second Story & Hello Charlie!!
SLES-02068;Star Trek: Invasion
SLES-02884;Star Trek: Invasion
SLUS-00924;Star Trek: Invasion
SLES-00585;Star Wars: Dark Forces
SLES-00640;Star Wars: Dark Forces
SLES-00646;Star Wars: Dark Forces
SLPS-00685;Star Wars: Dark Forces
SLUS-00297;Star Wars: Dark Forces
SLES-03273;Star Wars: Demolition
SLES-03274;Star Wars: Demolition
SLES-03275;Star Wars: Demolition
SLUS-01183;Star Wars: Demolition
SLUS-90088;Star Wars: Demolition (Demo)
SLES-02036;Star Wars: Episode I: Die dunkle Bedrohung
SLES-02607;Star Wars: Episode I: Jedi Power Battles
SLES-02608;Star Wars: Episode I: Jedi Power Battles
SLES-02609;Star Wars: Episode I: Jedi Power Battles
SLUS-01046;Star Wars: Episode I: Jedi Power Battles
SLES-02035;Star Wars: Episode I: La Menace Fantome
SLED-02045;Star Wars: Episode I: La Menace Fantome (Demo)
SLES-02034;Star Wars: Episode I: The Phantom Menace
SLPS-02153;Star Wars: Episode I: The Phantom Menace
SLUS-00884;Star Wars: Episode I: The Phantom Menace
SLED-02044;Star Wars: Episode I: The Phantom Menace (Demo)
SLUS-80884;Star Wars: Episode I: The Phantom Menace (Demo)
SLES-02610;Star Wars: Episodio I: Jedi Power Battles
SLES-02611;Star Wars: Episodio I: Jedi Power Battles
SLED-02048;Star Wars: Episodio I: La Amenaza Fantasma
SLES-02038;Star Wars: Episodio I: La Amenaza Fantasma
SLES-02037;Star Wars: Episodio I: La Minaccia Fantasma
SLPS-01464;Star Wars: Masters of TerÃ¤s KÃ¤si
SLES-01111;Star Wars: Masters of Teras Kasi
SLUS-00562;Star Wars: Masters of Teras Kasi
SLES-00584;Star Wars: Rebel Assault II: The Hidden Empire (Disc 1)
SLES-00643;Star Wars: Rebel Assault II: The Hidden Empire (Disc 1)
SLES-00644;Star Wars: Rebel Assault II: The Hidden Empire (Disc 1)
SLES-00654;Star Wars: Rebel Assault II: The Hidden Empire (Disc 1)
SLES-00656;Star Wars: Rebel Assault II: The Hidden Empire (Disc 1)
SLPS-00638;Star Wars: Rebel Assault II: The Hidden Empire (Disc 1)
SLUS-00381;Star Wars: Rebel Assault II: The Hidden Empire (Disc 1)
SLES-10584;Star Wars: Rebel Assault II: The Hidden Empire (Disc 2)
SLES-10643;Star Wars: Rebel Assault II: The Hidden Empire (Disc 2)
SLES-10644;Star Wars: Rebel Assault II: The Hidden Empire (Disc 2)
SLES-10654;Star Wars: Rebel Assault II: The Hidden Empire (Disc 2)
SLES-10656;Star Wars: Rebel Assault II: The Hidden Empire (Disc 2)
SLPS-00639;Star Wars: Rebel Assault II: The Hidden Empire (Disc 2)
SLUS-00386;Star Wars: Rebel Assault II: The Hidden Empire (Disc 2)
SCES-00034;Starblade Alpha
SLUS-00057;Starblade Alpha
SLPS-00022;Starblade Î±
SLPS-00958;Starborders
SLUS-0XXXX;Starcon
SLES-00293;StarFighter 3000
SLPS-00487;StarFighter 3000
SLUS-01302;Starfighter Sanvein
SLPS-01407;Starlight Scramble: Ren'ai Kouhosei
SLES-02921;StarSweep
SLPM-80136;StarSweep
SLPM-80151;StarSweep
SLPS-01040;StarSweep
SLPM-86809;Startling Adventures: Kuusou 3x Daibouken
SLPS-02043;Startling Odyssey 1: Blue Evolution
SLES-00090;Starwinder: The Ultimate Space Race
SLPS-00988;Starwinder: The Ultimate Space Race
SLUS-00094;Starwinder: The Ultimate Space Race
SLED-01553;Station Demo Disc 1
SLED-01634;Station Demo Disc 2
SLED-01696;Station Demo Disc 3
SLED-01731;Station Demo Disc 4
SLED-01782;Station Demo Disc 5
SLED-01895;Station Demo Disc 6
SLED-01969;Station Demo Disc 7
SLED-02033;Station Demo Disc 8
SLED-02077;Station Demo Disc 9
SLES-00373;Steel Harbinger
SLUS-00093;Steel Harbinger
SCES-01023;Steel Reign
SCUS-94902;Steel Reign
SLES-03995;Stock Car Racer
SLPS-00472;Stone Walkers
SLPS-01731;Stone Walkers
SLPS-03296;Stone Walkers
LSP-990141;Story Lane Theater 1
LSP-990142;Story Lane Theater 2
LSP-990143;Story Lane Theater 3
LSP-990144;Story Lane Theater 4
LSP-990145;Story Lane Theater 5
LSP-030101;Str.at.e.s. 1: Match-A-Batch
LSP-907011;Str.at.e.s. 1: Match-A-Batch
LSP-030102;Str.at.e.s. 2: Matchamania!
LSP-907028;Str.at.e.s. 2: Matchamania!
LSP-030103;Str.at.e.s. 3: Title This! Title That!
LSP-907035;Str.at.e.s. 3: Title This! Title That!
LSP-030104;Str.at.e.s. 4: Titlerama!
LSP-907042;Str.at.e.s. 4: Titlerama!
LSP-030105;Str.at.e.s. 5: Parallel Lives!
LSP-907059;Str.at.e.s. 5: Parallel Lives!
LSP-030106;Str.at.e.s. 6: Analogy-ology!
LSP-907066;Str.at.e.s. 6: Analogy-ology!
LSP-030107;Str.at.e.s. 7: Riddle Roundup!
LSP-907073;Str.at.e.s. 7: Riddle Roundup!
LSP-030108;Str.at.e.s. 8: Riddle Wrangler!
LSP-907080;Str.at.e.s. 8: Riddle Wrangler!
SLPS-01310;Straight Victory: Hoshino Kazuyoshi e no Chousen
SCED-01528;Strategie Speziale '98
SLPM-86547;Stray Sheep: The Adventure of Poe & Merry
SLPS-02035;Stray Sheep: The Adventure of Poe & Merry
SLPS-03498;Stray Sheep: The Adventure of Poe & Merry [Reprint]
SLES-01437;Streak Hoverboard Racing
SLUS-00629;Streak Hoverboard Racing
SLPS-01622;Street Boarders
SLPS-02744;Street Boarders 2
SLES-00496;Street Fighter Alpha 2
SLUS-00258;Street Fighter Alpha 2
SLES-01863;Street Fighter Alpha 3
SLUS-00821;Street Fighter Alpha 3
SLES-00199;Street Fighter Alpha: Warriors' Dreams
SLUS-00197;Street Fighter Alpha: Warriors' Dreams
SLPM-80154;Street Fighter Collection
SLES-00998;Street Fighter Collection (Disc 1)
SLPS-00800;Street Fighter Collection (Disc 1)
SLUS-00423;Street Fighter Collection (Disc 1) (Rev 1)
SLES-10998;Street Fighter Collection (Disc 2)
SLPS-00801;Street Fighter Collection (Disc 2)
SLUS-00584;Street Fighter Collection (Disc 2) (Rev 1)
SLES-01721;Street Fighter Collection 2
SLUS-00746;Street Fighter Collection 2
SLED-00473;Street Fighter EX + Alpha (Demo)
SCPS-45074;Street Fighter EX Plus Alpha
SLES-00939;Street Fighter EX Plus Alpha
SLPM-86041;Street Fighter EX Plus Alpha
SLPS-91088;Street Fighter EX Plus Alpha
SLUS-00548;Street Fighter EX Plus Alpha
SLES-02598;Street Fighter EX2 Plus
SLPM-80517;Street Fighter EX2 Plus
SLPS-02508;Street Fighter EX2 Plus
SLUS-01105;Street Fighter EX2 Plus
SLPS-00080;Street Fighter II Movie (Disc 1)
SLPS-00081;Street Fighter II Movie (Disc 2)
SLPS-00176;Street Fighter Zero
SLPM-80043;Street Fighter Zero 2
SLPS-00415;Street Fighter Zero 2
SLPS-91105;Street Fighter Zero 2'
SLPM-86877;Street Fighter Zero 3
SLPS-01777;Street Fighter Zero 3
SLPS-00070;Street Fighter: Real Battle on Film
SLES-00050;Street Fighter: The Movie
SLUS-00041;Street Fighter: The Movie
PCPX-96067;Street Games '97
SIPS-60019;Street Games '97
SLES-00296;Street Racer
SLUS-00099;Street Racer
SLPS-00610;Street Racer Extra
SLUS-01450;Street Racquetball
SLES-02528;Street Scooters
SLPS-02186;Street Scooters
SLUS-00818;Street Sk8er
SLUS-01083;Street Sk8er 2
SLES-01759;Street Skater
SLES-02703;Street Skater 2
SLPS-00885;Stressless Lesson: Les Les
SLES-12867;Strider
SLUS-01142;Strider
SLES-02867;Strider 2
SLUS-01163;Strider 2
SLPM-87401;Strider Hiryuu [Capcom Game Books]
SLPM-80537;Strider Hiryuu 1 & 2
SLPS-02620;Strider Hiryuu 1 & 2 (Disc 1) (Strider Hiryuu)
SLPS-02621;Strider Hiryuu 1 & 2 (Disc 2) (Strider Hiryuu 2)
SLES-04046;Strike Force Hydra
SLUS-00139;Strike Point
SLES-00425;Strikepoint: The Hex Missions
SLUS-00210;Striker 96
SLES-00023;Striker 96 (Rev 1)
SLUS-01078;Striker Pro 2000
SLPS-00127;Striker: World Cup Premiere Stage
SLPS-00407;Strikers 1945
SLUS-01337;Strikers 1945
SLES-03510;Strikers 1945 II
SLKA-02001;Strikers 1945 II
SLPS-01637;Strikers 1945 II
SCES-03819;Stuart Little 2
SCES-03820;Stuart Little 2
SCES-03821;Stuart Little 2
SCES-03848;Stuart Little 2
SCES-03849;Stuart Little 2
SCES-03850;Stuart Little 2
SCES-03851;Stuart Little 2
SCES-03852;Stuart Little 2
SCES-03853;Stuart Little 2
SCES-03854;Stuart Little 2
SCES-03855;Stuart Little 2
SCUS-94669;Stuart Little 2 (Proto)
SLPS-00403;Studio P
SLPS-02725;Study Quest: Keisan-jima no Daibouken
SCES-01223;Sub
SLPS-03413;Subete ga F ni Naru: The Perfect Insider
SLES-02728;Submarine Commander
SLPS-02234;Submarine Hunter Shachi
SLPS-03294;Submarine Hunter Shachi
SLPS-91509;Submarine Hunter Sya-Chi [PSOne Books]
SLPS-01264;Suchie-Pai Adventure: Doki Doki Nightmare (Disc 1)
SLPS-01265;Suchie-Pai Adventure: Doki Doki Nightmare (Disc 2)
SLPS-00137;Suiko Enbu
SCPS-45184;Suikoden
SLES-00527;Suikoden
SLUS-00292;Suikoden (Rev 1)
SLES-02442;Suikoden II
SLES-02443;Suikoden II
SLES-02444;Suikoden II
SLES-02445;Suikoden II
SLES-02446;Suikoden II
SLUS-00958;Suikoden II
SLED-02742;Suikoden II (Demo)
SLPM-86743;Suikoden-Tenmei no Chikai [Koei Teiban Series]
SLPM-86188;Suikoden-Tenmei no Chikai [Koei the Best]
SLPM-86991;Suikoden: Tendou 108 Sei [Koei Teiban Series]
SLPM-86308;Suikoden: Tendou Hyaku Hachi-sei
SLPS-01305;Suikoden: Tendou Hyaku Hachi-sei
SLPS-00521;Suikoden: Tenmei no Chikai
SLPS-01809;Suizokukan Project: Fish Hunter e no Michi
SLPM-80509;Summon Night
SLPS-02542;Summon Night
SLPS-91507;Summon Night
SLPS-03237;Summon Night 2 (Disc 1)
SLPS-91517;Summon Night 2 (Disc 1)
SLPS-03238;Summon Night 2 (Disc 2)
SLPS-91518;Summon Night 2 (Disc 2)
SLPS-03275;Suna no Embrace: Eden no Sato no Never [Idea Factory Collection]
SLPS-02858;Suna no Embrace: Edin no Sato no Navel
SLPS-01051;"Super Adventure Rockman (Disc 1) (Episode 1 ""Tsuki no Shinden"")"
SLPS-01052;"Super Adventure Rockman (Disc 2) (Episode 2 ""Shitou! Wily Numbers"")"
SLPS-01053;"Super Adventure Rockman (Disc 3) (Episode 3 ""Saigo no Tatakai!!"")"
SLPS-02219;Super Bass Fishing
SLPS-02867;Super Bass Fishing
SCPS-45084;Super Black Bass X
SLPS-00839;Super Black Bass X
SLPS-02053;Super Black Bass X
SLPM-86717;Super Blackbass X2
SLPS-02392;Super Blackbass X2
SLUS-01528;Super Bubble Pop
SLPS-00467;Super Casino Special
SLES-04045;Super Dropzone: Intergalactic Rescue Mission
SLES-00715;Super Football Champ
SLPS-00569;Super Football Champ
SLPM-86620;Super Football Champ [Taito 2000 Series]
SLPM-87135;Super Gals! Kotobuki Ran Special: Ikemen Get You Gals Party
SLPM-80358;Super Hero Sakusen
SLPS-01776;Super Hero Sakusen
SLPS-03019;Super Hero Sakusen: Diedal no Yabou
SLPS-03020;Super Hero Sakusen: Diedal no Yabou
SLKA-02002;Super Lite Best Vol. 1: Cotton Original & Block Keeper
SLKA-02003;Super Lite Best Vol. 2: Sanvein & Bomb Boat
SLPM-86019;Super Live Stadium
SLES-01175;Super Match Soccer
SLES-00043;Super Pang Collection
SLPS-00360;Super Pang Collection
SLPS-03226;Super Price Series: Billiards
SLPS-03386;Super Price Series: Block & Switch
SLPS-03387;Super Price Series: Hanafuda
SLPS-03225;Super Price Series: Mahjong
SLPS-03227;Super Price Series: Paipai
SLPS-03385;Super Price Series: Reversi
SLES-00605;Super Puzzle Fighter II Turbo
SLUS-00418;Super Puzzle Fighter II Turbo
SLPS-00611;Super Puzzle Fighter II X
SLPS-00553;Super Robot Shooting
SLPS-00554;Super Robot Shooting
SLPS-02528;Super Robot Taisen Alpha
SLPS-02636;Super Robot Taisen Alpha
SLPS-03576;Super Robot Taisen Alpha
SLPS-91408;Super Robot Taisen Alpha
SLPS-03147;Super Robot Taisen Alpha Gaiden
SLPS-03148;Super Robot Taisen Alpha Gaiden
SLPS-03577;Super Robot Taisen Alpha Gaiden
SLPS-91506;Super Robot Taisen Alpha Gaiden
SLPS-02529;Super Robot Taisen EX
SLPS-01727;Super Robot Taisen F
SLPS-91216;Super Robot Taisen F
SLPS-01924;Super Robot Taisen F: Kanketsu-hen
SLPS-91217;Super Robot Taisen F: Kanketsu-hen
SLPS-02070;Super Robot Taisen: Complete Box (Disc 1) (Super Robot Wars Complete Box)
SLPS-02071;Super Robot Taisen: Complete Box (Disc 2) (History of Super Robot Wars)
SCPS-45476;Super Robot Wars Alpha
SCPS-45513;Super Robot Wars Alpha Gaiden
SLUS-01464;Super Shot Soccer
SLES-03961;Super Slammin' Dodgeball
SLPS-02863;Super Tokusatsu Taisen 2001
SLES-04154;Superbike Masters
SCUS-94453;SuperCross Circuit
SCUS-94396;SuperCross Circuit (Demo)
SLPM-87231;SuperLite 1500 Series: A Ressha de Ikou 4: Evolution Global
SLPM-87282;SuperLite 1500 Series: A Ressha de Ikou Z: Mezase! Tairiku Oudan
SLPM-87238;SuperLite 1500 Series: A5: A Ressha de Ikou 5
SLPM-87227;SuperLite 1500 Series: Advanced V.G.
SLPM-87226;SuperLite 1500 Series: Advanced V.G. 2
SLPM-86278;SuperLite 1500 Series: Angolmois 99
SLPM-86259;SuperLite 1500 Series: Ano Ko Doko no Ko: Endless Season
SLPM-86239;SuperLite 1500 Series: Asteroids
SLPM-87152;SuperLite 1500 Series: Asuka 120% Final: Burning Fest. Final
SLPM-87165;SuperLite 1500 Series: Battle Qix
SLPM-86400;SuperLite 1500 Series: Battle Sugoroku the Hunter: A.R.0062
SLPM-87090;SuperLite 1500 Series: Bomboat
SLPM-86598;SuperLite 1500 Series: Burn Out
SLPM-86298;SuperLite 1500 Series: Card II
SLPM-87239;SuperLite 1500 Series: Carnage Heart
SLPM-87281;SuperLite 1500 Series: Carnage Heart EZ (Easy Zapping)
SLPM-86489;SuperLite 1500 Series: Castrol Honda Super Bike Racing
SLPM-86922;SuperLite 1500 Series: Castrol Honda VTR
SLPM-86630;SuperLite 1500 Series: Chitty Chitty Chicken
SLPM-86660;SuperLite 1500 Series: Crazy Balloon 2000
SLPM-86426;SuperLite 1500 Series: Crossword
SLPM-86535;SuperLite 1500 Series: Crossword 2
SLPM-86796;SuperLite 1500 Series: Crossword 3
SLPM-86580;SuperLite 1500 Series: Cyber Daisenryaku: Shutsugeki! Haruka-tai
SLPM-86497;SuperLite 1500 Series: Deep Freeze
SLPM-87115;SuperLite 1500 Series: Densetsu-juu no Ana: Monster Complete World Ver. 2
SLPM-86582;SuperLite 1500 Series: Dezaemon Kids!
SLPM-87043;SuperLite 1500 Series: Emmyrea
SLPM-86366;SuperLite 1500 Series: F1 Grand Prix 1996: Team Un'ei Simulation
SLPM-86461;SuperLite 1500 Series: Fantastic Night Dreams: Cotton Original
SLPM-87237;SuperLite 1500 Series: Farland Saga: Toki no Michishirube
SLPM-87245;SuperLite 1500 Series: Farland Story: Yottsu no Fuuin
SLPM-86622;SuperLite 1500 Series: Fishing Club: Boat no Tsuri-hen
SLPM-86623;SuperLite 1500 Series: Fishing Club: Bouhatei no Tsuri-hen
SLPM-86624;SuperLite 1500 Series: Fishing Club: Hama no Tsuri-hen
SLPM-86711;SuperLite 1500 Series: Flamberge no Seirei
SLPM-86297;SuperLite 1500 Series: Game de Seishun
SLPM-86319;SuperLite 1500 Series: Hanafuda II
SLPM-86488;SuperLite 1500 Series: Hooockey!!
SLPM-86320;SuperLite 1500 Series: Kaette kita Pachio-kun: Dream Collection
SLPM-86832;SuperLite 1500 Series: Kaiteiban Mark Yazaki no Seiyou Senseijutsu
SLPM-86833;SuperLite 1500 Series: Kaiteiban Shichuu Suimei: Mark Yazaki Kanshuu
SLPM-87161;SuperLite 1500 Series: KeePer
SLPM-87170;SuperLite 1500 Series: Kouyasai: A Sherd of Youthful Memories
SLPM-86460;SuperLite 1500 Series: Lode Runner 2
SLPM-86238;SuperLite 1500 Series: Lode Runner: The Legend Returns
SLPM-87219;SuperLite 1500 Series: Lunar Wing: Toki o Koeta Seisen
SLPM-87211;SuperLite 1500 Series: MÃ¤rchen Adventure: Cotton 100%
SLPM-86258;SuperLite 1500 Series: Mahjong II
SLPM-86856;SuperLite 1500 Series: Mahjong Senjutsu: Andou Mitsuru Pro no Akuukan Sappou
SLPM-87143;SuperLite 1500 Series: Mahjong Uranai Fortuna: Tsuki no Megami-tachi
SLPM-86817;SuperLite 1500 Series: Makikou
SLPM-86443;SuperLite 1500 Series: Mawatte Mucho!
SLPM-86583;SuperLite 1500 Series: Memories Off
SLPM-87120;SuperLite 1500 Series: Monster Complete World
SLPM-87162;SuperLite 1500 Series: Naniwa Wangan Battle
SLPM-87240;SuperLite 1500 Series: Neo Atlas
SLPM-87283;SuperLite 1500 Series: Neo Atlas II
SLPM-86632;SuperLite 1500 Series: Nobunaga Hiroku: Geten no Yume
SLPS-02067;SuperLite 1500 Series: NumCro
SLPM-86427;SuperLite 1500 Series: NumCro 2
SLPM-86534;SuperLite 1500 Series: NumCro 3
SLPM-86795;SuperLite 1500 Series: NumCro 4
SLPS-02068;SuperLite 1500 Series: Oekaki Puzzle
SLPM-86428;SuperLite 1500 Series: Oekaki Puzzle 2
SLPM-86533;SuperLite 1500 Series: Oekaki Puzzle 3
SLPM-86675;SuperLite 1500 Series: Oekaki Puzzle 4
SLPM-86800;SuperLite 1500 Series: Oekaki Puzzle 5
SLPM-87164;SuperLite 1500 Series: Option: Tuning Car Battle Spec R
SLPM-86318;SuperLite 1500 Series: Pachi-Slot Hisshouhou! Sammy Revolution
SLPM-86276;SuperLite 1500 Series: Pangaea
SLPM-87069;SuperLite 1500 Series: Pao Leeming Kanshuu: Fuusui Nyuumon
SLPM-86260;SuperLite 1500 Series: Pinball: Golden Logres
SLPM-87194;SuperLite 1500 Series: Prismaticallization
SLPM-86659;SuperLite 1500 Series: Qix 2000
SLPM-86517;SuperLite 1500 Series: Quiz Master: Blue
SLPM-86516;SuperLite 1500 Series: Quiz Master: Red
SLPM-86518;SuperLite 1500 Series: Quiz Master: Yellow
SLPM-86282;SuperLite 1500 Series: Reversi II
SLPM-86579;SuperLite 1500 Series: Ring of Sias
SLPM-86459;SuperLite 1500 Series: Sanvein
SLPM-86710;SuperLite 1500 Series: Screen
SLPM-86261;SuperLite 1500 Series: Seiyou Senseijutsu: Mark Yazaki Kanshuu
SLPM-86764;SuperLite 1500 Series: Shanghai: Dynasty
SLPM-86279;SuperLite 1500 Series: Shichuu Suimei: Mark Yazaki Kanshuu
SLPM-86364;SuperLite 1500 Series: Shinsei Toilet no Hanako-san
SLPM-86275;SuperLite 1500 Series: Shougi II
SLPM-86839;SuperLite 1500 Series: Slither Link
SLPM-86661;SuperLite 1500 Series: Space Chaser 2000
SLPM-86440;SuperLite 1500 Series: StarSweep
SLPM-86631;SuperLite 1500 Series: Strikers 1945 II
SLPM-86365;SuperLite 1500 Series: Super Casino Special
SLPS-02066;SuperLite 1500 Series: Suudoku
SLPM-86425;SuperLite 1500 Series: Suudoku 2
SLPM-86536;SuperLite 1500 Series: Suudoku 3
SLPM-86676;SuperLite 1500 Series: Suudoku 4
SLPM-86741;SuperLite 1500 Series: Suudoku 5
SLPM-86240;SuperLite 1500 Series: Tenant Wars Alpha: SuperLite 1500 Version
SLPM-86237;SuperLite 1500 Series: The Curling
SLPM-87253;SuperLite 1500 Series: The FamiRes
SLPM-86441;SuperLite 1500 Series: The Game Maker
SLPM-86581;SuperLite 1500 Series: The Tetris
SLPM-86442;SuperLite 1500 Series: Tower Dream 2
SLPM-86401;SuperLite 1500 Series: Uno
SLPM-87189;SuperLite 1500 Series: Wizard's Harmony
SLPM-87188;SuperLite 1500 Series: Wizard's Harmony 2
SLPM-87190;SuperLite 1500 Series: Wizard's Harmony R
SLPM-86633;SuperLite 1500 Series: Yoshimoto Mahjong Club
SLPM-86984;SuperLite 3in1 Series: Arcade Classic-shuu
SLPM-86982;SuperLite 3in1 Series: Board Game-shuu
SLPM-86983;SuperLite 3in1 Series: Card Game-shuu
SLPM-86954;SuperLite 3in1 Series: Crossword-shuu
SLPM-86957;SuperLite 3in1 Series: NumCro-shuu
SLPM-86955;SuperLite 3in1 Series: Oekaki Puzzle-shuu
SLPM-86987;SuperLite 3in1 Series: Quiz-shuu
SLPM-86956;SuperLite 3in1 Series: Suudoku-shuu
SLPM-86981;SuperLite 3in1 Series: Tsuri-shuu
SLPM-86958;SuperLite Gold Series: Minna no Chess
SLPM-86921;SuperLite Gold Series: Minna no Igo
SLPM-86799;SuperLite Gold Series: Minna no Mahjong
SLPM-86919;SuperLite Gold Series: Minna no Othello
SLPM-87009;SuperLite Gold Series: Minna no Shougi: Chuukyuu-hen
SLPM-87010;SuperLite Gold Series: Minna no Shougi: Joukyuu-hen
SLPM-86920;SuperLite Gold Series: Minna no Shougi: Shokyuu-hen
SLPM-86819;SuperLite Gold Series: Otenami Haiken
SLPM-87037;SuperLite Gold Series: Wizardry: Llylgamyn Saga
SLPM-86878;SuperLite Gold Series: Wizardry: New Age of Llylgamyn
SLES-00080;Supersonic Racers
SLES-04088;Superstar Dance Club: 1 Hits!!!
SLUS-01493;Superstar Dance Club: 1 Hits!!!
SLES-02838;Surf Riders
SLUS-01190;Surf Riders
SLPM-80367;Susume! Kaizoku: Be Pirates!
SLPS-01737;Susume! Kaizoku: Be Pirates!
SLPS-02467;Susume! Kaizoku: Be Pirates! [Artdink Best Choice]
SLPS-00255;Susume! Taisen Puzzle-dama
SLPM-86074;Susume!! Taisen Puzurudama [Playstation the Best for Family]
SLPS-02730;Suzu Monogatari
SLPS-01635;Suzuka 8-jikan Taikyuu Road Race
SLES-02221;Suzuki Alstare Challenge
SLPM-80565;Suzuki Bakuhatsu
SLPM-86513;Suzuki Bakuhatsu
SLES-03867;Sven-Goeran Eriksson's World Challenge
SLES-03826;Sven-Goeran Eriksson's World Manager
SLES-00025;Swagman
SLUS-00151;Swagman
SLED-00665;Swagman (Demo)
SLES-01626;Swing
SLES-02032;Swing
SLES-02956;Sword of Camelot, The
SLES-02857;Sydney 2000
SLES-02858;Sydney 2000
SLES-02859;Sydney 2000
SLES-02860;Sydney 2000
SLES-02861;Sydney 2000
SLES-02862;Sydney 2000
SLPM-86626;Sydney 2000
SLUS-01177;Sydney 2000
SLES-00212;Syndicate Wars
SLES-00213;Syndicate Wars
SLUS-00262;Syndicate Wars
SCES-01910;Syphon Filter
SCES-01911;Syphon Filter
SCES-01912;Syphon Filter
SCES-01913;Syphon Filter
SCES-01914;Syphon Filter
SLPM-80448;Syphon Filter
SLPS-02216;Syphon Filter
SLPS-03138;Syphon Filter
SCUS-94362;Syphon Filter (Demo)
SCUS-94240;Syphon Filter (Rev 1)
SCUS-94393;Syphon Filter 2
SCES-02285;Syphon Filter 2 (Disc 1)
SCUS-94451;Syphon Filter 2 (Disc 1)
SCES-02287;Syphon Filter 2 (Disc 1) (EDC)
SCES-02286;Syphon Filter 2 (Disc 1) (Rev 1)
SCES-02288;Syphon Filter 2 (Disc 1) (Rev 1)
PSRM-017100;Syphon Filter 2 (Disc 2)
SCES-12285;Syphon Filter 2 (Disc 2)
SCES-12286;Syphon Filter 2 (Disc 2)
SCES-12287;Syphon Filter 2 (Disc 2)
SCES-12288;Syphon Filter 2 (Disc 2)
SCUS-94492;Syphon Filter 2 (Disc 2)
SCES-02289;Syphon Filter 2: Conspiracion Mortal (Disc 1)
SCES-12289;Syphon Filter 2: Conspiracion Mortal (Disc 2) (Rev 1)
SCES-03697;Syphon Filter 3
SCES-03698;Syphon Filter 3
SCES-03699;Syphon Filter 3
SCES-03700;Syphon Filter 3
SCUS-94640;Syphon Filter 3
SCUS-94661;Syphon Filter 3 (Demo)
SCES-03701;Syphon Filter 3: Sentencia Final
SCED-03780;Syphon Filter 3: Sentencia Final (Demo)
SLPS-01350;T kara Hajimaru Monogatari
SLUS-00813;T.R.A.G.: Mission of Mercy
SLES-01473;T'ai Fu: Die Rache des Tigers
SLES-01460;T'ai Fu: Wrath of the Tiger
SLES-01472;T'ai Fu: Wrath of the Tiger
SLES-01474;T'ai Fu: Wrath of the Tiger
SLUS-00787;T'ai Fu: Wrath of the Tiger
SLED-01609;T'ai Fu: Wrath of the Tiger (Demo)
SLPS-02181;Tactical Armor Custom Gasaraki
SLUS-00560;Tactics Ogre
SLPS-00767;Tactics Ogre: Let Us Cling Together
SLPS-02524;Tactics Ogre: Let Us Cling Together
SLPS-00116;Tadaima Wakusei Kaitaku-chuu!
SLPM-86780;Taiho Shichau zo: You're Under Arrest (Disc 1)
SLPM-86782;Taiho Shichau zo: You're Under Arrest (Disc 1)
SLPM-86781;Taiho Shichau zo: You're Under Arrest (Disc 2)
SLPM-86783;Taiho Shichau zo: You're Under Arrest (Disc 2)
SLPM-80415;Taiken Bandai Vol. 2
SLPM-80305;Taiken Bandai! Vol. 1
SLPS-00202;Taiketsu Rumiizu! Meruhen Land
SLPM-86789;Taikou Risshiden II
SLPS-00234;Taikou Risshiden II
SLPS-91042;Taikou Risshiden II
SLPM-86268;Taikou Risshiden III
SLPM-86608;Taikou Risshiden III
SLPM-87275;Taikou Risshiden III
SLPS-01131;Taikyoku Igo: Heisei Kiin
SLPS-00457;Taikyoku Igo: Shinzui Gosennin
SLPM-86467;Taikyoku Igo: Shinzui Gosennin: Nigou
SLPS-00059;Taikyoku Shougi: Kiwame
SLES-01390;Tail Concerto
SLPS-01299;Tail Concerto
SLUS-00660;Tail Concerto
SLUS-90060;Tail Concerto (Demo)
SCUS-94607;Tail of the Sun
SLPS-02672;Taisen Ren'ai Simulation: Trifers Mahou Gakuen
SLPS-03304;Taisen Renai Simulation: Trifels Mahou Gakuen (Ascii Casual Collection)
SLPS-02029;Taiyo no Otsuge
SCPS-45099;Taiyou no Shippo: Wild, Pure, Simple Life
SLPS-00330;Taiyou no Shippo: Wild, Pure, Simple Life
SLPS-91034;Taiyou no Shippo: Wild, Pure, Simple Life
SLPS-91411;Taiyou no Shippo: Wild, Pure, Simple Life
SLPS-00593;Taklamakan: Tonkou Denki
SLPM-80133;Tales of Destiny
SLPM-80179;Tales of Destiny
SLPS-01100;Tales of Destiny
SLPS-91111;Tales of Destiny
SLUS-00626;Tales of Destiny
SLUS-01355;Tales of Destiny II (Disc 1)
SLUS-01367;Tales of Destiny II (Disc 2)
SLUS-01368;Tales of Destiny II (Disc 3)
SLPM-80586;Tales of Eternia
SCPS-45507;Tales of Eternia (Disc 1)
SLPS-03045;Tales of Eternia (Disc 1)
SLPS-03050;Tales of Eternia (Disc 1)
SLPS-91247;Tales of Eternia (Disc 1)
SCPS-45508;Tales of Eternia (Disc 2)
SLPS-03046;Tales of Eternia (Disc 2)
SLPS-03051;Tales of Eternia (Disc 2)
SLPS-91248;Tales of Eternia (Disc 2)
SCPS-45509;Tales of Eternia (Disc 3)
SLPS-03047;Tales of Eternia (Disc 3)
SLPS-03052;Tales of Eternia (Disc 3)
SLPS-91249;Tales of Eternia (Disc 3)
SLPS-03375;Tales of Fandom Vol. 1: Cless Version
SLPS-03376;Tales of Fandom Vol. 1: Mint Version
SCPS-45367;Tales of Phantasia
SLPM-80344;Tales of Phantasia
SLPS-01770;Tales of Phantasia
SLPS-91210;Tales of Phantasia
SLPM-87116;Tall Unlimited
SLPS-02366;Tall Unlimited
SLUS-01547;Tall: Infinity
SLPS-03021;Tall: Twins Tower
SLPS-00003;Tama: Adventurous Ball in Giddy Labyrinth
PCPX-96153;Tamago de Puzzle
SCPS-10044;Tamago de Puzzle
SLPS-01729;Tamamayu Monogatari
SLPS-91154;Tamamayu Monogatari
SLPS-91461;Tamamayu Monogatari [PSOne Books]
PAPX-90065;Tamamayu Monogatari: Dennou Bijutsukan
SLPM-80325;Tamamayu Monogatari: Dennou Bijutsukan
SLPS-02261;Tanaka Torahiko no Ultra-ryuu Shougi: Ibisha Anaguma-hen
SLES-01248;Tank Racer
SLED-01942;Tank Racer (Demo)
SLPM-86172;Tanoshii Mahjong
SLPM-86284;Tanoshii Mahjong [Koei Summer Campaign]
SLPS-02157;Tantei Jinguuji Saburou: Early Collection
SLPS-03137;Tantei Jinguuji Saburou: Early Collection
SLPS-00544;Tantei Jinguuji Saburou: Mikan no Report
SLPS-03016;Tantei Jinguuji Saburou: Mikan no Report
SLPS-02427;Tantei Jinguuji Saburou: Tomoshibi ga Kienu Ma ni
SLPS-03015;Tantei Jinguuji Saburou: Tomoshibi ga Kienu Ma ni
SLPS-01356;Tantei Jinguuji Saburou: Yume no Owari ni
SLPS-03014;Tantei Jinguuji Saburou: Yume no Owari ni
SLPS-02883;Taregoro: Tarepanda no Iru Nichijou
SLPS-00532;Tasogare no Ode: Ode to the Sunset Era
SLPS-02884;Tasogare no Ode: Ode to the Sunset Era
SLPS-02939;Tatsunoko Fight
SLPM-87243;Tatsunoko Fight [The Best Takaramono]
SLES-03597;Taxi 2
SCES-01923;Team Buddies
SCES-02986;Team Buddies
SLUS-00869;Team Buddies
SLUS-00666;Team Losi RC Racer
SLPM-80140;Tech PlayStation 97-10
SLPM-80084;Tech PlayStation 97-4
SLPM-80089;Tech PlayStation 97-5
SLPM-80100;Tech PlayStation 97-6
SLPM-80108;Tech PlayStation 97-7
SLPM-80117;Tech PlayStation 97-8
SLPM-80128;Tech PlayStation 97-9
SLPM-80188;Tech PlayStation Vol. 1
SLPM-86738;Techno BB
SLES-03245;TechnoMage: De Terugkeer der Eeuwigheid
SLES-02831;TechnoMage: Die Rueckkehr der Ewigkeit
SLES-03244;Technomage: El Retorno de la Eternidad
SLES-03242;TechnoMage: En Quete de L'Eternite
SLES-03241;TechnoMage: Return of Eternity
SLES-03243;TechnoMage: Ritorno all'Eternita
SLUS-00315;Tecmo Stackers
SLPS-00565;Tecmo Super Bowl
SLUS-00070;Tecmo Super Bowl
SLUS-00299;Tecmo World Golf: Japan
SLUS-00340;Tecmo's Deception: Invitation to Darkness
SLPM-86178;Teitoku no Ketsudan II
SLPM-86786;Teitoku no Ketsudan II
SLPS-00448;Teitoku no Ketsudan II
SLPM-86204;Teitoku no Ketsudan III
SLPS-00788;Teitoku no Ketsudan III
SLPM-87180;Teitoku no Ketsudan III [Koei Teiban Series]
SLPS-01216;Teitoku no Ketsudan III with Power-Up Kit
SCES-00005;Tekken
SLPS-00040;Tekken
SLPS-91020;Tekken
SLUS-00006;Tekken
SCES-00255;Tekken 2
SLPS-00300;Tekken 2
SLPS-91055;Tekken 2
SLUS-00213;Tekken 2
SCED-00494;Tekken 2 + Fade to Black + F1 + V-CD
SCED-00467;Tekken 2 + Fade to Black + V-CD
SCES-01237;Tekken 3
SCPS-45213;Tekken 3
SCPS-45215;Tekken 3
SLPS-01300;Tekken 3
SLPS-91202;Tekken 3
SLUS-00402;Tekken 3
SCED-01146;Tekken 3 (Demo)
SCED-01384;Tekken 3 (Demo)
SLPS-00365;Tekkyuu: True Pinball
SLES-02131;Telefoot Manager
SLES-03169;Teletubbies: Spiel mit den Teletubbies
SLES-00316;Tempest X3
SLUS-00283;Tempest X3
SLPM-86368;Ten made Jack: Odoroki Mamenoki Daitoubou!!
SLES-00534;Ten Pin Alley
SLUS-00377;Ten Pin Alley
SLPS-01243;Tenant Wars
SLPS-00451;Tenchi Muyou! Toukou Muyou (Disc 1)
SLPS-00452;Tenchi Muyou! Toukou Muyou (Disc 2)
SLPM-87400;Tenchi o Kurau II: Sekiheki no Tatakai
SLPS-00203;Tenchi o Kurau II: Sekiheki no Tatakai
SLES-02452;Tenchu 2: Birth of the Stealth Assassins
SLES-02462;Tenchu 2: Birth of the Stealth Assassins
SLES-02463;Tenchu 2: Birth of the Stealth Assassins
SLES-02464;Tenchu 2: Birth of the Stealth Assassins
SLES-02465;Tenchu 2: Birth of the Stealth Assassins
SLUS-00939;Tenchu 2: Birth of the Stealth Assassins
SLES-01374;Tenchu: Stealth Assassins
SLUS-00706;Tenchu: Stealth Assassins
SLED-01467;Tenchu: Stealth Assassins (Demo)
SLPS-00712;Tenga Seiha
SLPS-01678;Tenka Touitsu
SLPS-01014;Tenkuu no Escaflowne
SLPS-01015;Tenkuu no Escaflowne
SLPM-86584;Tenkuu no Restaurant
SLPS-91452;Tenkuu no Restaurant
SLPM-86734;Tenkuu no Restaurant: Hello! Project Ver.
SLUS-01348;Tennis
SLES-00935;Tennis Arena
SLPS-01303;Tennis Arena
SLUS-00596;Tennis Arena
SLPM-87200;Tennis no Oji-Sama: The Prince of Tennis [Konami the Best]
SLPM-87028;Tennis no Oujisama
SLPM-87287;Tennis no Oujisama
SLPM-87155;Tennis no Oujisama: Sweat & Tears
SLPM-87296;Tennis no Oujisama: Sweat & Tears
SLPS-01278;Tensen Nyannyan Gekijouban
SLPS-01228;Tenshi Doumei
SLPS-03466;Tenshi na Konamaiki
SLPS-03132;Tentama
SCES-02836;Terracon
SCES-00012;Terry Pratchett's Discworld
SCUS-94600;Terry Pratchett's Discworld
SLES-00193;Terry Pratchett's Discworld
SLES-00948;Test Drive 4
SLPS-01288;Test Drive 4
SLUS-00487;Test Drive 4
SLES-01179;Test Drive 4x4
SLES-01165;Test Drive 5
SLPS-01964;Test Drive 5
SLUS-00610;Test Drive 5
SLES-02752;Test Drive 6
SLUS-00839;Test Drive 6
SLUS-01077;Test Drive Le Mans
SLES-00194;Test Drive Off-Road
SLUS-00396;Test Drive Off-Road
SLPS-01965;Test Drive Off-Road 2
SLUS-00609;Test Drive Off-Road 2
SLUS-00840;Test Drive Off-Road 3
SCES-02179;Tetris Magiska Utmaning
SLES-00442;Tetris Plus
SLPS-00466;Tetris Plus
SLPS-01720;Tetris Plus
SLUS-00338;Tetris Plus
SLPS-02886;Tetris with Card Captor Sakura: Eternal Heart
SLPS-00321;Tetris X
SLPS-91036;Tetris X
SLPS-00164;Tetsudou-ou '96: Iku ze Okuman Chouja!!
SLPS-01012;Tetsudou-ou 2: Sekai Seifuku no Yabou!!
SLPS-00675;Tetsuya Komuro: Gaball Screen
SLPS-00676;Tetsuya Komuro: Gaball Screen
SLPS-01718;Tettei Kaiseki: Hisshou Pachi-Slot Doujou: Yamasa & Pioneer
SLPS-00510;TFX: Tactical Fighter eXperiment
SLPS-00511;TFX: Tactical Fighter eXperiment
SLPM-86340;That's QT
SLPS-01916;The Airs
SCED-02327;The Best PlayStation Games Ever: No. 1 of 4
SLPS-02294;The Bistro: Ryouri & Wine no Shokunin-tachi
SLPM-86718;The Blue Marlin
SLPS-02752;The Blue Marlin
SLPS-91449;The Bombing Islands
SLPS-00866;The Bombing Islands: Kid Klown no Krazy Puzzle
SCPS-10094;The Book of Watermarks (Disc 1)
SCPS-10095;The Book of Watermarks (Disc 2)
SLPS-00331;The Chessmaster
SLPM-86691;The Conveni 2: Zenkoku Chain Tenkai da!
SLPS-01146;The Conveni 2: Zenkoku Chain Tenkai da!
SLPS-01301;The Conveni Special: 3-tsu no Sekai o Dokusen seyo
SLPS-02539;The Conveni Special: 3-tsu no Sekai o Dokusen Seyo [Artdink Best Choice]
SLPM-86655;The Conveni: Ano Machi o Dokusen seyo
SLPS-00782;The Conveni: Ano Machi o Dokusen seyo
SLPS-91104;The Conveni: Ano Machi o Dokusen seyo
SLPS-00769;The Crow: City of Angels
SLPS-01558;The Crown Knights: Jaja-uma! Quartet: Mega Dream Destruction+
SLPM-80422;The Cybernetic Tuning Master: Exhaust King
SLPS-00501;The Deep: Ushinawareta Shinkai
SLPM-86455;The Deep: Ushinawareta Shinkai [Reprint]
SLPM-87175;The Dog Master
SLPM-87252;The Dog Master
SLPM-86678;The Drug Store
SLPS-01516;The Drug Store: MatsumotoKiyoshi de Okaimono!
SLPS-01736;The Famires
SLPM-87254;The Famires: Shijou Saikyou no Menu
SLPS-01763;The Famires: Shijou Saikyou no Menu
SLPS-02715;The Famires: Shijou Saikyou no Menu [Best of the Best]
SLPS-02538;The Famires: The Family Restaurant [Artdink Best Choice]
SLPS-01555;The Fifth Element
SLPS-00148;The Firemen 2: Pete & Danny
SLPS-02090;The Firemen 2: Pete & Danny
SLPS-01583;The Game Maker: Ureyuki 100-manbon Get da ze!
SLPS-00155;The Game of Life: DX Jinsei Game
SLPS-91025;The Game of Life: DX Jinsei Game
SLPS-00918;The Game of Life: DX Jinsei Game II
SLPS-91095;The Game of Life: DX Jinsei Game II
SLPM-87098;The Game of Life: DX Jinsei Game III
SLPS-02469;The Game of Life: DX Jinsei Game III
SLPM-86963;The Game of Life: DX Jinsei Game IV
SLPM-87187;The Game of Life: DX Jinsei Game V
SCPS-45148;The Granstream Saga: Granstream Denki
SLPS-00719;The Great Battle VI
SLPS-03178;The Heiwa: Otenki Studio
SLPS-00325;The Hive Wars (Disc 1)
SLPS-00326;The Hive Wars (Disc 2)
SLPM-86961;The Housoukyoku: SatelliTV
SLPS-00351;The King of Fighters '95
SLPS-91026;The King of Fighters '95
SLPM-86110;The King of Fighters '96
SLPS-00834;The King of Fighters '96
SCPS-45248;The King of Fighters '97
SLPM-80242;The King of Fighters '97
SLPM-86084;The King of Fighters '97
SLPM-86245;The King of Fighters '97
SLPS-91511;The King of Fighters '97
SLPM-86201;The King of Fighters '98: Dream Match Never Ends
SLPM-86435;The King of Fighters '98: Dream Match Never Ends
SLPS-91512;The King of Fighters '98: Dream Match Never Ends [PSOne Books] [SNK Best Collection]
SCPS-45489;The King of Fighters '99
SLPM-86462;The King of Fighters '99
SLPM-86784;The King of Fighters '99
SLPS-03450;The King of Fighters '99 [SNK Best Collection] [Reprint]
SLPM-86314;The King of Fighters Kyo [SNK Best Collection]
SLPM-80245;The King of Fighters Kyou
SLPM-86095;The King of Fighters Kyou
SLPS-00923;The Last Report
PAPX-90091;The Legend of Dragoon
PAPX-90103;The Legend of Dragoon
PAPX-90104;The Legend of Dragoon
PCPX-96184;The Legend of Dragoon
SCPS-10119;The Legend of Dragoon (Disc 1)
SCPS-45461;The Legend of Dragoon (Disc 1)
SCPS-10120;The Legend of Dragoon (Disc 2)
SCPS-45462;The Legend of Dragoon (Disc 2)
SCPS-10121;The Legend of Dragoon (Disc 3)
SCPS-45463;The Legend of Dragoon (Disc 3)
SCPS-10122;The Legend of Dragoon (Disc 4)
SCPS-45464;The Legend of Dragoon (Disc 4)
SLPS-01323;The Legend of Heroes I & II: Eiyuu Densetsu
SLPS-01201;The Legend of Heroes III: Shiroki Majo: Mou Hitotsu no Eiyuu-tachi no Monogatari
SLPS-01540;The Legend of Heroes IV: Akai Shizuku
SLPS-01099;The Lost World: Jurassic Park
SLPM-86585;The Maestromusic
SLPM-86586;The Maestromusic
SLPM-86679;The Maestromusic: Encore Disc
SLPM-86684;The Maestromusic: Merry Christmas
SLPS-00562;The Making of Nightruth
SLPS-00722;The Masters Fighter
SLPS-00178;The Match Golf
SLPS-02072;The Mystic Dragoons
SLPS-02103;The Mystic Dragoons
SLPS-02845;The Mystic Dragoons
SLPM-80368;The Next Tetris
SLPS-01774;The Next Tetris
SLPS-02701;The Next Tetris
SLPS-02507;The Next Tetris DLX
SLPM-86989;The Oni Taiji!!: Mezase! Nidaime Momotarou
SLPS-00089;The Oni Taiji!!: Mezase! Nidaime Momotarou
SLPS-00418;The Open Golf: History of Turnberry
SLPS-00087;The Perfect Golf
SLPM-86139;The Pro Mahjong: Menkyo Kaiden
SLPS-02632;The Pro Mahjong: Menkyo Kaiden [Reprint]
SLPS-03104;The Pro Mahjong: Menkyo Kaiden [Reprint]
LSP-905314;The Quaddle Family Mysteries 1: The Case of the Scarce Scarab: Lobby / Kitchen
LSP-905321;The Quaddle Family Mysteries 2: The Case of the Scarce Scarab: Garden
LSP-905338;The Quaddle Family Mysteries 3: The Case of the Scarce Scarab: Parlor / Family Room
SLPS-02702;The Rong Rong
LSP-903310;The Secret of Googol 1a: Reshaping Googol: The Submarine
LSP-903327;The Secret of Googol 1b: Reshaping Googol: The Tower
LSP-903334;The Secret of Googol 2a: Reshaping Googol: The Castle
LSP-903341;The Secret of Googol 2b: Reshaping Googol: Under the Ocean
LSP-903358;The Secret of Googol 3: The Googol Counting Fair: Midways
LSP-903365;The Secret of Googol 4: The Googol Counting Fair: Corral / Fun House
LSP-903372;The Secret of Googol 5: Googolfest: Party Isle / Toy Isle
LSP-903389;The Secret of Googol 6: Googolfest: Arcade Isle / Moon Feast Isle
LSP-903396;The Secret of Googol 7: Eggs All Around: Egg Trek / Balloon Picnic
SLPS-00169;The Shinri Game
SLPS-02048;The Shinri Game
SLPS-03174;The Shinri Game 10
SLPS-00851;The Shinri Game 2
SLPS-02049;The Shinri Game 2
SLPS-01104;The Shinri Game 3
SLPS-02256;The Shinri Game 3
SLPS-02518;The Shinri Game 5
SLPS-02668;The Shinri Game 6
SLPS-02809;The Shinri Game 7
SLPS-02946;The Shinri Game 8
SLPS-03109;The Shinri Game 9
SLPS-01670;The Shinri Game IV: Itsu mo Kokoro ni Hoshizora o
SLPS-02257;The Shinri Game IV: Itsu mo Kokoro ni Hoshizora o
SLPS-00140;The Snowman
SLPS-00153;The Snowman By Raymon Briggs
SLPS-01196;The Star Bowling DX (Disc 1)
SLPS-01197;The Star Bowling DX (Disc 2)
SLPS-01198;The Star Bowling DX (Disc 3)
SLPS-01199;The Star Bowling DX (Disc 4)
LSP-903174;The Three Decoders 1: Riddle of the Ring
LSP-903181;The Three Decoders 2: Key to the Carousel
SLPS-00508;The Tower: Bonus Edition
SLPS-00606;The Tower: Bonus Edition
SLPS-00846;The Unsolved: Hyper Science Adventure (Disc 1)
SLPS-00847;The Unsolved: Hyper Science Adventure (Disc 2)
SLPS-00848;The Unsolved: Hyper Science Adventure (Disc 3)
SLPS-02399;The Uranai 2: Mainichi no Tarot Uranai
SLPS-02898;The Uranai 3: Mainichi no Houi Uranai
SLPS-02899;The Uranai 4: Harapeko Kuma no Kaiun Kabbalah Uranai
SLPS-03053;The Uranai 5: Shinpi no Rune Uranai
SLPS-03054;The Uranai 6: Suisei-san no Tottemo Kyuusei Senseijutsu
SLPS-02362;The Uranai: Ren'ai Seiza Uranai
SLPS-00872;The Witch of Salzburg
SLPM-86473;The Yellow Monkey: Trancemission VJ Remix
SLPS-01768;Theme Aquarium
SLPS-91470;Theme Aquarium (PSOne Books)
SLES-00627;Theme Hospital
SLPS-01405;Theme Hospital
SLUS-00275;Theme Hospital
SLES-00072;Theme Park
SLPS-00175;Theme Park
SLPS-91013;Theme Park
SLUS-00017;Theme Park
SLES-02688;Theme Park World
SLPS-02643;Theme Park World
SCES-01700;This Is Football
SCES-01703;This Is Football
SCES-01882;This Is Football
SCES-03070;This Is Football 2
SCES-03072;This Is Football 2
SCES-03075;This Is Football 2
SCES-03236;This Is Football 2
SCED-03199;This Is Football 2 (Demo)
SCED-03201;This Is Football 2 (Demo)
SCED-03204;This Is Football 2 (Demo)
SCED-03237;This Is Football 2 (Demo)
SCES-02269;This Is Soccer
SCES-03071;This Is Soccer 2
SCED-03200;This Is Soccer 2 (Demo)
SLPS-00053;Thoroughbred Breeder II Plus
SLPM-80178;Thoroughbred Breeder: Sekai Seiha-hen
SLPM-80231;Thoroughbred Breeder: Sekai Seiha-hen
SLPS-01324;Thoroughbred Breeder: Sekai Seiha-hen
SLPS-00177;Thoroughbred-tachi no Eikan: The Victorious Thoroughbreds
SLUS-90059;Thousand Arms (Demo)
SLPS-01780;Thousand Arms (Disc 1)
SLUS-00845;Thousand Arms (Disc 1)
SLPS-01781;Thousand Arms (Disc 2)
SLUS-00858;Thousand Arms (Disc 2)
SLPS-02589;Thrasher: SK8
SLES-02340;Thrasher: Skate and Destroy
SLES-02556;Thrasher: Skate and Destroy
SLUS-00935;Thrasher: Skate and Destroy
SLUS-90067;Thrasher: Skate and Destroy (Demo)
SLUS-01019;Threads of Fate
SLES-00876;Three Lions
SLUS-01486;Three Stooges, The
SLUS-00752;Thrill Kill (Beta)
SLPS-01406;Thunder Force V: Perfect System
SLPS-02211;Thunder Force V: Perfect System
SLUS-00727;Thunder Force V: Perfect System
SLPS-00094;Thunder Storm & Road Blaster (Disc 1) (Thunder Storm)
SLPS-00095;Thunder Storm & Road Blaster (Disc 2) (Road Blaster)
SCUS-94352;Thunder Truck Rally
SLPS-00357;Thunderhawk II
SLUS-00191;Thunderstrike 2
SLES-01674;Tiger Woods 99 PGA Tour Golf
SLPS-02012;Tiger Woods 99 PGA Tour Golf
SLUS-00785;Tiger Woods 99 PGA Tour Golf (Rev 1)
SLES-01675;Tiger Woods 99 USA Tour Golf
SLES-02551;Tiger Woods PGA Tour 2000
SLUS-01054;Tiger Woods PGA Tour 2000
SLES-03148;Tiger Woods PGA Tour Golf
SLUS-01273;Tiger Woods PGA Tour Golf
SLES-02595;Tiger Woods USA Tour 2000
SLES-03337;Tiger Woods USA Tour 2001
SLES-00728;Tigershark
SLPS-01017;Tigershark
SLUS-00346;Tigershark
SLPS-00717;Tilk: Aoi Umi kara Kita Shoujo
SLES-00152;Tilt!
SLPS-01211;Time Bokan Series: Bokan desu yo
SLPS-03133;Time Bokan Series: Bokan GoGoGo
SLPM-80064;Time Bokan Series: Bokan to Ippatsu! Doronbow
SLPS-00609;Time Bokan Series: Bokan to Ippatsu! Doronbow
SLPS-91051;Time Bokan Series: Bokan to Ippatsu! Doronbow
SLES-03651;Time Bokan: Yattaman
SLES-00224;Time Commando
SLES-00488;Time Commando
SLPS-00556;Time Commando
SLUS-00342;Time Commando
SCES-00657;Time Crisis
SLPS-00635;Time Crisis
SLPS-00666;Time Crisis
SLPS-91087;Time Crisis
SLUS-00405;Time Crisis
SCPS-45334;Time Crisis [PlayStation the Best]
SCES-02776;Time Crisis: Project Titan
SCPS-45514;Time Crisis: Project Titan
SLPS-03188;Time Crisis: Project Titan
SLUS-01336;Time Crisis: Project Titan
SLPS-00383;Time Gal & Ninja Hayate (Disc 1) (Time Gal)
SLPS-00384;Time Gal & Ninja Hayate (Disc 2) (Ninja Hayate)
LSP-907387;Timeless Jade Trade
LSP-040110;Timeless Math 1: Maya, Search and Rescue
LSP-907318;Timeless Math 1: Maya, Search and Rescue
LSP-040130;Timeless Math 2: Maya, Observatory
LSP-907325;Timeless Math 2: Maya, Observatory
LSP-040120;Timeless Math 3: Maya, King Jaguar's Village
LSP-907332;Timeless Math 3: Maya, King Jaguar's Village
LSP-040410;Timeless Math 4: Lunar Base
LSP-040510;Timeless Math 5: Space Flight Rescue
LSP-907356;Timeless Math 5: Space Flight Rescue
LSP-907363;Timeless Math 6: Brainswarm
LSP-907370;Timeless Math 7: Rover Recovery
SLES-03459;Tintin: Destination Adventure
SCPS-10130;Tiny Bullets
SCES-01338;Tiny Tank
SCES-02072;Tiny Tank
SCES-02073;Tiny Tank
SCES-02074;Tiny Tank
SCES-02075;Tiny Tank
SCUS-94427;Tiny Tank
SCES-01996;Tiny Toon Adventures: Buster and the Beanstalk
SCES-01997;Tiny Toon Adventures: Buster and the Beanstalk
SCES-01998;Tiny Toon Adventures: Buster and the Beanstalk
SLES-03547;Tiny Toon Adventures: Plucky's Big Adventure
SLUS-01393;Tiny Toon Adventures: Plucky's Big Adventure
SLUS-00638;Tiny Toon Adventures: The Great Beanstalk
SLES-02923;Tiny Toon Adventures: Toonenstein: Dare to Scare!
SLUS-00967;Tiny Toon Adventures: Toonenstein: Dare to Scare!
SLES-02927;Tiny Toon Adventures: Toonenstein: Geisterstunde!
SLES-02926;Tiny Toon Adventures: Toonenstein: Le Chateau hante
SLUS-90082;Titan A.E. (Demo)
SLES-00275;Titan Wars
SLPM-80016;TIZ: Tokyo Insect Zoo
SLPM-80024;TIZ: Tokyo Insect Zoo
SLPM-80025;TIZ: Tokyo Insect Zoo
SLPM-80026;TIZ: Tokyo Insect Zoo
SLPS-00123;TIZ: Tokyo Insect Zoo
SLUS-00089;TNN Motor Sports HardCore 4X4
SLUS-00980;TNN Motorsports HardCore TR
SLPS-00436;Toaplan Shooting Battle 1
SLPS-02749;Tobaku Mokushiroku Kaiji
SCPS-45025;Tobal 2
SLPM-86033;Tobal 2
SLPM-87406;Tobal 2
PCPX-96035;Tobal No. 1
SCES-00497;Tobal No. 1
SCUS-94208;Tobal No. 1
SLES-00497;Tobal No. 1
SLPM-80044;Tobal No. 1
SLPM-87405;Tobal No. 1
SLPS-00400;Tobal No. 1
SLES-01542;TOCA 2 Touring Cars
SLES-01547;TOCA 2 Touring Cars
SLUS-00996;TOCA 2: Touring Car Challenge
SLUS-00611;TOCA Championship Racing
SLPS-01410;TOCA Touring Car Championship
SLES-00376;TOCA Touring Car Championship (Rev 1)
SLES-02572;TOCA World Touring Cars
SLES-02573;TOCA World Touring Cars
SLPS-01651;Todd McFarlane's Spawn: The Ultimate
SLPS-01919;ToHeart (Disc 1)
SLPS-01920;ToHeart (Disc 2)
SLPS-01425;Toki wo Kakeru Shoujo
SCPS-45451;Tokimeki Memorial 2 (Disc 1)
SLPM-86350;Tokimeki Memorial 2 (Disc 1)
SLPM-86355;Tokimeki Memorial 2 (Disc 1)
SLPM-86723;Tokimeki Memorial 2 (Disc 1)
SCPS-45452;Tokimeki Memorial 2 (Disc 2)
SLPM-86351;Tokimeki Memorial 2 (Disc 2)
SLPM-86356;Tokimeki Memorial 2 (Disc 2)
SLPM-86724;Tokimeki Memorial 2 (Disc 2)
SCPS-45453;Tokimeki Memorial 2 (Disc 3)
SLPM-86352;Tokimeki Memorial 2 (Disc 3)
SLPM-86357;Tokimeki Memorial 2 (Disc 3)
SLPM-86725;Tokimeki Memorial 2 (Disc 3)
SCPS-45454;Tokimeki Memorial 2 (Disc 4)
SLPM-86353;Tokimeki Memorial 2 (Disc 4)
SLPM-86358;Tokimeki Memorial 2 (Disc 4)
SLPM-86726;Tokimeki Memorial 2 (Disc 4)
SCPS-45455;Tokimeki Memorial 2 (Disc 5)
SLPM-86354;Tokimeki Memorial 2 (Disc 5)
SLPM-86359;Tokimeki Memorial 2 (Disc 5)
SLPM-86727;Tokimeki Memorial 2 (Disc 5)
SLPM-80527;Tokimeki Memorial 2 Emotional Voice System Append Disc (Disc 1) (Minadzuki: Kotobuki: Sakura)
SLPM-80544;Tokimeki Memorial 2 Emotional Voice System Append Disc (Disc 2) (Akai: Ichimonji: Yae)
SLPM-80550;Tokimeki Memorial 2 Emotional Voice System Append Disc (Disc 3) (Shirayuki: Ijuin: Nozaki)
SLPM-86884;Tokimeki Memorial 2 Substories vol. 1: Dancing Summer Vacation [Konami the Best] (Disc 1)
SLPM-86885;Tokimeki Memorial 2 Substories vol. 1: Dancing Summer Vacation [Konami the Best] (Disc 2)
SLPM-87308;Tokimeki Memorial 2 Substories vol. 1: Dancing Summer Vacation [PSOne Books] (Disc 1)
SLPM-87309;Tokimeki Memorial 2 Substories vol. 1: Dancing Summer Vacation [PSOne Books] (Disc 2)
SLPM-86549;Tokimeki Memorial 2 Substories: Dancing Summer Vacation (Disc 1)
SLPM-86550;Tokimeki Memorial 2 Substories: Dancing Summer Vacation (Disc 2)
SLPM-86775;Tokimeki Memorial 2 Substories: Leaping School Festival (Disc 1)
SLPM-86941;Tokimeki Memorial 2 Substories: Leaping School Festival (Disc 1)
SLPM-86776;Tokimeki Memorial 2 Substories: Leaping School Festival (Disc 2)
SLPM-86942;Tokimeki Memorial 2 Substories: Leaping School Festival (Disc 2)
SLPM-86881;Tokimeki Memorial 2 Substories: Memories Ringing On (Disc 1)
SLPM-86882;Tokimeki Memorial 2 Substories: Memories Ringing On (Disc 2)
SLPM-86945;Tokimeki Memorial 2: Puzzle Puzzle-Dama [Konami the Best]
SLPM-87314;Tokimeki Memorial 2: Puzzle Puzzle-Dama [PSOne Books]
SLPM-87310;Tokimeki Memorial 2: Substories vol. 2: Leaping School Festival [PSOne Books] (Disc 1)
SLPM-87311;Tokimeki Memorial 2: Substories vol. 2: Leaping School Festival [PSOne Books] (Disc 2)
SLPM-87217;Tokimeki Memorial 2: Substories vol. 3: Memories Ringing On [Konami The Best] (Disc 1)
SLPM-87218;Tokimeki Memorial 2: Substories vol. 3: Memories Ringing On [Konami The Best] (Disc 2)
SLPM-87312;Tokimeki Memorial 2: Substories vol. 3: Memories Ringing On [PSOne Books] (Disc 1)
SLPM-87313;Tokimeki Memorial 2: Substories vol. 3: Memories Ringing On [PSOne Books] (Disc 2)
SLPM-86753;Tokimeki Memorial 2: Taisen Puzzledama
SLPM-80123;Tokimeki Memorial Drama Series Vol. 1: Nijiiro no Seishun
SLPM-86039;Tokimeki Memorial Drama Series Vol. 1: Nijiiro no Seishun
SLPM-86360;Tokimeki Memorial Drama Series Vol. 1: Nijiiro no Seishun
SLPM-86070;Tokimeki Memorial Drama Series Vol. 2: Irodori no Love Song (Disc 1)
SLPM-86361;Tokimeki Memorial Drama Series Vol. 2: Irodori no Love Song (Disc 1)
SLPM-86071;Tokimeki Memorial Drama Series Vol. 2: Irodori no Love Song (Disc 2)
SLPM-86362;Tokimeki Memorial Drama Series Vol. 2: Irodori no Love Song (Disc 2)
SLPM-86224;Tokimeki Memorial Drama Series Vol. 3: Tabidachi no Uta (Disc 1)
SLPM-86225;Tokimeki Memorial Drama Series Vol. 3: Tabidachi no Uta (Disc 2)
SLPM-87301;Tokimeki Memorial Drama Series Vol.1: Nijiiro No Seishun [Psone Books]
SCPS-45199;Tokimeki Memorial Drama Series vol.2: Irodori no love song (Disc 1)
SCPS-45200;Tokimeki Memorial Drama Series vol.2: Irodori no love song (Disc 2)
SLPM-87302;Tokimeki Memorial Drama Series vol.2: Irodori no love song [PSOne Books] (Disc 1)
SLPM-87303;Tokimeki Memorial Drama Series vol.2: Irodori no love song [PSOne Books] (Disc 2)
SLPM-86373;Tokimeki Memorial Drama Series vol.3: Tabidachi no Uta [Konami the Best] (Disc 1)
SLPM-86374;Tokimeki Memorial Drama Series vol.3: Tabidachi no Uta [Konami the Best] (Disc 2)
SLPM-87304;Tokimeki Memorial Drama Series vol.3: Tabidachi no Uta [PSOne Books] (Disc 1)
SLPM-87305;Tokimeki Memorial Drama Series vol.3: Tabidachi no Uta [PSOne Books] (Disc 2)
SCPS-45144;Tokimeki Memorial Forever With You [Playstation the Best]
SLPM-87300;Tokimeki Memorial Forever With You [PSone Books]
SLPM-86029;Tokimeki Memorial Selection: Fujisaki Shiori
SLPM-86005;Tokimeki Memorial Taisen Puzzledama
SLPM-86053;Tokimeki Memorial: Forever with You
SLPS-00064;Tokimeki Memorial: Forever with You
SLPS-00065;Tokimeki Memorial: Forever with You
SLPM-87306;Tokimeki Memorial: Taisen Puzzle-Dama [PSOne Books]
SLPM-86036;Tokimeki Memorial: Taisen Tokkaedama
SLPM-86094;Tokimeki no Houkago: Ne Quiz Shiyo
SLPM-86347;Tokimeki no Houkago: Ne Quiz Shiyo
SLPM-87307;Tokimeki No Houkago: Ne Quiz Siyo [PSone Books]
SLPS-03528;Toko Toko Trouble: Chikyuu Itadaki!
SLPM-86664;Tokoro-san no Daifugou
SLPM-86824;Tokoro-san no Daifugou
SLPS-01259;Tokyo 23-ku Seifuku Wars
SLPS-00174;Tokyo Dungeon
SLPM-80320;Tokyo Game Show '98 Autumn: Sunsoft Shinsaku Title Taikenban
PAPX-90095;Tokyo Game Show '99 Aki Special Taikenban
SLPM-80403;Tokyo Game Show '99 Spring Special Version: Tomy Paradise Taikenban
SLES-00413;Tokyo Highway Battle
SLUS-00229;Tokyo Highway Battle
SLPS-02837;Tokyo Majin Gakuen Denki: Jin no Shou: Tokyo Majin Gakuen Kenpuuchou Emaki (Bonus Disc)
SLPM-80622;Tokyo Majin Gakuen: Gehouchou
SLPS-03330;Tokyo Majin Gakuen: Gehouchou (Disc 1) (You)
SLPS-03333;Tokyo Majin Gakuen: Gehouchou (Disc 1) (You)
SLPS-03331;Tokyo Majin Gakuen: Gehouchou (Disc 2) (In)
SLPS-03334;Tokyo Majin Gakuen: Gehouchou (Disc 2) (In)
SLPS-03332;Tokyo Majin Gakuen: Gehouchou (Disc 3) (Ja)
SLPS-03335;Tokyo Majin Gakuen: Gehouchou (Disc 3) (Ja)
SLPS-01432;Tokyo Majin Gakuen: Kenpuuchou (Disc 1) (You)
SLPS-02834;Tokyo Majin Gakuen: Kenpuuchou (Disc 1) (You)
SLPS-01433;Tokyo Majin Gakuen: Kenpuuchou (Disc 2) (In)
SLPS-02835;Tokyo Majin Gakuen: Kenpuuchou (Disc 2) (In)
SLPS-02015;Tokyo Majin Gakuen: Oboro Kitan
SLPS-02836;Tokyo Majin Gakuen: Oboro Kitan
SLPM-87176;Tokyo Mew Mew (Mew Ichigo Box)
SLPM-87177;Tokyo Mew Mew (Mew Mint Box)
SLPM-87178;Tokyo Mew Mew: Toujou Shin Mew Mew! Minna Issho ni Gohoushi suru nyan
SLPM-80021;Tokyo Shadow
SLPS-00285;Tokyo Shadow (Disc 1)
SLPS-00286;Tokyo Shadow (Disc 2)
SLPS-00287;Tokyo Shadow (Disc 3)
SLPS-02182;Tokyo Wakusei Planetokio (Disc 1)
SLPS-02183;Tokyo Wakusei Planetokio (Disc 2)
SLPS-02184;Tokyo Wakusei Planetokio (Disc 3)
SLES-03181;Tom and Jerry in House Trap
SLPM-87034;Tom and Jerry in House Trap
SLUS-01191;Tom and Jerry in House Trap
SLES-01136;Tom Clancy's Rainbow Six
SLES-02372;Tom Clancy's Rainbow Six
SLUS-00947;Tom Clancy's Rainbow Six
SLES-03888;Tom Clancy's Rainbow Six: Lone Wolf
SLUS-01473;Tom Clancy's Rainbow Six: Lone Wolf
SLES-02696;Tom Clancy's Rainbow Six: Rogue Spear
SLUS-01108;Tom Clancy's Rainbow Six: Rogue Spear
SLES-00485;Tomb Raider
SLUS-00152;Tomb Raider
SLED-00571;Tomb Raider (Demo)
SLES-00024;Tomb Raider (EDC)
SLES-00486;Tomb Raider (EDC)
SLED-00513;Tomb Raider & Blam! Machinehead
SLPM-80168;Tomb Raider 2
SLPS-01200;Tomb Raider 2
SLPS-91119;Tomb Raider 2
SLPS-91434;Tomb Raider 2
SLES-03331;Tomb Raider Chronicles
SLES-03336;Tomb Raider Chronicles
SLUS-01311;Tomb Raider Chronicles
SLES-03335;Tomb Raider Chronicles: La Leggenda di Lara Croft
SLES-00107;Tomb Raider II: Starring Lara Croft
SLES-00718;Tomb Raider II: Starring Lara Croft
SLES-00719;Tomb Raider II: Starring Lara Croft
SLES-00720;Tomb Raider II: Starring Lara Croft
SLED-01036;Tomb Raider II: Starring Lara Croft (Demo)
SLUS-00437;Tomb Raider II: Starring Lara Croft (Rev 3)
SLES-01683;Tomb Raider III: Adventures of Lara Croft
SLES-01684;Tomb Raider III: Adventures of Lara Croft
SLPM-80385;Tomb Raider III: Adventures of Lara Croft
SLUS-00691;Tomb Raider III: Adventures of Lara Croft
SCPS-45385;Tomb Raider III: Adventures of Lara Croft (Disc 1) (Japanese Version)
SLPM-86196;Tomb Raider III: Adventures of Lara Croft (Disc 1) (Japanese Version)
SCPS-45386;Tomb Raider III: Adventures of Lara Croft (Disc 2) (International Version)
SLPM-86197;Tomb Raider III: Adventures of Lara Croft (Disc 2) (International Version)
SLES-01685;Tomb Raider III: Adventures of Lara Croft (Rev 1)
SLES-01649;Tomb Raider III: Adventures of Lara Croft (Rev 1) (EDC)
SLED-01709;Tomb Raider III: Les Aventures de Lara Croft (Demo)
SLES-01682;Tomb Raider III: Les Aventures de Lara Croft (Rev 1)
SLPM-86896;Tomb Raider IV: The Last Revelation
SLPS-02803;Tomb Raider IV: The Last Revelation
SLES-02240;Tomb Raider IV: The Last Revelation (EDC)
SLED-01623;Tomb Raider Trilogy: Demo Disc
SLPM-86779;Tomb Raider V: Chronicles
SLPM-87160;Tomb Raider V: Chronicles (Capkore)
SLES-03334;Tomb Raider: Die Chronik
SLES-02239;Tomb Raider: La Revelation Finale
SLES-03333;Tomb Raider: Sur les Traces de Lara Croft
SLES-02238;Tomb Raider: The Last Revelation
SLES-02241;Tomb Raider: The Last Revelation
SLES-02242;Tomb Raider: The Last Revelation
SLUS-00885;Tomb Raider: The Last Revelation
SLED-02418;Tomb Raider: The Last Revelation (Demo)
SLPS-00617;Tomb Raiders
SLPS-91049;Tomb Raiders
SLPS-91433;Tomb Raiders
SCUS-94236;Tomba!
SLPS-01144;Tomba!
SCUS-94255;Tomba! (Demo)
SCUS-94454;Tomba! 2: The Evil Swine Return
SCUS-94464;Tomba! 2: The Evil Swine Return (Demo)
PAPX-90096;Tomba! The Wild Adventures
SLPM-80476;Tomba! The Wild Adventures
SLPS-02350;Tomba! The Wild Adventures
SCES-01330;Tombi!
SCES-01331;Tombi!
SCES-02147;Tombi! 2
SCES-02684;Tombi! 2
SCES-02685;Tombi! 2
SCES-02686;Tombi! 2
SCES-02687;Tombi! 2: Contra los cerdiablos
SLPS-01935;Tomica Town o Tsukurou!
SLES-01228;Tommi Maekinen Rally
SLES-01235;Tommi Maekinen Rally
SLED-01329;Tommi Maekinen Rally (Demo)
PCPX-96105;Tomoyasu Hotei: Stolen Song
PCPX-96112;Tomoyasu Hotei: Stolen Song
SCPS-18007;Tomoyasu Hotei: Stolen Song (Disc 1)
SCPS-18009;Tomoyasu Hotei: Stolen Song (Disc 1)
SCPS-18008;Tomoyasu Hotei: Stolen Song (Disc 2)
SCPS-18010;Tomoyasu Hotei: Stolen Song (Disc 2)
SLPS-03347;Tonde! Tonde! Diet: Stepper Action Game
SLPM-80435;Tondemo Crisis!
SLPS-02113;Tondemo Crisis!
SLUS-01007;Tonka Space Station
SLPM-86429;Tony Hawk's Pro Skater
SLPM-86943;Tony Hawk's Pro Skater
SLUS-00860;Tony Hawk's Pro Skater
SLES-02908;Tony Hawk's Pro Skater 2
SLES-02909;Tony Hawk's Pro Skater 2
SLES-02910;Tony Hawk's Pro Skater 2
SLPM-86751;Tony Hawk's Pro Skater 2
SLUS-01066;Tony Hawk's Pro Skater 2
SLED-02879;Tony Hawk's Pro Skater 2 (Demo)
SLED-03048;Tony Hawk's Pro Skater 2 (Demo)
SLUS-90086;Tony Hawk's Pro Skater 2 (Demo)
SLES-03645;Tony Hawk's Pro Skater 3
SLES-03646;Tony Hawk's Pro Skater 3
SLES-03647;Tony Hawk's Pro Skater 3
SLUS-01419;Tony Hawk's Pro Skater 3
SLES-03954;Tony Hawk's Pro Skater 4
SLES-03955;Tony Hawk's Pro Skater 4
SLES-03956;Tony Hawk's Pro Skater 4
SLUS-01485;Tony Hawk's Pro Skater 4
SLES-02055;Tony Hawk's Skateboarding
SLED-02054;Tony Hawk's Skateboarding (Demo)
SLPS-00430;Tonzura-kun
SLES-00352;Top Gun: Fire at Will!
SLPS-00665;Top Gun: Fire at Will!
SLUS-00032;Top Gun: Fire at Will!
SCES-00248;Topolino e le Sue Avventure
SLPM-80059;ToPoLo
SLPS-00620;ToPoLo
SLPS-00855;Tora! Tora! Tora!
SLPS-01697;Tora! Tora! Tora!
SLPS-91421;Tora! Tora! Tora! [PSOne Books]
PCPX-96188;Toro Channel: Zoukangou nano nya! SCEI Nenmatsu Shinsaku Soft Information Movie Disc
SLPM-80220;Toshiba Emi Egg & Zutto Issho Demo Disc
SLES-02493;Toshinden 4
SLED-02023;Total Activision Demo
SLES-00307;Total Drivin
SLES-00046;Total Eclipse Turbo
SLPS-00105;Total Eclipse Turbo
SLUS-00021;Total Eclipse Turbo
PCPX-96033;Total NBA '96
SCES-00067;Total NBA '96
SIPS-60008;Total NBA '96
SCES-00623;Total NBA '97
SIPS-60015;Total NBA '97
SCES-01079;Total NBA 98
SLED-01872;Total Play (SLED-01872)
SLED-02126;Total Play (SLED-02126)
SLPM-87093;Touge Max 2
SLPS-01574;Touge Max 2
SLPS-91153;Touge Max 2
SLPM-80474;Touge Max G
SLPS-02361;Touge Max G
SCPS-45006;Touge Max: Saisoku Drift Master
SLPS-00592;Touge Max: Saisoku Drift Master
SLPS-91041;Touge Max: Saisoku Drift Master
SLPS-00187;Touhaiden Akagi
SLPS-00557;Touhou Chinyuuki: Halfling Hearts
SLPS-01168;Touki Denshou: Angel Eyes
SLPS-01167;Tour Party: Sotsugyou Ryokou ni Ikou
SLPS-02567;Tour Party: Sotsugyou Ryokou ni Ikou [The Best Takaramono]
SLPS-00445;Tournament Leader
SLPS-02004;Tournament Leader
SLPS-00025;Toushinden
SLPM-80001;Toushinden Otanoshimi-Ban
SLPS-02022;Toushinden Subaru
SLPS-01113;Toushinden: Card Quest
SLPS-01789;Tower Dream 2
SLPS-03242;Toyomaru Club Vol. 1: CR Nanasy
SLPM-80429;Toyota Netz Racing
SLES-04127;Toys
SLPS-01704;Toys Dream
SCUS-94266;Toys R Us Demo Disc
SCUS-94611;Toys R Us Summer Demo Disc
SCUS-94190;Toys R Us Test Drive Promotion
SCUS-94397;Toys R Us: Attack of the Killer Demos!
SCUS-94371;Toys R Us: Interactive CD Sampler Disc
SLPS-01076;Transformers: Beast Wars
SLPS-02208;Transformers: Beast Wars
SLPS-02468;Transformers: Beast Wars Metals
SLUS-01160;Transformers: Beast Wars Transmetals
SLES-00262;Transport Tycoon
SLPS-00694;Transport Tycoon 3D: SL Kara Hajimeyou!!
SLPS-01494;Trap Gunner
SLUS-00679;Trap Gunner
SLES-01628;Trap Runner
SLES-00256;Trash It
SLPS-00819;Treasure Gear
SCES-00850;Treasures of the Deep
SCES-01070;Treasures of the Deep
SCES-01071;Treasures of the Deep
SCES-01072;Treasures of the Deep
SCES-01073;Treasures of the Deep
SLUS-00430;Treasures of the Deep
SLES-02304;Trick'n Snowboarder
SLUS-00979;Trick'n Snowboarder
SLES-04062;Trickshot
SLPS-01860;Tricky Sliders: Freestyle Snowboard
SLUS-00827;Triple Play 2000
SLUS-01082;Triple Play 2001
SLPS-00682;Triple Play 97
SLUS-00237;Triple Play 97
SLPS-00887;Triple Play 98
SLUS-00465;Triple Play 98
SLPS-01621;Triple Play 99
SLUS-00618;Triple Play 99
SLUS-01345;Triple Play Baseball
SLES-01791;Triple Play Baseball 2000
SLPS-00911;Tripuzz
SLPS-02626;TRL: The Rail Loaders
SLPS-02108;Tron ni Kobun
SLPS-91203;Tron ni Kobun: RockMan Dash Series [PlayStation the Best for Family] (Disc 1)
SLPS-91204;Tron ni Kobun: RockMan Dash Series [PlayStation the Best for Family] (Disc 2)
SLES-03953;Truck Racing
SLES-04128;Truck Rally
SLPS-00586;True Love Story
SLPS-91113;True Love Story
SLPS-01743;True Love Story 2 (Disc 1)
SLPS-01744;True Love Story 2 (Disc 2)
SLPS-01745;True Love Story 2 (Disc 3)
SLPS-02404;True Love Story Fan Disc
SLPS-01151;True Love Story: Remember My Heart
SLES-00052;True Pinball
SLUS-00337;True Pinball
SLPS-01440;Trump Shiyou yo!
SLPS-02225;Trump Shiyou yo!
SLPS-02612;Trump Shiyou yo!
SLPS-01746;Tsumu
SLPS-02253;Tsumu Light
SLPS-01694;TsunTsun-gumi 2: MojiMoji Pakkun
SLPS-01839;TsunTsun-gumi 3: Kanji Vader
SLPS-01602;TsunTsun-gumi: Suuji de PuniPuni
SLPS-00440;Tsuri Baka Nisshi
SLPS-01752;Tsuridou: Keiryuu Mizuumi-hen
SLPS-02676;Tsuridou: Keiryuu Mizuumihen [Best Edition]
SLPS-01139;Tsuridou: Umizuri-hen
SLPS-91125;Tsuridou: Umizuri-hen
SLPS-00334;Tsuukai!! Slot Shooting
SLES-03298;Tunguska: Legend of Faith
SLES-00322;Tunnel B1
SLUS-00188;Tunnel B1
SLED-00514;Tunnel B1 + X2: No Relief + Break Point + Cheesy
SCUS-94229;Turbo Prop Racing
SLPS-00388;Turf Wind '96: Take Yutaka Kyousouba Ikusei Game
SLES-04005;Turnabout
SLUS-01499;Turnabout
SLPS-03459;TV Animation X: Unmei no Sentaku
SLES-03412;Tweenies: Game Time
SLPM-80042;Twilight Syndrome
SLPS-00405;Twilight Syndrome: Kyuumei-hen
SLPS-01443;Twilight Syndrome: Kyuumei-hen
SLPS-02850;Twilight Syndrome: Saikai
SLPS-91466;Twilight Syndrome: Saikai
SLPS-03256;Twilight Syndrome: Saikai [Spike Library #5]
SLPS-00102;Twilight Syndrome: Tansaku-hen
SLPS-01442;Twilight Syndrome: Tansaku-hen
SLPM-80035;Twilight Syndrome: The Memorize
SLPS-00018;Twin Goddesses
SCPS-45208;TwinBee RPG
SLPM-86077;TwinBee RPG
SLPM-86117;Twinbee RPG [Konami the Best]
SLPM-87319;Twinbee RPG [PSOne Books]
SLPS-00015;TwinBee Taisen Puzzle-dama
SLPS-02126;Twins Story: Kimi ni Tsutaetakute...
SCES-00061;Twisted Metal
SCUS-94304;Twisted Metal
SIPS-60007;Twisted Metal
SCUS-94306;Twisted Metal 2
SCUS-94560;Twisted Metal 4
SCUS-94389;Twisted Metal 4 (Demo)
SIPS-60021;Twisted Metal EX: World Tour
SCUS-94249;Twisted Metal III
SCUS-94367;Twisted Metal III
SCUS-94378;Twisted Metal III (Demo)
SCUS-94642;Twisted Metal: Small Brawl
SCES-00567;Twisted Metal: World Tour
SCED-02540;Two Product Psygnosis Demo
SLPS-00131;Two-Ten Kaku
SLUS-01074;Tyco R-C: Assault with a Battery
SLUS-90085;Tyco R-C: Assault with a Battery (Demo)
SLPS-02693;U-SA
SLPS-01480;U.P.P.
SLPS-00994;U.S. Navy Fighters
SLES-00722;Ubik
SCPS-45221;Ucchannanchan no Honoo no Challenger: Denryu Iraira-Bo Returns
SLPM-86190;Uchi ni Pochi ga Yattekita in my Pocket
SLPS-00236;Uchuu Goushouden: Bakuretsu Akindo
SLPS-00826;Uchuu no Rendezvous: Rama (Disc 1)
SLPS-00827;Uchuu no Rendezvous: Rama (Disc 2)
SLPS-00032;Uchuu Seibutsu Flopon-kun P!
SLPS-02952;Uchuu Senkan Yamato: Eiyuu no Kiseki
SLPS-01900;Uchuu Senkan Yamato: Haruka naru Hoshi Iscandar
SLPS-03234;Uchuu Senkan Yamato: Haruka naru Hoshi Iscandar
SLES-02806;UEFA Challenge
SLES-02807;UEFA Challenge
SLES-01744;UEFA Champions League: Saison 1998-99
SLES-01745;UEFA Champions League: Saison 1998-99
SLES-01622;UEFA Champions League: Season 1998-99
SLES-02577;UEFA Champions League: Season 1999-2000
SLES-02578;UEFA Champions League: Season 1999-2000
SLES-02579;UEFA Champions League: Season 1999-2000
SLES-02580;UEFA Champions League: Season 1999-2000
SLES-02581;UEFA Champions League: Season 1999-2000
SLES-03262;UEFA Champions League: Season 2000-2001
SLES-03280;UEFA Champions League: Season 2000-2001
SLES-03281;UEFA Champions League: Season 2000-2001
SLES-03282;UEFA Champions League: Season 2000-2001
SLES-03283;UEFA Champions League: Season 2000-2001
SLES-01746;UEFA Champions League: Stagione 1998-99
SLES-01747;UEFA Champions League: Temporada 1998-99
SLES-02704;UEFA Euro 2000
SLES-02705;UEFA Euro 2000
SLES-02706;UEFA Euro 2000
SLES-02707;UEFA Euro 2000
SLES-02708;UEFA Euro 2000
SLES-01733;UEFA Striker
SLPM-86722;UFC: Ultimate Fighting Championship
SLPS-02032;UFO: A Day in the Life
SLPS-02973;UFO: A Day in the Life [ASCII Casual Collection]
SLPS-00391;Ugetsu Kitan
SLPS-02384;Ugetsu Kitan
SLPS-02579;Uki Uki Tsuri Tengoku: Gyoshin Densetsu o Oe
SLPS-01521;Uki Uki Tsuri Tengoku: Kawa Monogatari
SLPS-00983;Uki Uki Tsuri Tengoku: Ningyo Densetsu no Nazo
SLPS-01571;Uki Uki Tsuri Tengoku: Ningyo Densetsu no Nazo
SLPS-00742;Ultima Underworld: The Stygian Abyss
SLUS-00864;Ultimate 8 Ball
SLES-04024;Ultimate Brain Games
SLUS-01577;Ultimate Brain Games
SLES-02903;Ultimate Fighting Championship
SLUS-01143;Ultimate Fighting Championship
SLUS-81143;Ultimate Fighting Championship (Demo)
SLPS-01455;Ultraman Tiga & Ultraman Dyna: Arata naru Futatsu no Hikari
SLPS-00652;Ultraman Zearth
SLPM-80218;Ultraman: Fighting Evolution
SLPS-01248;Ultraman: Fighting Evolution
SLPS-91145;Ultraman: Fighting Evolution
PCPX-96150;Um Jammer Lammy
SCES-01753;Um Jammer Lammy
SCPS-18011;Um Jammer Lammy
SCPS-45391;Um Jammer Lammy
SCPS-91226;Um Jammer Lammy
SCUS-94448;Um Jammer Lammy
SCUS-94398;Um Jammer Lammy (Demo)
SCPS-91325;Um Jammer Lammy [PSOne Books]
SLPM-86403;Umapoly
SLPS-01767;Umezawa Yukari no Taikyoku Igo: Heisei Kiin II
SLPS-91491;Umi No Nushi Tsuri Takarajimi NI Mukatte [PSOne Books]
SLPM-80459;Umi no Nushi-tsuri: Takarajima ni Mukatte
SLPS-02172;Umi no Nushi-tsuri: Takarajima ni Mukatte
SLPM-80322;Umi no Oh! Yah!
SLPS-01623;Umi no Oh! Yah!
SLPS-00643;Umihara Kawase Shun
SLPS-02549;Umihara Kawase Shun: Second Edition
SLPS-03380;Undou Busoku Kaishou! Punch de Diet
SLPM-87055;UnGro Walker
SLES-01300;Unholy War, The
SLUS-00676;Unholy War, The
SLED-01557;Unholy War, The (Demo)
SLUS-90030;Unholy War, The (Demo)
SLPS-01225;Universal Nuts
SLPS-00046;Universal Virtua Pachi-Slot: Hisshou Kouryakuhou
SLPS-00101;Universal-ki Kanzen Kaiseki: Pachi-Slot Simulator
LSP-909015;Unknown Variable 1: Masque Manor
LSP-909022;Unknown Variable 2: Raven's Ridge
SLPS-01349;Uno
SLPS-00302;Unstack
SLUS-00686;Uprising X
SLPS-91468;Urawaza Mahjong: Korette Tenhoutte Yatsukai [PSOne Books]
SLPS-03264;Urawaza Mahjong: Korette Tenhoutte Yatsukai [Spike Library]
SLPS-02807;Urawaza Mahjong: Korette Tenwatte Yatsukai
SLES-02071;Urban Chaos
SLES-02354;Urban Chaos
SLES-02355;Urban Chaos
SLUS-01091;Urban Chaos
SLES-03810;US Racer
SLPM-86437;Utauta Woo: Seirei-Songs
SLPM-80229;Utchan Nanchan no Honoo no Challenger: Denryuu Iraira-bou Returns
SLPS-01317;Utchan Nanchan no Honoo no Challenger: Denryuu Iraira-bou Returns
SLES-00846;V-Ball: Beach Volley Heroes
SLES-02808;V-Beach Volleyball (Proto)
SLPM-80635;V-Jump Soukan 9-shuunen Kinen Special Disc!!
SLES-00250;V-Rally: 97 Championship Edition (Rev 2)
SLPM-80191;V-Rally: Championship Edition
SLPS-01149;V-Rally: Championship Edition
SLPS-91099;V-Rally: Championship Edition
SLPS-91430;V-Rally: Championship Edition [PSOne Books]
SLPM-80500;V-Rally: Championship Edition 2
SLPS-02516;V-Rally: Championship Edition 2
SLPS-91467;V-Rally: Championship Edition 2
SLED-02124;V-Rally: Championship Edition 2 (Demo)
SLES-00285;V-Tennis
SLPS-00103;V-Tennis
SLUS-00218;V-Tennis
SLPS-00469;V-Tennis 2
SLES-03681;V.I.P.
SLUS-01228;V.I.P.
SLES-00545;V2000
SLED-01548;V2000 (Demo)
SLPS-00352;Vadims
SCPS-45486;Vagrant Story
SLES-02754;Vagrant Story
SLES-02755;Vagrant Story
SLES-02756;Vagrant Story
SLPM-87393;Vagrant Story
SLPS-02377;Vagrant Story
SLPS-91457;Vagrant Story
SLUS-01040;Vagrant Story
SLPM-86371;Valkyrie Profile (Disc 1)
SLPM-86379;Valkyrie Profile (Disc 1)
SLPM-87354;Valkyrie Profile (Disc 1)
SLPM-87372;Valkyrie Profile (Disc 1)
SLUS-01156;Valkyrie Profile (Disc 1)
SLPM-86372;Valkyrie Profile (Disc 2)
SLPM-86380;Valkyrie Profile (Disc 2)
SLPM-87355;Valkyrie Profile (Disc 2)
SLPM-87373;Valkyrie Profile (Disc 2)
SLUS-01179;Valkyrie Profile (Disc 2)
SLPS-02703;Value 1500: The Shanghai
SLPS-02704;Value 1500: The Shikinjou
SLPS-01932;Vampir: Kyuuketsuki Densetsu
SLES-02731;Vampire Hunter D
SLPS-02477;Vampire Hunter D
SLPS-03198;Vampire Hunter D
SLUS-01138;Vampire Hunter D
SLPS-91523;Vampire Hunter D [PSOne Books]
SLPS-01700;Vampire Savior: EX Edition
SLPM-86815;Vampire Saviour EX Edition [Capkore]
SLPS-00036;Vampire: The Night Warriors
SLUS-01035;Vanark
SCPS-45183;Vandal Hearts
SLES-00204;Vandal Hearts
SLUS-00447;Vandal Hearts
SLES-02469;Vandal Hearts II
SLES-02496;Vandal Hearts II
SLES-02497;Vandal Hearts II
SLUS-00940;Vandal Hearts II
SCPS-45415;Vandal Hearts II: Tenjou no Mon
SLPM-86251;Vandal Hearts II: Tenjou no Mon
SLPM-86504;Vandal Hearts II: Tenjou no Mon (Konami the Best)
SLPM-87279;Vandal Hearts II: Tenjou no Mon (PSOne Books)
SLPM-80057;Vandal Hearts: Ushinawareta Kodai Bunmei
SLPM-86007;Vandal Hearts: Ushinawareta Kodai Bunmei
SLPM-86067;Vandal Hearts: Ushinawareta Kodai Bunmei
SLPM-87278;Vandal Hearts: Ushinawareta Kodai Bunmei [PSOne Books]
SLUS-01070;Vanguard Bandits
SLES-02534;Vanishing Point
SLES-02796;Vanishing Point
SLUS-01109;Vanishing Point
SLES-02918;Vegas Casino
SLUS-00836;Vegas Games 2000
SLPS-00232;Vehicle Cavalier
PAPX-90012;Velldeselba Senki: Tsubasa no Kunshou
SCPS-10027;Velldeselba Senki: Tsubasa no Kunshou
SLES-03483;Vem Vill Bli Miljonaer
SLPS-00558;Vermin Kids
SLES-02295;Verrat in der Verbotenen Stadt
SLES-01293;Versailles: A Game of Intrigue
SLES-01031;Versailles: Complot a la Cour du Roi Soleil
SLES-01294;Versailles: Complotto alla Corte del Re Sole
SLES-01730;Versailles: Verschwoerung am Hof
SLES-02219;Versalles: Complot en la corte del Rey Sol
PAPX-90101;Vib-Ribbon
PAPX-90102;Vib-Ribbon
SCES-02873;Vib-Ribbon
SCPS-18012;Vib-Ribbon
SCPS-45469;Vib-Ribbon
SCPS-91213;Vib-Ribbon
SCPS-91308;Vib-Ribbon
SLPS-02740;Victory Boxing
SLES-01393;Victory Boxing 2
SLED-01529;Victory Boxing 2 (Demo)
SLES-02727;Victory Boxing Challenger
SLES-00180;Victory Boxing Champion Edition
SLES-03599;Victory Boxing Contender
SLPS-00372;Victory Spike
SCPS-10002;Victory Zone
SCPS-10024;Victory Zone 2
SCPS-10025;Victory Zone 2: Real Pachinko Simulator
SCED-02672;Video IDU Demo 06E
SCED-00988;Video IDU Test v1.1
SLES-00123;Viewpoint
SLUS-00033;Viewpoint
SLES-01212;Vigilante 8
SLES-01213;Vigilante 8
SLES-01214;Vigilante 8
SLES-01215;Vigilante 8
SLPM-80316;Vigilante 8
SLPS-01703;Vigilante 8
SLPS-91182;Vigilante 8
SLED-01250;Vigilante 8 (Demo)
SLUS-90022;Vigilante 8 (Demo)
SLUS-00510;Vigilante 8 (Rev 1)
SLPM-86929;Vigilante 8 [Pokkiri 1400 Series]
SLPS-02615;Vigilante 8: 2nd Battle
SLES-02162;Vigilante 8: 2nd Offense
SLUS-00868;Vigilante 8: 2nd Offense
SLPM-86928;Vigilante 8: Second Battle [Pokkiri 1400 Series]
SLES-03484;Vil du bli millionaer
SCES-00236;VIP Demo
SCES-00237;VIP Demo
SLES-01302;Viper
SLPS-02896;Virtua Pachi-Slot 7: Kita Denshi, Olympia
SLPS-02295;Virtua Pachi-Slot EX
SLPS-02031;Virtua Pachi-Slot IV
SLPS-02610;Virtua Pachi-Slot Olympia Special 2
SLPS-02235;Virtua Pachi-Slot V: Yamasa, Kita Denshi, Olympia
SLPS-03026;Virtua Pachi-Slot V: Yamasa, Kitadenshi, Olympia [The Best Buy]
SLPS-02557;Virtua Pachi-Slot VI
SLPS-01639;Virtua Pachi-Slot: Olympia Special
SLPS-03025;Virtua Pachi-Slot: Olympia Special
SLPS-00892;Virtual Bowling: Ten Pin Alley no Kiseki
SLPS-00567;Virtual Gallop: Kishudou
SLPS-00568;Virtual Gallop: Kishudou
SLPS-02947;Virtual Gallop: Kishudou
SLES-00264;Virtual Golf
SLPS-03091;Virtual Hiryu no Ken' (Dash)
SLPM-80110;Virtual Hiryuu no Ken
SLPS-00338;Virtual Hiryuu no Ken
SLES-03288;Virtual Kasparov
SLUS-01341;Virtual Kasparov
SLPS-03044;Virtual Kyotei '98 [Nichibutsu Select Vol. 4]
SLPS-01396;Virtual Kyoutei '98
SLPS-02014;Virtual Kyoutei '99
SLPS-02748;Virtual Kyoutei 2000
SLPS-03199;Virtual Kyoutei 21
SLES-00234;Virtual Pool
SLUS-00034;Virtual Pool
SLUS-01374;Virtual Pool 3
SLPS-00449;Virtual Pro Wrestling
SLES-01317;Virus: It Is Aware
SLPS-02008;Virus: The Battle Field
SLES-02837;Visiteurs, Les: La Relique de Sainte Rolande
SLED-01931;Viva Football (Demo)
SLES-00761;Viva Football (Rev 2)
SLUS-00657;VIVA Soccer
SLUS-00953;Viva Soccer
SCED-03925;Vivi la Magia di Disney su PlayStation
SLES-00552;VMX Racing
SLUS-00123;VMX Racing
SLPS-00747;Voice Fantasia: Ushinawareta Voice Power
SLPS-00775;Voice Idol Collection: Pool Bar Story (Disc 1)
SLPS-00776;Voice Idol Collection: Pool Bar Story (Disc 2)
SLPS-00590;Voice Paradice Excella (Disc 1)
SLPS-00591;Voice Paradice Excella (Disc 2)
SLPS-03140;Volfoss
SLES-00169;VR Baseball '97
SLUS-00281;VR Baseball '97
SLES-01325;VR Baseball 99
SLUS-00632;VR Baseball 99
SLUS-00198;VR Golf '97
SLUS-00199;VR Soccer '96
SLES-00931;VR Sports Powerboat Racing
SLUS-00625;VR Sports Powerboat Racing
SLED-00911;VR Sports Powerboat Racing (Demo)
SLES-01104;Vs.
SLUS-00513;Vs.
SLES-02468;Wacky Races
SLPM-87220;Wagamama Fairy Mirumo de Pon! Mirumo no Mahou Gakkou Monogatari
SLPM-86696;Wai Wai 3-nin Uchi Mahjong
HPS-91;Wai Wai 3-nin Uchi Mahjong [Controller Set]
SLPM-87225;Wai Wai Bowling
SLPM-86544;Wai Wai Jansou
SLPM-87230;Wai Wai Kart
SLPM-87244;Wai Wai Kusa Yakyuu
SLPM-86657;Wai Wai Trump Taisen
HPS-105;Wai Wai Trump Taisen [Controller Set]
SLPS-01967;Waku Puyo Dungeon Ketteiban (Disc 2)
SLPS-01966;Waku Puyo Dungeon: Ketteiban
SLPS-01166;Waku Waku Bowling
SLPS-01157;Waku Waku Derby
SLPM-80342;Waku Waku Volley
SLPS-01695;Waku Waku Volley
SLPS-02346;Waku Waku Volley
SLPS-01374;Wakusei Koukitai: Little Cats
SCES-03029;Walt Disney El Libro de la Selva: Muevete con Ritmo
SCES-03026;Walt Disney Il Libro della Giungla: Il Ballo della Giungla
SCES-03028;Walt Disney Ksiega Dzungli: Groove Party
SCES-03024;Walt Disney Le Livre de la Jungle: Groove Party
SLUS-01106;Walt Disney World Quest: Magical Racing Tour
SCES-03022;Walt Disney's Jungle Boek: Groove Party
SCES-03020;Walt Disney's The Jungle Book: Groove Party
SLUS-01278;Walt Disney's The Jungle Book: Rhythm n' Groove
SCES-03023;Walt Disneyn Viidakkokirja: Svengiseikkailu
SCES-03025;Walt Disneys Das Dschungelbuch: Groove Party
SCES-03030;Walt Disneys Djungelboken: Groove Party
SLPS-02322;Wander Vehicles: Doggy Bone Daisakusen
SLPS-03295;Wander Vehicles: Doggy Bone Daisakusen
SLPS-01213;Wangan Trial (Disc 1)
SLPS-02280;Wangan Trial (Disc 1)
SLPS-01214;Wangan Trial (Disc 2)
SLPS-02281;Wangan Trial (Disc 2)
SLES-04158;Wanted
SLES-00538;War Gods
SLUS-00328;War Gods
SLES-00878;WarCraft II: The Dark Saga
SLPS-01098;WarCraft II: The Dark Saga
SLUS-00480;WarCraft II: The Dark Saga
SLPS-02658;Warera Mitsurin Tankentai!!
SLPS-03287;Warera Mitsurin Tankentai!! [Reprint]
SLPS-00596;Wares 1092: Souheiden
SLPS-00740;Wares 1092: Souheiden
SLES-00978;WarGames: Defcon 1
SLUS-00599;WarGames: Defcon 1
SLED-01366;WarGames: Defcon 1 (Demo)
SLES-01159;Warhammer: Dark Omen
SLUS-00550;Warhammer: Dark Omen
SLES-00028;Warhammer: Shadow of the Horned Rat
SLUS-00117;Warhammer: Shadow of the Horned Rat
SCES-00062;Warhawk: The Red Mercury Missions
SCUS-94305;Warhawk: The Red Mercury Missions
SLES-03247;Warm Up!
SLES-02253;Warpath: Jurassic Park
SLUS-00976;Warpath: Jurassic Park
SLES-03263;Warriors of Might and Magic
SLES-03330;Warriors of Might and Magic
SLUS-01204;Warriors of Might and Magic
SLES-00937;Warzone 2100
SLES-01742;Warzone 2100
SLES-01743;Warzone 2100
SLUS-00819;Warzone 2100
SLED-01787;Warzone 2100 (Demo)
SLPM-87085;Water Summer
SLPM-87086;Water Summer
SLES-01160;Wayne Gretzky's 3D Hockey '98
SLUS-00147;Wayne Gretzky's 3D Hockey '98
SLES-03168;WCW Backstage Assault
SLUS-01274;WCW Backstage Assault
SLES-02193;WCW Mayhem
SLUS-00963;WCW Mayhem
SLED-01271;WCW Nitro
SLES-01137;WCW Nitro
SLUS-00397;WCW Nitro
SLES-00763;WCW vs. the World
SLUS-00455;WCW vs. the World
SLES-01663;WCW-nWo Thunder
SLUS-00779;WCW-nWo Thunder
SLES-03551;Weakest Link, The
SLUS-01413;Weakest Link, The
SLPS-00368;Wedding Peach: Doki Doki Oiro-naoshi
SLPM-80187;Weekly the PlayStation Limited No. 1
SLPS-00190;Welcome House
SLPS-00633;Welcome House 2: Keaton and His Uncle
SLPS-01887;Weltorv Estleia
SLES-03341;Wer wird Millionaer
SLES-03591;Wer wird Millionaer: 2. Edition
SLES-03916;Wer wird Millionaer: Dritte Edition
SLES-03594;Wer wird Millionaer: Junior
SLES-03779;Westlife: Fan-O-Mania
SLES-03806;Westlife: Fan-O-Mania
SLUS-00683;Wheel of Fortune
SLUS-01174;Wheel of Fortune: 2nd Edition
SLPM-87214;Whistle: Fuki Nukeru Kaze
SLPM-87318;Whistle!: Fuki Nukeru Kaze [Konami the Best]
SLPS-02352;White Diamond
SLPS-02937;White Diamond [Best Version]
SLES-00141;Whizz
SLPS-00939;Whizz
SLES-02988;Who Wants to Be a Millionaire
SCUS-94567;Who Wants to Be a Millionaire: 2nd Edition
SLES-03589;Who Wants to Be a Millionaire: 2nd Edition
SCUS-94644;Who Wants to Be a Millionaire: 3rd Edition
SLES-03585;Who Wants to Be a Millionaire: Australian Edition
SLES-03583;Who Wants to Be a Millionaire: Irish Edition
SLES-03592;Who Wants to Be a Millionaire: Junior
SLES-01333;Wild 9
SLED-01496;Wild 9 (Demo)
SLED-01689;Wild 9 & MDK & Crime Killer (Demo)
PCPX-96034;Wild Arms
SCES-00321;Wild Arms
SCES-01171;Wild Arms
SCES-01172;Wild Arms
SCES-01173;Wild Arms
SCES-01174;Wild Arms
SCPS-10028;Wild Arms
SCPS-45027;Wild Arms
SCPS-91038;Wild Arms
SCPS-91306;Wild Arms
SCUS-94608;Wild Arms
SCUS-94592;Wild Arms 2 (Demo)
SCUS-94484;Wild Arms 2 (Disc 1)
SCUS-94498;Wild Arms 2 (Disc 2)
SCPS-45429;Wild Arms 2nd Ignition (Disc 1)
SCPS-45430;Wild Arms 2nd Ignition (Disc 2)
PCPX-96161;Wild Arms: 2nd Ignition
PCPX-96171;Wild Arms: 2nd Ignition
SCPS-10089;Wild Arms: 2nd Ignition (Disc 1)
SCPS-91208;Wild Arms: 2nd Ignition (Disc 1)
SCPS-91321;Wild Arms: 2nd Ignition (Disc 1)
SCPS-10090;Wild Arms: 2nd Ignition (Disc 2)
SCPS-91209;Wild Arms: 2nd Ignition (Disc 2)
SCPS-91322;Wild Arms: 2nd Ignition (Disc 2)
SLPS-02174;Wild Boater
SLES-02631;Wild Rapids
SLUS-01128;Wild Thornberrys, The: Animal Adventures
SCPS-10080;Wildroid 9
SLES-00323;Williams Arcade's Greatest Hits
SLUS-00201;Williams Arcade's Greatest Hits
SLES-03329;Windsurfers Paradise
SLES-00074;Wing Commander III: Heart of the Tiger (Disc 1)
SLES-00104;Wing Commander III: Heart of the Tiger (Disc 1)
SLES-00105;Wing Commander III: Heart of the Tiger (Disc 1)
SLPS-00477;Wing Commander III: Heart of the Tiger (Disc 1)
SLUS-00019;Wing Commander III: Heart of the Tiger (Disc 1)
SLES-10074;Wing Commander III: Heart of the Tiger (Disc 2)
SLES-10104;Wing Commander III: Heart of the Tiger (Disc 2)
SLES-10105;Wing Commander III: Heart of the Tiger (Disc 2)
SLPS-00478;Wing Commander III: Heart of the Tiger (Disc 2)
SLUS-00134;Wing Commander III: Heart of the Tiger (Disc 2)
SLES-20074;Wing Commander III: Heart of the Tiger (Disc 3)
SLES-20104;Wing Commander III: Heart of the Tiger (Disc 3)
SLES-20105;Wing Commander III: Heart of the Tiger (Disc 3)
SLPS-00479;Wing Commander III: Heart of the Tiger (Disc 3)
SLUS-00135;Wing Commander III: Heart of the Tiger (Disc 3)
SLES-30074;Wing Commander III: Heart of the Tiger (Disc 4)
SLES-30104;Wing Commander III: Heart of the Tiger (Disc 4)
SLES-30105;Wing Commander III: Heart of the Tiger (Disc 4)
SLPS-00480;Wing Commander III: Heart of the Tiger (Disc 4)
SLUS-00136;Wing Commander III: Heart of the Tiger (Disc 4)
SLES-00659;Wing Commander IV: The Price of Freedom (Disc 1)
SLES-00660;Wing Commander IV: The Price of Freedom (Disc 1)
SLES-00661;Wing Commander IV: The Price of Freedom (Disc 1)
SLUS-00270;Wing Commander IV: The Price of Freedom (Disc 1)
SLES-10659;Wing Commander IV: The Price of Freedom (Disc 2)
SLES-10660;Wing Commander IV: The Price of Freedom (Disc 2)
SLES-10661;Wing Commander IV: The Price of Freedom (Disc 2)
SLUS-00271;Wing Commander IV: The Price of Freedom (Disc 2)
SLES-20659;Wing Commander IV: The Price of Freedom (Disc 3)
SLES-20660;Wing Commander IV: The Price of Freedom (Disc 3)
SLES-20661;Wing Commander IV: The Price of Freedom (Disc 3)
SLUS-00272;Wing Commander IV: The Price of Freedom (Disc 3)
SLES-30659;Wing Commander IV: The Price of Freedom (Disc 4)
SLES-30660;Wing Commander IV: The Price of Freedom (Disc 4)
SLES-30661;Wing Commander IV: The Price of Freedom (Disc 4)
SLUS-00273;Wing Commander IV: The Price of Freedom (Disc 4)
SLES-00540;Wing Over
SLPS-00598;Wing Over
SLES-01375;Wing Over 2
SLES-04070;Winky the Little Bear
SLPM-86548;Winning Lure
SLPS-00293;Winning Post 2
SLPS-01020;Winning Post 2: Final '97
SLPS-00509;Winning Post 2: Program '96
SLPS-91082;Winning Post 2: Program '96
SLPS-01263;Winning Post 3
SLPM-86742;Winning Post 3 [Koei Teiban Series]
SLPM-86208;Winning Post 3 [Playstation the Best]
SLPM-86128;Winning Post 3: Program '98
SLPM-86214;Winning Post 3: Program '98
SLPM-86283;Winning Post 3: Program '98 [Koei Summer Campaign]
SLPM-86302;Winning Post 4
SLPM-86995;Winning Post 4 [Koei the Best]
SLPM-86445;Winning Post 4: Program 2000
SLPS-00189;Winning Post EX
SCED-02306;Winter Releases
SCED-01441;Winter Releases '98 (Rev 1)
SCED-00986;Winter Releases: '97 Demo 01
SCED-02197;Wip3out (Demo)
SCES-00010;WipEout
SCUS-94301;WipEout
SIPS-60003;WipEout
SLES-00327;WipEout 2097
SLED-00498;WipEout 2097 (Demo)
SCPS-10098;WipEout 3
SLUS-00865;WipEout 3
SLUS-90063;WipEout 3 (Demo)
SCES-02845;WipEout 3: Special Edition
SCPS-45078;Wipeout XL
SCUS-94351;Wipeout XL
SIPS-60010;Wipeout XL
SLPS-00194;Wizard's Harmony
SLPS-01877;Wizard's Harmony [Reprint]
SCPS-45135;Wizard's Harmony 2
SLPS-00984;Wizard's Harmony 2
SLPS-01716;Wizard's Harmony R
SLPM-87139;Wizardry Empire II: Oujo no Isan
SLPM-87297;Wizardry Empire II: Oujo no Isan
SLPM-86689;Wizardry Empire: Inishie no Oujo
SLPM-86909;Wizardry Empire: Inishie no Oujo
SCPS-10010;Wizardry VII: Guardia no Houju
SLPS-02691;Wizardry: Dimguil
SLPS-01279;Wizardry: Llylgamyn Saga
SLPS-91118;Wizardry: Llylgamyn Saga [PlayStation the Best]
SLPS-02349;Wizardry: New Age of Llylgamyn
SLES-03869;WM Nationalspieler
SLPS-00254;Wolf Fang: Kuuga 2001
SLPS-03073;Wolf Fang: Kuuga 2001 [Maruan Series 7]
SLPS-00197;Wolkenkratzer: Shinpan no Tou
SCPS-10072;Wonder Trek
SLPM-86730;Woody Woodpecker no Go! Go! Racing
SLES-02972;Woody Woodpecker Racing
SLUS-01188;Woody Woodpecker Racing
SLES-02196;World Championship Snooker
SLES-01265;World Cup 98
SLUS-00644;World Cup 98
SLES-01268;World Cup 98: Coppa del Mondo
SLPS-00256;World Cup Golf: In Hyatt Dorado Beach
SLES-00088;World Cup Golf: Professional Edition
SLES-00137;World Cup Golf: Professional Edition
SLES-00138;World Cup Golf: Professional Edition
SLUS-00063;World Cup Golf: Professional Edition
SLES-03232;World Destruction League: Thunder Tanks
SLUS-01175;World Destruction League: Thunder Tanks
SLES-03359;World Destruction League: WarJetz
SLUS-01247;World Destruction League: WarJetz
SLPM-87058;World Greatest Hits Series Vol. 1: Pro Pinball: Big Race USA
SLPM-87045;World Greatest Hits Series Vol. 2: Pipe Dreams 3D
SLPM-87061;World Greatest Hits Series Vol. 3: Speedball 2100
SLPM-87084;World Greatest Hits Series Vol. 4: Tom Clancy's Rainbow Six
SLPM-87078;World Greatest Hits Series Vol. 5: Tyco R/C: Assault with a Battery
SLES-00626;World League Basketball
SLPS-01389;World League Soccer
SLPS-02687;World League Soccer
SLES-00717;World League Soccer '98
SLES-01166;World League Soccer '98
SLES-01167;World League Soccer '98
SLED-01367;World League Soccer '98 (Demo)
SLPS-02639;World Never Island
SLPS-01884;World Neverland 2: Pluto Kyouwakoku Monogatari
SLPS-91176;World Neverland 2: The Waktic Republic of Pluto [PlayStation the Best]
SLPS-01037;World Neverland: Olerud Oukoku Monogatari
SLPS-91086;World Neverland: Olerud Oukoku Monogatari
SLUS-01181;World of Dragon Warrior: Torneko: The Last Hope
SLPS-01379;World Pro Tennis '98
SLPM-80575;World Soccer Jikkyou Winning Eleven 2000: U-23 Medal e no Chousen
SLPM-86600;World Soccer Jikkyou Winning Eleven 2000: U-23 Medal e no Chousen
SLPM-86162;World Soccer Jikkyou Winning Eleven 3: Final Ver.
SLPM-80240;World Soccer Jikkyou Winning Eleven 3: World Cup France '98
SLPM-86086;World Soccer Jikkyou Winning Eleven 3: World Cup France '98
SLPM-86291;World Soccer Jikkyou Winning Eleven 4
SLPS-00272;World Soccer Winning Eleven
SLPM-86035;World Soccer Winning Eleven '97
SLPM-87056;World Soccer Winning Eleven 2002
SLPS-01335;World Stadium 2
SLPS-01970;World Stadium 3
SLPS-02660;World Stadium 4
SLPS-03180;World Stadium 5
SLPS-00075;World Stadium EX
SLES-04039;World Tennis Stars
SLPM-86892;World Tour Conductor (Cyclones Best)
SLPS-02231;World Tour Conductor: Sekai Yume Kikou
SLES-03425;World's Scariest Police Chases
SLUS-01165;World's Scariest Police Chases
SLES-00119;Worms
SLPS-00547;Worms
SLUS-00336;Worms
SLES-02217;Worms Armageddon
SLES-02331;Worms Armageddon
SLES-02332;Worms Armageddon
SLUS-00888;Worms Armageddon
SLES-00483;Worms Pinball
SLES-03609;Worms World Party
SLES-03804;Worms World Party
SLUS-01448;Worms World Party
SCES-03907;WRC: FIA World Rally Championship Arcade
SLES-00489;Wreckin Crew: Drive Dangerously
SLUS-00587;Wreckin Crew: Drive Dangerously
LSP-170110;Write Away 1
LSP-990119;Write Away 10
LSP-170111;Write Away 2
LSP-990114;Write Away 5
LSP-990115;Write Away 6
LSP-990116;Write Away 7
LSP-990117;Write Away 8
LSP-990118;Write Away 9
SLPS-02852;WTC: World Touring Car Championship
SLPS-91488;WTC: World Touring Championship [PSOne Books]
SLPS-03303;WTC: World Touring Championship [Spike Library #009]
SLPM-86487;Wu-Tang Shaolin Style
SLES-02171;Wu-Tang: Shaolin Style
SLES-02172;Wu-Tang: Shaolin Style
SLPM-86944;Wu-Tang: Shaolin Style
SLUS-00929;Wu-Tang: Shaolin Style
SLED-02276;Wu-Tang: Taste the Pain
SLES-02170;Wu-Tang: Taste the Pain
SLES-02173;Wu-Tang: Taste the Pain
SLES-02255;WWF Attitude
SLUS-00831;WWF Attitude
SLES-00286;WWF In Your House
SLPS-00695;WWF In Your House
SLUS-00246;WWF In Your House
SLED-02741;WWF SmackDown!
SLES-02619;WWF SmackDown!
SLUS-00927;WWF SmackDown!
SLES-03251;WWF SmackDown! 2: Know Your Role
SLUS-01234;WWF SmackDown! 2: Know Your Role
SLES-00804;WWF War Zone
SLUS-00495;WWF War Zone
SLES-00103;WWF WrestleMania: The Arcade Game
SLPS-00223;WWF WrestleMania: The Arcade Game
SLUS-00013;WWF WrestleMania: The Arcade Game
SCES-01556;X Games Pro Boarder
SLPM-80393;X Games Pro Boarder
SLPS-01944;X Games Pro Boarder
SLUS-00704;X Games Pro Boarder
SLUS-90021;X-360: Surrounding Your World with Sound (Demo)
SLES-03815;X-Bladez: Inline Skater
SLUS-01444;X-Bladez: Inline Skater
SLES-00054;X-COM: Enemy Unknown
SLPS-00257;X-COM: Michinaru Shinryakusha
SLES-00077;X-COM: Terror from the Deep
SLUS-00141;X-COM: UFO Defense
SCES-01565;X-Files, The (Disc 1)
SCES-01566;X-Files, The (Disc 1)
SCES-01567;X-Files, The (Disc 1)
SCES-01568;X-Files, The (Disc 1)
SCES-01569;X-Files, The (Disc 1)
SLUS-00915;X-Files, The (Disc 1)
SCES-11565;X-Files, The (Disc 2)
SCES-11566;X-Files, The (Disc 2)
SCES-11567;X-Files, The (Disc 2)
SCES-11568;X-Files, The (Disc 2)
SCES-11569;X-Files, The (Disc 2)
SLUS-00949;X-Files, The (Disc 2)
SCES-21565;X-Files, The (Disc 3)
SCES-21566;X-Files, The (Disc 3)
SCES-21567;X-Files, The (Disc 3)
SCES-21568;X-Files, The (Disc 3)
SCES-21569;X-Files, The (Disc 3)
SLUS-00950;X-Files, The (Disc 3)
SCES-31565;X-Files, The (Disc 4)
SCES-31566;X-Files, The (Disc 4)
SCES-31567;X-Files, The (Disc 4)
SCES-31568;X-Files, The (Disc 4)
SCES-31569;X-Files, The (Disc 4)
SLUS-00951;X-Files, The (Disc 4)
SLES-01247;X-Men vs. Street Fighter
SLUS-00627;X-Men vs. Street Fighter
SLPS-01284;X-Men vs. Street Fighter: EX Edition
SLES-00198;X-Men: Children of the Atom
SLUS-00044;X-Men: Children of the Atom
SLES-02865;X-Men: Mutant Academy
SLES-02866;X-Men: Mutant Academy
SLPM-86765;X-Men: Mutant Academy
SLPM-87081;X-Men: Mutant Academy
SLUS-00774;X-Men: Mutant Academy
SLUS-81223;X-Men: Mutant Academy (Demo)
SLPM-80609;X-Men: Mutant Academy & Spider-Man
SLES-03630;X-Men: Mutant Academy 2
SLPM-87077;X-Men: Mutant Academy 2
SLUS-01382;X-Men: Mutant Academy 2
SLPS-01063;X.Racing
SLES-03433;X'treme Roller
SLES-00455;X2: No Relief
SLPS-00766;X2: No Relief
SLES-02265;Xena: Warrior Princess
SLES-02266;Xena: Warrior Princess
SLES-02267;Xena: Warrior Princess
SLES-02268;Xena: Warrior Princess
SLUS-00977;Xena: Warrior Princess
SLES-00811;Xenocracy: The Ultimate Solar War
SLES-00812;Xenocracy: The Ultimate Solar War
SLES-00813;Xenocracy: The Ultimate Solar War
SLES-00814;Xenocracy: The Ultimate Solar War
SLES-00815;Xenocracy: The Ultimate Solar War
SCPS-45170;Xenogears (Disc 1)
SLPS-01160;Xenogears (Disc 1)
SLPS-02775;Xenogears (Disc 1)
SLPS-91436;Xenogears (Disc 1)
SLUS-00664;Xenogears (Disc 1)
SCPS-45171;Xenogears (Disc 2)
SLPS-01161;Xenogears (Disc 2)
SLPS-02776;Xenogears (Disc 2)
SLUS-00669;Xenogears (Disc 2)
SLPS-02773;Xenogears (Elhaym Van Houten Version) [Square Millennium Collection] (Disc 1)
SLPS-02774;Xenogears (Elhaym Van Houten Version) [Square Millennium Collection] (Disc 2)
SLPS-91437;Xenogears [PSOne Books] (Disc 2)
SCES-00736;Xevious 3D-G+
SLUS-00461;Xevious 3D-G+
SLPS-00750;Xevious 3D/G+
SCPS-45268;XI [Sai]
SCPS-45465;XI [Sai] Jumbo
PAPX-90032;XI [sÐÐi]
PAPX-90037;XI [sÐÐi]
PAPX-90039;XI [sÐÐi]
SCPS-10051;XI [sÐÐi]
SCPS-91166;XI [sÐÐi]
SCPS-91303;XI [sÐÐi]
SCPS-10123;XI [sÐÐi] Jumbo
SCPS-91231;XI [sÐÐi] Jumbo
SLPM-80350;XI [sÐÐi] Super Play Collection: XI wa Futatabi Nagerareta: Special CD-ROM
SLES-04101;XS Airboat Racing
SLUS-01566;XS Airboat Racing
SLUS-01560;XS Junior League Dodgeball
SLUS-01554;XS Junior League Football
SLES-04120;XS Junior League Soccer
SLUS-01520;XS Junior League Soccer
SLES-04095;XS Moto
SLUS-01506;XS Moto
SLPS-02064;Yagami Hiroki no Game-Taste: Munasawagi no Yokan
SLPM-80613;Yakiniku Action Game: Yakiniku Bugyou
SLPS-03209;Yakiniku Action Game: Yakiniku Bugyou
SLPS-03519;Yakiniku Bugyou (Best of the Best)
SLPM-80634;Yakitori Musume: Sugoude Hanjouki
SLPS-03435;Yakitori Musume: Sugoude Hanjouki
SLPS-00689;Yaku Tsuu: Noroi no Game
SLPS-00152;Yaku: Yuujou Dangi
SLPS-02393;Yamagata Digital Museum (Disc 1) (Spring)
SLPS-02394;Yamagata Digital Museum (Disc 2) (Summer)
SLPS-02395;Yamagata Digital Museum (Disc 3) (Autumn)
SLPS-02396;Yamagata Digital Museum (Disc 4) (Winter)
SLPS-03120;Yamasa Digi Guide: Faust
SLPS-02989;Yamasa Digi Guide: Hyper Rush
SLPS-03038;Yamasa Digi Guide: M771
SLPS-02980;Yamasa Digi Guide: New Pulsar R
SLPS-03096;Yamasa Digi Guide: Umekagetsu R
SLPS-03428;Yamasa Digi Selection
SLPS-03429;Yamasa Digi Selection
SLPS-03484;Yamasa Digi Selection 2
SLPM-80616;Yamasa Digi World: Tetra Master
SLPS-03212;Yamasa Digi World: Tetra Master
SLPS-01878;Yamifuku Natsu: Teito Monogatari Futatabi
SLPS-00054;Yaoi Jun'ichi Gokuhi Project: UFO o Oe!!
PAPX-90058;Yarudora
PAPX-90033;Yarudora Series Vol. 1: Double Cast
PAPX-90035;Yarudora Series Vol. 1: Double Cast
SCPS-10053;Yarudora Series Vol. 1: Double Cast (Disc 1)
SCPS-10054;Yarudora Series Vol. 1: Double Cast (Disc 2)
PAPX-90036;Yarudora Series Vol. 2: Kisetsu o Dakishimete
SCPS-10056;Yarudora Series Vol. 2: Kisetsu o Dakishimete (Disc 1)
SCPS-10057;Yarudora Series Vol. 2: Kisetsu o Dakishimete (Disc 2)
PAPX-90042;Yarudora Series Vol. 3: Sampaguita
SCPS-10067;Yarudora Series Vol. 3: Sampaguita (Disc 1)
SCPS-91242;Yarudora Series Vol. 3: Sampaguita (Disc 1)
SCPS-10068;Yarudora Series Vol. 3: Sampaguita (Disc 2)
SCPS-91243;Yarudora Series Vol. 3: Sampaguita (Disc 2)
SCPS-10069;Yarudora Series Vol. 4: Yukiwari no Hana (Disc 1)
SCPS-10070;Yarudora Series Vol. 4: Yukiwari no Hana (Disc 2)
SCPS-91238;Yarudora Series vol.1: Double Cast [PlayStation the Best] (Disc 1)
SCPS-91239;Yarudora Series vol.1: Double Cast [PlayStation the Best] (Disc 2)
SCPS-91240;Yarudora Series vol.2: Kisetsu O Dakishimete [PlayStation the Best] (Disc 1)
SCPS-91241;Yarudora Series vol.2: Kisetsu O Dakishimete [PlayStation the Best] (Disc 2)
SCPS-91244;Yarudora Series vol.4: Yukiwari no hana [PlayStation the Best] (Disc 1)
SCPS-91245;Yarudora Series vol.4: Yukiwari no hana [PlayStation the Best] (Disc 2)
PCPX-96128;Yarudora: Yukiwari no Hana & Sampaguita
SLES-02272;Yeh Yeh Tennis
SLPS-00443;Yellow Brick Road
SLES-04164;Yetisports Deluxe
SLES-04170;Yetisports World Tour
PAPX-90022;Yoi Ko to Yoi Otona no. PlayStation Taikenban Vol. 1
PAPX-90023;Yoi Ko to Yoi Otona no. PlayStation Taikenban Vol. 2
SLPS-01758;Yoshimoto Mahjong Club Deluxe
SLPS-02308;Yoshimoto Muchicco Dai-kessen: Minami no Umi no Gorongo-tou
SLPM-86076;Yoshimura Shougi
SLES-03499;You Don't Know Jack
SLUS-90061;You Don't Know Jack (Demo)
SLUS-00716;You Don't Know Jack (Disc 1)
SLUS-00762;You Don't Know Jack (Disc 2)
SLUS-01194;You Don't Know Jack: Mock 2
SLPS-03098;Youchien Gaiden: Karei naru Casino Club: Double Draw
SLPM-86857;Youkai Hana Asobi
SLES-01784;YoYo's Puzzle Park
SLES-03947;Yu-Gi-Oh! Forbidden Memories
SLES-03948;Yu-Gi-Oh! Forbidden Memories
SLES-03949;Yu-Gi-Oh! Forbidden Memories
SLES-03950;Yu-Gi-Oh! Forbidden Memories
SLES-03951;Yu-Gi-Oh! Forbidden Memories
SLUS-01411;Yu-Gi-Oh! Forbidden Memories
SLPM-86096;Yu-Gi-Oh! Monster Capsule Breed & Battle
SLPM-86221;Yu-Gi-Oh! Monster Capsule Breed & Battle
SLPM-87065;Yu-Gi-Oh! Monster Capsule Breed & Battle [PSOne Books]
SLPM-86396;Yu-Gi-Oh! Shin Duel Monsters: Fuuin Sareshi Kioku
SLPM-86398;Yu-Gi-Oh! Shin Duel Monsters: Fuuin Sareshi Kioku
SLPM-86573;Yu-Gi-Oh! Shin Duel Monsters: Fuuin Sareshi Kioku
SLPM-87066;Yu-Gi-Oh! Shin Duel Monsters: Fuuin Sareshi Kioku
SLPM-87013;Yukinko Burning
SLPS-01401;Yume Iroiro
SLPS-02954;Yume no Tsubasa
SLES-00713;Yusha: Heaven's Gate
SLPS-03177;Yutona Eiyuu Senki: TearRingSaga
SLPM-80610;Yutona Eiyuu Senki: TearRingSaga: Prelude
SLPS-02722;Yuugen Gaisha Chikyuu Boueitai
SLPS-02024;Yuugen Kaisha Chikyuu Boueitai: Guard of Earth Organization
SLPS-00955;Yuukyuu Gensoukyoku
SLPS-00956;Yuukyuu Gensoukyoku
SLPS-02325;Yuukyuu Gensoukyoku
SLPS-01258;Yuukyuu Gensoukyoku 2nd Album
SLPS-02326;Yuukyuu Gensoukyoku 2nd Album
SLPS-02517;Yuukyuu Gensoukyoku 3: Perpetual Blue
SLPS-02329;Yuukyuu Gensoukyoku 3: Perpetual Blue: Visual Collection
SLPS-01742;Yuukyuu Gensoukyoku Ensemble
SLPS-02327;Yuukyuu Gensoukyoku Ensemble
SLPS-01875;Yuukyuu Gensoukyoku Ensemble 2
SLPS-02328;Yuukyuu Gensoukyoku Ensemble 2
SLPS-02911;Yuukyuu Kumikyoku: All Star Project
SLPS-01928;Yuukyuu no Eden: The Eternal Eden
SLPS-02987;Yuukyuu no Eden: The Eternal Eden
SLPS-01980;Yuusha-ou GaoGaiGar: Blockaded Numbers
SLPS-01460;Yuuwaku Office Ren'aika
SLPS-02209;Yuuwaku Office Ren'aika
SLPM-80444;Yuuyami Doori Tankentai
SLPS-02274;Yuuyami Doori Tankentai
SCES-00600;Z
SCES-00601;Z
SCES-00602;Z
SCES-00603;Z
SCES-00604;Z
SLPM-80626;Zanac x Zanac
SLPS-03354;Zanac x Zanac
SLPS-03034;Zap! Snowboarding Trix
SLPS-00909;Zap! Snowboarding Trix '98
SLPS-00575;ZÐÂ«iramzone
SLPS-00034;Zeitgeist
SLPS-00219;Zen Nihon GT Senshuken Kai
SLPS-00715;Zen Nihon GT Senshuken Max Rev. (Disc 1)
SLPS-00716;Zen Nihon GT Senshuken Max Rev. (Disc 2)
SLPS-01475;Zen Nihon Joshi Pro Wrestling: Joou Densetsu: Yume no Taikousen
SLPS-01849;Zen Nihon Pro Wres: Ouja no Tamashii
SLPS-02934;Zen Nihon Pro Wres: Ouja no Tamashii
SLPS-91428;Zen Nihon Pro Wres: Ouja no Tamashii
SLPS-01657;Zen Super Robot Taisen Denshi Daihyakka (Disc 1)
SLPS-01658;Zen Super Robot Taisen Denshi Daihyakka (Disc 2)
SLPS-01811;Zen'yasai: Kouyasai Special Preview Disc
SLPS-03167;Zera-chan Puzzle: Pitatto Pair
SLES-00159;Zero Divide
SLPM-80008;Zero Divide
SLPS-00083;Zero Divide
SLUS-00183;Zero Divide
SCPS-45079;Zero Divide 2
PCPX-96081;Zero Divide 2: The Secret Wish
SCES-01094;Zero Divide 2: The Secret Wish
SCES-01287;Zero Divide 2: The Secret Wish
SCES-01288;Zero Divide 2: The Secret Wish
SCES-01289;Zero Divide 2: The Secret Wish
SCES-01290;Zero Divide 2: The Secret Wish
SLPS-00891;Zero Divide 2: The Secret Wish (Beta)
SCPS-10049;Zero Pilot: Gin'yoku no Senshi
SCPS-91127;Zero Pilot: Gin'yoku no Senshi
SLPS-00755;Zero4 Champ DooZy-J
SLPS-02318;Zeus II: Carnage Heart
SLPM-80335;Zeus: Carnage Heart Second
SLPS-01666;Zeus: Carnage Heart Second
SLPS-01483;ZigZagBall
SLPM-86311;Zill O'll
SLPM-86703;Zill O'll
SLPM-80488;Zipangu-jima: Unmei wa Saikoro ga Kimeru!?
SLPM-86643;Zipangu-jima: Unmei wa Saikoro ga Kimeru!?
SLPS-02244;Zipangu-jima: Unmei wa Saikoro ga Kimeru!?
SLPS-02260;Zipangu-jima: Unmei wa Saikoro ga Kimeru!?
SLPM-80466;Zipangu: Unmei wa Saikoro ga Kimeru!?
SLUS-01401;Zoboomafoo: Leapin' Lemurs!
SLPS-03389;Zoids 2: Heric Kyouwakoku vs. Guylos Teikoku
SLPS-03255;Zoids: Battle Card Game: Seihou Tairiku Senki
SLPS-02982;Zoids: Teikoku vs Kyouwakoku: Meka Seitai no Idenshi
SLPS-00488;Zoku Gussun Oyoyo
SLPS-01326;Zoku Hatsukoi Monogatari: Shuugaku Ryokou (Disc 1)
SLPS-01327;Zoku Hatsukoi Monogatari: Shuugaku Ryokou (Disc 2)
SLPS-01328;Zoku Hatsukoi Monogatari: Shuugaku Ryokou (Disc 3)
SLPS-01329;Zoku Hatsukoi Monogatari: Shuugaku Ryokou (Disc 4)
SLPS-02266;Zoku Mikagura Shoujo Tanteidan: Kanketsu-hen (Disc 1)
SLPS-02267;Zoku Mikagura Shoujo Tanteidan: Kanketsu-hen (Disc 2)
SLPS-02268;Zoku Mikagura Shoujo Tanteidan: Kanketsu-hen (Disc 3)
SLPS-02269;Zoku Mikagura Shoujo Tanteidan: Kanketsu-hen (Disc 4)
SLPS-02927;Zoku Mikagura Shoujo Tanteidan: Kanketsuhen [Rerelease] (Disc 1)
SLPS-02928;Zoku Mikagura Shoujo Tanteidan: Kanketsuhen [Rerelease] (Disc 2)
SLPS-02929;Zoku Mikagura Shoujo Tanteidan: Kanketsuhen [Rerelease] (Disc 3)
SLPS-02930;Zoku Mikagura Shoujo Tanteidan: Kanketsuhen [Rerelease] (Disc 4)
SLPS-00534;Zoop
SLUS-00078;Zoop: America's Largest Killer of Time!
SLPS-00271;Zork I: The Great Underground Empire
SLPM-86523;Zutto Issho: With Me Everytime...
SLPS-01238;Zutto Issho: With Me Everytime...
SLPS-00424;ZXE-D: Legend of Plasmatlite
